shipment_id,date,origin_city,destination_city,carrier,product_category,shipment_volume_kg,distance_km,transport_cost_usd,delivery_time_hours,scheduled_delivery_hours,delay_hours,on_time_delivery,customer_satisfaction,warehouse_id
SHP000001,2026-06-13,Delhi,Mumbai,EcoTrans,FMCG,446.13142558039306,1490.7884894416698,296.7209919044599,33.01097746455566,34.19289152757627,-1.1819140630206135,1,5.0,W004
SHP000002,2026-02-05,Delhi,Pune,FastShip,Textiles,325.28417473636193,1445.3378978124865,301.90537571184944,35.48930116341158,40.20851855262332,-4.719217389211735,1,5.0,W007
SHP000003,2026-01-09,Mumbai,Delhi,GlobalLine,FMCG,250.76957191776796,678.0602616231216,180.51900450514705,14.733165942456202,16.67463426979234,-1.9414683273361373,1,5.0,W009
SHP000004,2026-06-04,Mumbai,Hyderabad,GlobalLine,Textiles,91.60662028039573,365.0383352388795,71.88828159031284,12.06987426974509,8.833260079481207,3.236614190263884,0,4.563450430730344,W007
SHP000005,2026-02-26,Ahmedabad,Kolkata,EcoTrans,Electronics,103.87642949629054,1225.5876808378807,115.92306923543066,20.235379704657202,31.430525894714645,-11.195146190057443,1,4.699873074947044,W003
SHP000006,2026-06-28,Pune,Bangalore,EcoTrans,FMCG,584.6708186087257,285.57701661212934,277.77570033030105,7.013134397299149,7.03687898156611,-0.0237445842669608,1,4.47114453552205,W004
SHP000007,2026-03-28,Delhi,Mumbai,PrimeLogistics,Electronics,151.51889982453605,692.2510445698808,144.8324632313624,12.159008819543722,17.50028755225224,-5.341278732708517,1,5.0,W006
SHP000008,2026-03-30,Kolkata,Ahmedabad,FastShip,Pharmaceuticals,52.003795393141544,1851.561046543922,191.75506342859794,41.670925553004544,42.911588427039085,-1.2406628740345411,1,4.849448152205356,W009
SHP000009,2026-02-01,Pune,Mumbai,EcoTrans,Textiles,93.70771719226758,1674.6012673886657,149.29530147022743,32.525981858209114,39.66394759840485,-7.137965740195739,1,4.434723847659217,W006
SHP000010,2026-05-28,Chennai,Pune,FastShip,Electronics,107.40989969394616,1624.1742634326754,201.61569760079655,37.674642462542614,45.34909197558571,-7.674449513043093,1,5.0,W004
SHP000011,2026-03-16,Delhi,Ahmedabad,GlobalLine,Electronics,168.16366030346157,1565.413658703297,191.4831606762006,46.60797355304641,37.80598337731393,8.801990175732485,0,3.3657243376530097,W007
SHP000012,2026-03-13,Ahmedabad,Hyderabad,EcoTrans,FMCG,640.5795275774353,220.7608655434449,276.3986685921848,6.361516125693689,5.287465551741293,1.0740505739523964,1,5.0,W006
SHP000013,2026-04-01,Chennai,Pune,EcoTrans,Electronics,96.8761008908899,327.22906728277326,66.12888349561399,10.873609359687785,8.692745371390531,2.1808639882972543,0,5.0,W010
SHP000014,2026-06-12,Bangalore,Hyderabad,GlobalLine,FMCG,405.65126779978823,1038.2116330923423,287.1823484599096,26.05893474065013,25.503924281335486,0.5550104593146443,1,4.794995278835602,W008
SHP000015,2026-04-08,Kolkata,Pune,GlobalLine,Automotive,1164.404197969254,1824.3763004595767,691.6415198894273,22.45291291617805,44.62843588350787,-22.17552296732982,1,4.60537083565104,W001
SHP000016,2026-02-28,Mumbai,Ahmedabad,EcoTrans,Pharmaceuticals,49.209997406569755,246.2618286747067,36.07645895196956,6.95034925558295,5.655976124966315,1.2943731306166342,1,5.0,W005
SHP000017,2026-01-17,Chennai,Hyderabad,EcoTrans,FMCG,240.9836215321726,1795.8620971309579,226.30341688922653,54.395335630696074,48.209273159045146,6.186062471650928,0,4.226749479612619,W008
SHP000018,2026-04-12,Ahmedabad,Delhi,EcoTrans,FMCG,495.94269940510947,309.09865660258583,219.18173714403122,8.154338203658279,7.59228110739015,0.5620570962681288,1,5.0,W004
SHP000019,2026-05-24,Kolkata,Pune,PrimeLogistics,Textiles,196.76266770471045,893.0809059826801,176.4279463563281,19.10012902116322,20.290076756744835,-1.1899477355816153,1,5.0,W007
SHP000020,2026-04-03,Chennai,Delhi,PrimeLogistics,Electronics,92.4259199508888,714.0855708394349,114.10098643060901,19.92743983112432,18.721976725909215,1.205463105215106,1,4.842230731595405,W001
SHP000021,2026-01-29,Bangalore,Pune,GlobalLine,Pharmaceuticals,16.96417559418961,641.1969393171885,54.241063077340186,16.342389536176405,16.451437376567128,-0.10904784039072268,1,4.670408848781761,W010
SHP000022,2026-01-17,Pune,Chennai,PrimeLogistics,Textiles,196.64699029826616,629.4282820495617,176.899545909188,14.624126121211384,14.752144380812702,-0.1280182596013173,1,4.415660981190234,W005
SHP000023,2026-05-22,Mumbai,Pune,FastShip,Textiles,347.5306800208001,551.5113335855594,273.39754490885093,15.85989574910659,13.350268734859927,2.5096270142466626,0,5.0,W005
SHP000024,2026-06-14,Hyderabad,Mumbai,EcoTrans,Pharmaceuticals,63.7865651165061,1117.9718997420412,94.68058312678353,22.720284654412236,30.198450101443914,-7.478165447031678,1,4.716851135198614,W003
SHP000025,2026-04-27,Mumbai,Pune,EcoTrans,Textiles,206.28675682049595,1387.3722875003366,164.4157092012336,30.40662591900958,34.78497263124171,-4.378346712232126,1,5.0,W003
SHP000026,2026-05-10,Delhi,Ahmedabad,EcoTrans,Textiles,106.48506848933437,431.29621510948374,77.43248811873653,8.435356660451662,10.489301679059507,-2.0539450186078447,1,4.838969241897162,W010
SHP000027,2026-02-20,Bangalore,Chennai,GlobalLine,Textiles,294.7714028537158,1652.7221803823102,282.69034361611506,28.807373566983184,41.61207952061857,-12.804705953635388,1,4.837754521085554,W009
SHP000028,2026-01-01,Hyderabad,Chennai,FastShip,Electronics,90.6045609946709,1804.7099401113207,245.84311332240839,32.16120685943244,46.559005640689236,-14.397798781256796,1,4.339771693457862,W006
SHP000029,2026-03-20,Chennai,Mumbai,GlobalLine,Textiles,254.78303108642683,1785.464206103723,285.3547303302491,49.58522616665302,46.15815967464789,3.4270664920051317,0,4.770437485548924,W002
SHP000030,2026-01-22,Ahmedabad,Pune,FastShip,Textiles,299.8079964620791,117.47439807159633,175.92561360031434,4.475737850996791,3.052103583247568,1.423634267749223,1,5.0,W003
SHP000031,2026-02-02,Ahmedabad,Kolkata,GlobalLine,Automotive,474.2904157405821,1453.1405205603182,334.82540159801897,40.519234487392886,34.80620037296698,5.713034114425909,0,4.813685268522806,W009
SHP000032,2026-06-05,Pune,Delhi,GlobalLine,Automotive,2653.4207596298215,1713.5244799389382,1509.9348470404989,40.86932843030662,43.540402782508075,-2.671074352201451,1,4.623131917821255,W007
SHP000033,2026-06-21,Hyderabad,Chennai,PrimeLogistics,Electronics,64.37212498898656,1948.7200540296467,202.46858767268836,42.43086850828883,53.30193525586245,-10.871066747573622,1,5.0,W004
SHP000034,2026-02-27,Delhi,Chennai,FastShip,Textiles,256.8318379085944,1055.010476899865,259.30805300795754,30.44602505351035,26.327898454021796,4.118126599488555,0,4.159608561843003,W009
SHP000035,2026-02-28,Chennai,Mumbai,FastShip,Electronics,58.791169402895946,1886.8713102705372,236.06167878186986,58.12484404891038,51.8685570501225,6.2562869987878855,0,4.312305105680382,W004
SHP000036,2026-01-18,Mumbai,Ahmedabad,EcoTrans,Electronics,145.41741360993728,1936.6441561829722,211.43575903454033,41.40004245220675,52.51802609862347,-11.117983646416725,1,4.242576387657068,W009
SHP000037,2026-03-02,Kolkata,Pune,PrimeLogistics,FMCG,253.32572765670272,422.03621870357574,178.47306232739908,14.150749804228255,11.65534413752736,2.4954056667008953,0,5.0,W009
SHP000038,2026-02-03,Ahmedabad,Delhi,PrimeLogistics,Pharmaceuticals,73.97944449995877,284.6353381644602,67.24864114255182,8.068533936413589,7.952803314170842,0.11573062224274722,1,4.416941788860414,W004
SHP000039,2026-01-25,Delhi,Pune,PrimeLogistics,Automotive,1402.7409539282676,1424.329907891009,933.1680682447945,39.23125502860264,34.407461963429,4.823793065173639,0,4.970181673460916,W007
SHP000040,2026-04-16,Ahmedabad,Pune,FastShip,Electronics,74.25356026214921,1639.2154498904433,216.74043435436002,50.84477377581367,45.04472803689207,5.800045738921604,0,5.0,W001
SHP000041,2026-04-14,Hyderabad,Ahmedabad,FastShip,FMCG,466.4353378425344,1433.7370667896364,442.19864671499823,50.3265113340709,39.19841735859975,11.128093975471153,0,3.3109079166228774,W004
SHP000042,2026-02-18,Ahmedabad,Delhi,PrimeLogistics,FMCG,134.57532198758778,278.56568569765113,100.07279914063861,9.769595798424874,6.188518790222659,3.5810770082022145,0,3.708259702883904,W005
SHP000043,2026-04-29,Chennai,Ahmedabad,FastShip,Pharmaceuticals,48.09202508985554,157.9504748841939,39.945416533823746,2.5391699146050786,4.254491342629449,-1.7153214280243705,1,4.553439863185388,W009
SHP000044,2026-01-26,Mumbai,Pune,FastShip,Electronics,84.94714917840261,1092.2621941041284,164.23983407037886,20.79827449726803,25.44416716445588,-4.6458926671878515,1,5.0,W004
SHP000045,2026-02-12,Pune,Chennai,PrimeLogistics,FMCG,340.3342411532152,1127.2067310592024,294.24940571998457,24.869634296308114,29.70927831571808,-4.839644019409967,1,5.0,W007
SHP000046,2026-01-16,Bangalore,Kolkata,FastShip,Pharmaceuticals,43.61677811204876,713.6172985883674,100.26681554070382,13.51888683605246,16.85920404604157,-3.3403172099891094,1,4.94263177926655,W005
SHP000047,2026-04-27,Kolkata,Chennai,PrimeLogistics,FMCG,448.35147192841066,877.0105943871127,302.614726464715,24.471603815109027,20.11741473917927,4.354189075929757,0,4.723464608625584,W004
SHP000048,2026-03-17,Chennai,Mumbai,FastShip,Automotive,353.24898863510697,1457.7322531301184,363.1661145902986,52.831945217204016,34.518521590797626,18.31342362640639,0,3.6848902676349344,W001
SHP000049,2026-01-13,Ahmedabad,Kolkata,GlobalLine,Electronics,46.98145406413454,776.348089437397,90.01282607014481,15.070949519913132,17.146704112011033,-2.0757545920979013,1,4.881304019396666,W009
SHP000050,2026-01-21,Bangalore,Mumbai,FastShip,FMCG,1018.1968026627399,285.8849052369028,637.2926094233304,6.653207844455104,7.101618509143565,-0.4484106646884607,1,4.376108409017576,W007
SHP000051,2026-01-31,Chennai,Hyderabad,FastShip,Textiles,443.92125524239987,1306.6779366485232,356.1644179037989,20.355787720868634,31.683902836203266,-11.328115115334633,1,5.0,W002
SHP000052,2026-04-18,Hyderabad,Bangalore,GlobalLine,Automotive,5649.544059604922,1727.3306982578124,3056.9990141482954,41.66509129418482,39.68992518787669,1.97516610630813,1,4.50237495078979,W004
SHP000053,2026-03-09,Pune,Delhi,EcoTrans,Pharmaceuticals,37.58229728596355,1886.4374587074194,146.42765694463716,41.4741651999897,45.8951738264013,-4.421008626411599,1,4.692433161114335,W006
SHP000054,2026-01-19,Mumbai,Kolkata,FastShip,Electronics,288.6158985179447,1136.6718997002763,307.2142653184665,29.58166868906269,27.64001390613584,1.9416547829268467,1,4.494484761797018,W009
SHP000055,2026-02-24,Kolkata,Delhi,EcoTrans,Electronics,90.5024377905699,1705.2630908419637,139.69802071595137,40.1981756569011,45.84908625060104,-5.65091059369994,1,4.6888814175468605,W004
SHP000056,2026-04-05,Kolkata,Delhi,PrimeLogistics,Textiles,164.30052513295593,1423.8006141918863,221.22129910835878,46.70844744495367,38.81968466299755,7.8887627819561175,0,4.525938142766194,W005
SHP000057,2026-06-06,Mumbai,Pune,EcoTrans,Electronics,66.34977747540131,1526.168028117631,140.07717337437637,36.67342370451756,42.64576029503313,-5.972336590515567,1,4.106164194034109,W003
SHP000058,2026-03-09,Delhi,Mumbai,GlobalLine,Automotive,464.6726599315306,1575.184625409794,346.9414547053077,41.08614667472639,43.4507495346851,-2.3646028599587083,1,5.0,W005
SHP000059,2026-06-04,Chennai,Pune,EcoTrans,FMCG,543.3941342430937,295.935350788272,271.27958944978013,8.914270801206046,7.407709945803763,1.5065608554022827,1,4.587749867666217,W005
SHP000060,2026-05-10,Ahmedabad,Bangalore,FastShip,Electronics,161.4199584227934,1801.494134142781,263.8168361859386,42.97141906733541,39.75001474455904,3.2214043227763725,0,4.612788040538521,W007
SHP000061,2026-03-12,Mumbai,Delhi,EcoTrans,FMCG,350.99875343407115,1300.4907031226187,235.15788840920334,35.49609777139825,30.89870276459006,4.597395006808188,0,5.0,W005
SHP000062,2026-02-11,Ahmedabad,Kolkata,PrimeLogistics,Textiles,107.88990478817719,1529.511605931592,205.24603098779878,40.770426121276905,40.895636012445536,-0.12520989116863035,1,4.551372814257085,W001
SHP000063,2026-01-29,Delhi,Pune,GlobalLine,Textiles,203.8417221276835,938.9079526094164,190.76082274877814,18.801313786307574,22.63283633325824,-3.8315225469506657,1,5.0,W001
SHP000064,2026-04-05,Bangalore,Kolkata,GlobalLine,Electronics,198.02203383222607,292.13308463330145,112.20212349004636,6.754067002832143,7.655585509567905,-0.9015185067357621,1,5.0,W005
SHP000065,2026-04-04,Mumbai,Chennai,GlobalLine,FMCG,138.8972551319022,1644.3191777892548,218.97303237361794,29.751183949155767,45.90282466275093,-16.151640713595164,1,4.667886278347789,W002
SHP000066,2026-04-01,Pune,Kolkata,GlobalLine,FMCG,748.9347868291928,258.65136172747066,417.0629498280936,7.962823904703048,6.55692207553579,1.4059018291672576,1,4.779440552101561,W003
SHP000067,2026-02-15,Pune,Mumbai,GlobalLine,Automotive,1077.5238195259087,121.57192505809623,545.0498135162784,2.035021584343307,2.715651736948423,-0.680630152605116,1,5.0,W007
SHP000068,2026-06-21,Chennai,Bangalore,GlobalLine,Electronics,147.65366988284146,1208.4006536846032,186.25886828139357,34.35856145933453,29.302777501122687,5.055783958211844,0,4.293811368235898,W007
SHP000069,2026-01-10,Ahmedabad,Delhi,GlobalLine,Pharmaceuticals,39.97480103181871,240.21347299725784,39.62674418112454,6.702768343515205,6.681733576736344,0.02103476677886018,1,5.0,W006
SHP000070,2026-03-20,Chennai,Delhi,FastShip,FMCG,422.5556288402012,1421.9225090707725,386.491796300994,44.62598540952433,36.636328958481606,7.989656451042727,0,4.292705357764903,W007
SHP000071,2026-03-26,Kolkata,Ahmedabad,FastShip,Automotive,5057.331880188114,627.0242476641521,2901.5658122588306,12.398990612480596,15.539034309614705,-3.140043697134109,1,5.0,W006
SHP000072,2026-06-14,Pune,Hyderabad,EcoTrans,Electronics,40.62453725488701,247.69581023347118,37.34494558496931,7.505799182653202,6.9149894416253455,0.5908097410278561,1,5.0,W002
SHP000073,2026-03-08,Bangalore,Hyderabad,EcoTrans,Electronics,161.52336894217498,1400.9892278523707,152.85429070752528,32.92929515850879,38.47895804975473,-5.549662891245937,1,5.0,W002
SHP000074,2026-06-02,Pune,Bangalore,EcoTrans,Pharmaceuticals,65.97499052932727,894.6617689521759,96.56823873230292,31.505970246187285,24.33156442538409,7.1744058208031944,0,4.047971591867328,W010
SHP000075,2026-05-11,Delhi,Kolkata,GlobalLine,Automotive,329.1580739103802,1942.837355847746,341.9020487859415,70.28943747306681,52.514839772603935,17.774597700462877,0,1.9964079292958459,W001
SHP000076,2026-04-22,Mumbai,Hyderabad,GlobalLine,Automotive,581.0440668240607,619.4734366683418,309.9063522577438,16.86453004850668,16.842450859799918,0.022079188706761954,1,5.0,W007
SHP000077,2026-01-18,Hyderabad,Kolkata,EcoTrans,Electronics,80.1905098396604,956.0338570891777,91.74185613672765,30.63259316859773,26.5053753566622,4.12721781193553,0,3.9029831610355186,W005
SHP000078,2026-05-10,Kolkata,Pune,PrimeLogistics,Automotive,1588.5493821923544,1376.2313003711279,1018.3135577751053,35.99565597767823,33.234577067261576,2.761078910416657,0,4.349648840680057,W007
SHP000079,2026-06-28,Kolkata,Hyderabad,GlobalLine,FMCG,839.8944912617691,1088.3106521127875,542.7241540564719,28.34332482337527,27.54671089615433,0.7966139272209389,1,5.0,W007
SHP000080,2026-06-20,Pune,Hyderabad,GlobalLine,Textiles,213.25435494259,866.6174458035543,163.07708789125272,22.315509507537868,19.215245224258535,3.1002642832793335,0,5.0,W010
SHP000081,2026-03-19,Pune,Kolkata,FastShip,Automotive,555.7318263293888,359.10580361486257,332.1921627019667,10.140282464429326,8.655715841782671,1.4845666226466552,1,3.9861067858525505,W005
SHP000082,2026-02-23,Pune,Ahmedabad,EcoTrans,Pharmaceuticals,65.12755981365501,931.2023518450852,98.35673972291102,30.85753418372706,22.43222960020191,8.42530458352515,0,4.194516931857373,W008
SHP000083,2026-04-24,Chennai,Hyderabad,PrimeLogistics,FMCG,879.8526236629851,1738.4910466188157,694.1666455290233,26.05549266060552,39.78091860435512,-13.725425943749602,1,4.992640870682532,W002
SHP000084,2026-03-14,Hyderabad,Mumbai,GlobalLine,Automotive,1906.8655016323137,590.6643377680209,992.5074433459646,7.956262210974864,16.467837183328964,-8.5115749723541,1,4.9554399802436055,W004
SHP000085,2026-02-20,Bangalore,Mumbai,FastShip,FMCG,151.39667706199728,244.14032340646145,105.79348790251616,6.489273533254254,5.558654030146166,0.9306195031080877,1,4.3563120972656355,W008
SHP000086,2026-06-06,Delhi,Kolkata,PrimeLogistics,Textiles,250.4547283748005,756.7678383153401,220.5620691019745,14.167815528338492,18.800965998614245,-4.633150470275753,1,5.0,W004
SHP000087,2026-06-28,Pune,Chennai,PrimeLogistics,FMCG,240.91171099970342,436.31992012581895,156.83964453934593,7.949548801242614,9.914853244625553,-1.965304443382939,1,4.282955565383738,W003
SHP000088,2026-06-17,Mumbai,Ahmedabad,FastShip,Pharmaceuticals,33.852036468607714,792.1127359913434,96.41989810996192,17.085276339280888,20.707703411528843,-3.6224270722479552,1,5.0,W004
SHP000089,2026-02-15,Ahmedabad,Mumbai,GlobalLine,Electronics,94.94273188705995,1631.7824316068165,186.85269861422856,35.622843424857706,37.70580244123747,-2.0829590163797675,1,4.726360081831239,W008
SHP000090,2026-02-04,Ahmedabad,Hyderabad,EcoTrans,Pharmaceuticals,22.362617005016823,1020.5936718629405,80.77064821009895,34.87478882613564,24.712126337037702,10.16266248909794,0,3.859215731312017,W010
SHP000091,2026-05-10,Pune,Ahmedabad,PrimeLogistics,FMCG,468.0238568658595,1072.1871400197656,354.02487341364196,26.166666976393735,24.277567794406206,1.889099181987529,1,5.0,W008
SHP000092,2026-04-26,Kolkata,Ahmedabad,GlobalLine,Automotive,195.58779027580584,560.6939569059864,136.065948220653,11.405435491203207,13.604512753666267,-2.19907726246306,1,4.459225998192802,W009
SHP000093,2026-05-05,Chennai,Bangalore,PrimeLogistics,Electronics,233.45952695118905,1599.4253533539427,269.06831381028036,43.960987898737976,36.02149284871386,7.939495050024114,0,5.0,W005
SHP000094,2026-03-02,Kolkata,Bangalore,EcoTrans,Textiles,325.93823102269926,1516.335000950227,238.3318455878362,26.963490155399057,34.52009689226944,-7.5566067368703855,1,4.308600134517832,W002
SHP000095,2026-02-05,Bangalore,Delhi,PrimeLogistics,FMCG,577.2593361004688,776.5837792059078,423.37463844234827,29.41035781831966,19.90745253391366,9.502905284406001,0,3.868998051845911,W004
SHP000096,2026-01-17,Pune,Chennai,EcoTrans,Textiles,174.1983962471727,390.43236445023086,95.47321588567033,7.638083651404765,8.965923268814109,-1.327839617409344,1,4.568004615160092,W008
SHP000097,2026-04-17,Mumbai,Bangalore,PrimeLogistics,Pharmaceuticals,37.26374760075471,879.7539712803568,107.35967777461455,15.802457248453033,19.945987382889264,-4.143530134436231,1,5.0,W010
SHP000098,2026-06-28,Mumbai,Ahmedabad,PrimeLogistics,Pharmaceuticals,35.3270428013428,1744.4635391985626,183.90972277899886,46.221730593567436,41.07761033298515,5.144120260582284,0,3.996810351542496,W001
SHP000099,2026-04-01,Kolkata,Ahmedabad,PrimeLogistics,Pharmaceuticals,38.028854892093314,1186.0641099928098,119.77624947871819,37.49963169352445,31.56941812555412,5.9302135679703305,0,4.124700141568179,W009
SHP000100,2026-05-20,Chennai,Kolkata,GlobalLine,Automotive,541.4764455724942,908.3292333711919,343.9272492068722,22.68767629490859,21.304370212604056,1.3833060823045358,1,4.409511079217342,W007
SHP000101,2026-05-05,Mumbai,Kolkata,EcoTrans,Pharmaceuticals,47.1837367190226,393.2891590209844,46.62023452783994,5.79307624402194,9.909131398651716,-4.116055154629777,1,4.925724297496475,W003
SHP000102,2026-04-30,Bangalore,Hyderabad,FastShip,Pharmaceuticals,31.05091366697409,355.38788618405107,48.14158461331489,12.427436965954378,9.92945274242113,2.4979842235332477,0,4.461755642885101,W010
SHP000103,2026-05-25,Mumbai,Delhi,PrimeLogistics,FMCG,546.7547571154365,1544.4329337904044,444.97687171519266,27.51709231605388,38.347431321718204,-10.830339005664325,1,4.114878405829054,W008
SHP000104,2026-02-16,Mumbai,Chennai,PrimeLogistics,Automotive,530.0079069614037,1866.1053740708692,485.8557042866205,56.67121741497035,51.85936965426584,4.811847760704509,0,4.216822630571638,W004
SHP000105,2026-04-27,Hyderabad,Bangalore,PrimeLogistics,Automotive,1160.1970319256927,1191.4989150418326,793.7533122800245,26.153127616225294,27.212207941538573,-1.0590803253132783,1,4.702741973637876,W007
SHP000106,2026-03-06,Delhi,Kolkata,FastShip,Textiles,263.38209246445643,410.94629144483855,184.21993473421216,11.849749300946181,11.049297174089267,0.8004521268569142,1,5.0,W001
SHP000107,2026-03-31,Chennai,Pune,FastShip,Electronics,155.24434020613887,845.6457041030072,185.36705860190256,19.134364082678054,20.83232078399059,-1.6979567013125347,1,4.661793489757981,W001
SHP000108,2026-03-05,Chennai,Ahmedabad,FastShip,Textiles,64.34611684079114,672.61796091187,108.28861171975645,18.201682678482392,16.826427722218078,1.375254956264314,1,4.752924239969136,W003
SHP000109,2026-03-03,Bangalore,Kolkata,FastShip,Textiles,297.12244669438786,1822.2970108326392,361.9905004836203,18.500739136339412,41.36867193924834,-22.867932802908925,1,5.0,W004
SHP000110,2026-04-30,Kolkata,Ahmedabad,EcoTrans,FMCG,465.8888552709476,736.3206678484636,230.1752281818974,22.82455532385116,19.70699763857824,3.1175576852729208,0,5.0,W010
SHP000111,2026-06-05,Delhi,Ahmedabad,GlobalLine,Automotive,1240.213290276605,388.18227149222724,626.6413689927851,9.684630709467696,9.118764445234975,0.5658662642327208,1,5.0,W002
SHP000112,2026-05-29,Mumbai,Chennai,PrimeLogistics,Pharmaceuticals,42.9237841195215,1765.8547098473239,173.34971824507448,44.34198302281708,47.55013009335068,-3.208147070533599,1,4.5106181421088465,W004
SHP000113,2026-01-20,Chennai,Mumbai,EcoTrans,Textiles,157.16479611728215,535.5776509420189,107.8022480952782,15.426177279760891,14.096521181739055,1.329656098021836,1,5.0,W002
SHP000114,2026-05-25,Mumbai,Chennai,PrimeLogistics,Automotive,2212.2255819845195,1131.1764423604327,1250.927825757114,15.122550688054195,27.232140716349633,-12.109590028295438,1,5.0,W002
SHP000115,2026-05-10,Hyderabad,Mumbai,PrimeLogistics,Pharmaceuticals,47.48237317942025,391.3676659205524,61.60000072499078,9.661864556996358,9.798019479076025,-0.13615492207966717,1,4.898576890164923,W002
SHP000116,2026-04-21,Hyderabad,Pune,PrimeLogistics,FMCG,340.6087146130342,1757.0354269938878,371.50681792112795,49.97729366218808,44.61253354108202,5.364760121106059,0,4.5754660000289595,W007
SHP000117,2026-02-15,Kolkata,Hyderabad,PrimeLogistics,Pharmaceuticals,26.640230725185237,1194.947884316945,122.36459417170636,32.78674856252551,29.329737745053063,3.4570108174724474,0,4.746240594205334,W007
SHP000118,2026-06-01,Kolkata,Bangalore,GlobalLine,Electronics,105.58176049027833,1858.580174522875,199.49634412076733,42.73875841979729,42.15153576151129,0.5872226582860023,1,5.0,W005
SHP000119,2026-04-26,Chennai,Ahmedabad,PrimeLogistics,Textiles,84.20120453795883,204.04711376185952,62.14853904440996,7.5643641177516505,5.4719560765219875,2.092408041229663,0,5.0,W010
SHP000120,2026-06-21,Pune,Bangalore,FastShip,Pharmaceuticals,14.444552286455266,1847.725671184245,180.3309795540984,40.76110731369892,44.49641079311277,-3.735303479413851,1,5.0,W006
SHP000121,2026-02-16,Ahmedabad,Delhi,EcoTrans,Automotive,910.5222423588303,367.62833872161974,385.3068653880946,5.734723931237899,9.187108150063287,-3.4523842188253875,1,5.0,W006
SHP000122,2026-03-13,Kolkata,Hyderabad,FastShip,Textiles,181.423593931475,788.5484083216029,187.5293969886805,18.97222619694882,20.339490970340485,-1.367264773391664,1,4.446737045629165,W004
SHP000123,2026-01-22,Chennai,Pune,PrimeLogistics,Pharmaceuticals,102.30476084694834,227.44530703801223,80.09634267365492,5.368569072699158,5.290249007259999,0.0783200654391587,1,4.934745983714572,W009
SHP000124,2026-03-03,Ahmedabad,Hyderabad,PrimeLogistics,Pharmaceuticals,38.88571416688985,462.3066692609665,56.31684524274683,9.43428455744406,11.480184906113283,-2.045900348669223,1,5.0,W001
SHP000125,2026-01-24,Kolkata,Delhi,PrimeLogistics,FMCG,284.1774203199038,1096.3415117224022,249.78088736523836,36.81586831802535,26.75575233790816,10.060115980117192,0,3.4052242193508127,W005
SHP000126,2026-06-19,Hyderabad,Chennai,EcoTrans,Pharmaceuticals,39.650081672850845,445.66344794101514,50.56850060271538,7.994255482212828,12.334490328731023,-4.340234846518196,1,4.611091656204563,W009
SHP000127,2026-03-26,Hyderabad,Pune,PrimeLogistics,Automotive,501.86400756575165,148.23407575465524,269.1906226511474,5.605499186860459,3.8979385562575817,1.707560630602877,1,4.784633349142878,W005
SHP000128,2026-03-06,Chennai,Mumbai,GlobalLine,Automotive,1115.123921104878,521.747107672604,567.0682612820167,11.800804578964593,13.58178494263037,-1.7809803636657762,1,5.0,W002
SHP000129,2026-05-18,Bangalore,Delhi,GlobalLine,Pharmaceuticals,22.41569011252393,288.9386462427558,32.55991982659719,8.96505995172276,7.608795194438325,1.3562647572844346,1,4.981699526849099,W005
SHP000130,2026-05-31,Kolkata,Mumbai,GlobalLine,Automotive,1303.3082633311549,854.6487062750641,744.2311628233762,22.797179366018792,19.853408915354432,2.94377045066436,0,4.550849735276569,W004
SHP000131,2026-04-03,Bangalore,Chennai,FastShip,Textiles,231.02087000918036,900.7066461257461,242.75689805442133,16.653583642475667,24.233207308109503,-7.579623665633836,1,4.379249384525439,W003
SHP000132,2026-03-12,Mumbai,Delhi,EcoTrans,FMCG,202.91797788440408,821.4155755178072,144.66251698522873,13.18467740863339,19.392292560203288,-6.207615151569897,1,5.0,W008
SHP000133,2026-01-27,Mumbai,Hyderabad,EcoTrans,Pharmaceuticals,15.8923923395825,659.4849431296436,56.22721309813758,24.96498761262459,17.530187891261654,7.4347997213629355,0,4.742431372950074,W008
SHP000134,2026-04-23,Hyderabad,Delhi,FastShip,Automotive,1068.5538787069677,1619.724986299899,784.7105536594341,38.61116573931045,35.852314299263604,2.758851440046847,0,3.8690306596670028,W008
SHP000135,2026-01-30,Delhi,Kolkata,PrimeLogistics,Electronics,51.179814250183654,364.77654073836584,64.28509142601723,12.071138519513784,10.179604829278121,1.8915336902356632,1,4.166622941097771,W010
SHP000136,2026-06-11,Mumbai,Bangalore,GlobalLine,Textiles,206.40706296361122,617.383920386801,137.8960828824494,17.800125100825618,16.96928653810539,0.8308385627202277,1,4.4277297549204615,W005
SHP000137,2026-01-22,Chennai,Mumbai,PrimeLogistics,Textiles,240.70398957491759,1337.698737868542,266.5986770693437,17.85445714513755,31.086149081328195,-13.231691936190646,1,5.0,W010
SHP000138,2026-06-08,Chennai,Ahmedabad,PrimeLogistics,Pharmaceuticals,68.4983832481302,1363.5696816378854,147.4315147601437,20.230857007011018,37.47971943197814,-17.248862424967122,1,4.360211516632149,W008
SHP000139,2026-03-18,Pune,Bangalore,FastShip,Textiles,143.60008561691205,415.93840063655085,132.09287613199078,9.418315000611868,9.357279687073802,0.06103531353806524,1,4.27671398506677,W002
SHP000140,2026-02-23,Chennai,Bangalore,FastShip,FMCG,469.2793869726608,839.6616666797554,346.8691765763161,15.320547521505926,20.26442514235147,-4.943877620845544,1,5.0,W004
SHP000141,2026-02-14,Delhi,Bangalore,FastShip,Pharmaceuticals,24.9994227133436,1360.9752141890315,158.37841054940964,59.56464321294161,35.92352951361646,23.641113699325153,0,2.9396720622331642,W008
SHP000142,2026-06-26,Ahmedabad,Bangalore,FastShip,FMCG,133.09685592248468,197.70904562007564,98.7663512289733,6.510749411878454,5.057606383908816,1.453143027969638,1,4.503097484640093,W005
SHP000143,2026-03-14,Ahmedabad,Mumbai,GlobalLine,Automotive,1065.543557110436,1407.9645532126985,636.9963391138308,47.69101042302897,33.056772142520565,14.634238280508406,0,3.786444982005215,W010
SHP000144,2026-06-19,Chennai,Kolkata,FastShip,Textiles,256.14382326822465,1419.9232946234108,276.78339695390576,29.674070375630233,36.2668061202462,-6.592735744615968,1,4.876240682224248,W004
SHP000145,2026-06-15,Bangalore,Chennai,GlobalLine,Electronics,96.75879168242885,451.75256479337736,85.22789129567964,14.213983914886601,12.304689547151497,1.9092943677351037,1,5.0,W001
SHP000146,2026-02-12,Kolkata,Hyderabad,EcoTrans,Pharmaceuticals,46.8090739781689,1351.688396750363,116.10830471070405,35.98179085435205,36.624232181258215,-0.642441326906166,1,4.1695195332420045,W002
SHP000147,2026-04-30,Kolkata,Pune,PrimeLogistics,Automotive,1475.076345280729,443.0931557419337,861.8387386421704,12.814438185059998,12.181929019261116,0.6325091657988828,1,5.0,W009
SHP000148,2026-05-19,Ahmedabad,Chennai,FastShip,Textiles,176.40903369722398,1945.0106658141988,318.5619375302821,48.66646164739882,48.32434490358932,0.3421167438094983,1,4.980666395366923,W001
SHP000149,2026-04-21,Hyderabad,Kolkata,EcoTrans,Electronics,160.54588915166937,170.31450595943596,81.35011435242947,3.468244532298523,3.981962180041348,-0.5137176477428249,1,4.478757562886431,W002
SHP000150,2026-02-28,Mumbai,Ahmedabad,EcoTrans,Textiles,371.8181744042916,1477.0568659046467,235.99476573928428,48.055229220641685,35.28946159937882,12.765767621262867,0,3.8217006261295006,W001
SHP000151,2026-02-14,Ahmedabad,Kolkata,PrimeLogistics,Automotive,2248.510893944298,1783.3577216487556,1425.9102406651837,26.229735493226976,41.72657034507141,-15.496834851844433,1,5.0,W003
SHP000152,2026-05-30,Pune,Hyderabad,PrimeLogistics,Electronics,102.8165691973801,1617.6881479699643,218.71405366217206,33.95051120194832,38.993193338594786,-5.042682136646462,1,5.0,W008
SHP000153,2026-03-31,Pune,Bangalore,EcoTrans,Electronics,316.9953085508788,1759.9865169540437,279.0324584777183,42.58443941155421,46.83260847140379,-4.24816905984958,1,4.159089837433386,W003
SHP000154,2026-03-26,Pune,Hyderabad,PrimeLogistics,Automotive,318.8475132337594,1501.4063730188939,291.42521559941304,22.58952429467927,34.026139431470185,-11.436615136790916,1,4.540674026757901,W007
SHP000155,2026-05-21,Mumbai,Kolkata,FastShip,Automotive,540.6833144931383,179.97706030908756,308.7404688759693,4.061342808510232,5.026099559436873,-0.9647567509266413,1,4.03316084944622,W005
SHP000156,2026-03-24,Delhi,Ahmedabad,PrimeLogistics,Textiles,107.31233765766059,1391.3298371168328,171.23374845431928,48.02333878592423,38.539512452567,9.483826333357229,0,3.9446229445515226,W001
SHP000157,2026-06-18,Ahmedabad,Chennai,FastShip,FMCG,321.47084883494153,1265.4816395003447,293.4339224813285,41.332919383628635,35.366430257158335,5.9664891264703,0,4.986902544544788,W009
SHP000158,2026-04-03,Ahmedabad,Hyderabad,PrimeLogistics,Electronics,225.877358692931,1074.1081709313662,206.9706515490125,20.909548447813197,24.768040969943357,-3.8584925221301596,1,4.722261440419873,W004
SHP000159,2026-03-10,Bangalore,Chennai,PrimeLogistics,Pharmaceuticals,28.322525376404805,209.9010854704531,37.24314996675504,7.434394246818665,5.730869579813697,1.7035246670049684,1,4.642947899111218,W002
SHP000160,2026-01-08,Chennai,Pune,GlobalLine,Automotive,480.21461984352834,1540.6531038377734,377.604751264738,30.44125841340606,35.31696951905357,-4.875711105647511,1,5.0,W009
SHP000161,2026-01-04,Pune,Mumbai,GlobalLine,Electronics,111.15208768887277,1226.585876199236,156.16481064259648,17.177504109201216,27.658188052044526,-10.48068394284331,1,4.818732487450319,W008
SHP000162,2026-01-31,Bangalore,Kolkata,EcoTrans,Textiles,262.7864512084393,346.0783504373279,145.73068370211598,10.284047017125008,9.598105474223098,0.6859415429019098,1,5.0,W005
SHP000163,2026-04-17,Ahmedabad,Chennai,GlobalLine,Pharmaceuticals,47.561803790706264,265.2748438316793,44.17891541643198,9.66025568650764,6.429235893186755,3.2310197933208844,0,5.0,W009
SHP000164,2026-02-07,Pune,Delhi,GlobalLine,Electronics,62.433127050788144,1042.1638966496644,104.98811964396967,21.159348627379174,24.30440762861751,-3.1450590012383373,1,5.0,W005
SHP000165,2026-04-17,Hyderabad,Ahmedabad,EcoTrans,Electronics,99.60640446669508,1013.1144969206312,113.28010976002457,35.41272504810758,27.301496383733546,8.111228664374035,0,4.850814535456203,W005
SHP000166,2026-03-18,Ahmedabad,Pune,GlobalLine,Pharmaceuticals,23.240253313460435,1174.890731592003,100.69049176486226,36.772707691880555,32.04136145982896,4.731346232051592,0,5.0,W009
SHP000167,2026-05-04,Hyderabad,Bangalore,PrimeLogistics,Pharmaceuticals,50.74459760624261,1425.1957771716388,158.85083714471995,41.29131886343971,36.6441610414317,4.647157822008012,0,4.210688555347359,W006
SHP000168,2026-02-18,Chennai,Hyderabad,PrimeLogistics,FMCG,441.8287472948203,1773.654442477964,428.7670154341813,37.68838791606805,39.33164517542315,-1.6432572593550958,1,5.0,W007
SHP000169,2026-01-12,Hyderabad,Pune,PrimeLogistics,Pharmaceuticals,59.217427100747294,405.44380249178556,72.58880288665608,8.708916148014072,10.94406552658666,-2.235149378572588,1,4.887143176215333,W007
SHP000170,2026-06-19,Bangalore,Kolkata,FastShip,FMCG,331.8337012918902,645.3724530323343,267.16087043191465,11.879048197638777,17.997577150281227,-6.11852895264245,1,5.0,W009
SHP000171,2026-06-01,Hyderabad,Ahmedabad,FastShip,Pharmaceuticals,47.31398705178398,1581.7062507871728,166.06524409000454,64.74479527710125,42.01987305978325,22.724922217317996,0,2.9965189556666223,W002
SHP000172,2026-05-15,Ahmedabad,Mumbai,GlobalLine,Pharmaceuticals,37.25528853273456,749.5571154735036,80.67682313235173,18.373631780552216,20.681906330255014,-2.308274549702798,1,5.0,W003
SHP000173,2026-01-20,Ahmedabad,Pune,EcoTrans,Automotive,2315.2535803179926,227.96614279066623,1015.9100891019342,4.079883344521013,5.488352899495916,-1.4084695549749027,1,4.759934066152074,W010
SHP000174,2026-06-27,Pune,Hyderabad,FastShip,Automotive,1194.1550721725007,1755.919931689515,968.8747146385472,42.013731975634755,48.83787012198174,-6.824138146346982,1,5.0,W009
SHP000175,2026-04-08,Hyderabad,Pune,PrimeLogistics,Textiles,429.320427037811,1398.2612155523598,355.2871619907126,32.51397362413524,33.05735607216717,-0.5433824480319274,1,4.385065310879593,W001
SHP000176,2026-06-08,Delhi,Bangalore,EcoTrans,FMCG,297.65672711549854,1610.1381426248658,245.13505209803344,39.844892743782715,37.555856583449284,2.2890361603334313,0,4.489057068598292,W002
SHP000177,2026-04-22,Delhi,Ahmedabad,FastShip,Pharmaceuticals,21.9000852432287,1906.6407682757797,182.48664228408427,57.119743984175265,46.8919398453405,10.227804138834763,0,3.9199244359625394,W003
SHP000178,2026-06-27,Kolkata,Mumbai,FastShip,Automotive,1701.0815355969432,1313.1993005617626,1123.2300246326313,30.69710726471412,31.05097988392483,-0.35387261921070845,1,5.0,W001
SHP000179,2026-03-17,Hyderabad,Bangalore,PrimeLogistics,FMCG,286.53006176598706,504.8989376476583,183.07833436253526,14.233323140662597,13.081931955243519,1.1513911854190777,1,5.0,W004
SHP000180,2026-05-16,Pune,Kolkata,GlobalLine,FMCG,269.56231713004985,999.0988227139586,234.81413895362917,25.070905234943577,23.09232404564142,1.978581189302158,1,5.0,W003
SHP000181,2026-01-21,Pune,Kolkata,GlobalLine,Pharmaceuticals,45.90248250870819,1545.945582791698,150.32834646723705,39.17117772428568,35.228187454920096,3.9429902693655805,0,5.0,W010
SHP000182,2026-02-06,Chennai,Kolkata,EcoTrans,Pharmaceuticals,44.48598142907274,1014.8924678738451,81.19003605794151,19.1854714267172,23.089934998771728,-3.904463572054528,1,5.0,W005
SHP000183,2026-06-20,Mumbai,Ahmedabad,PrimeLogistics,Automotive,1061.6947255760717,221.99698044275476,613.361254207722,3.3671156173296724,5.242227911002256,-1.8751122936725833,1,4.682697482353322,W009
SHP000184,2026-02-10,Delhi,Kolkata,EcoTrans,Textiles,322.89192187160296,964.9182832554222,183.0305892718628,19.199793755838026,21.647634191206834,-2.447840435368807,1,3.788060336685522,W005
SHP000185,2026-06-13,Pune,Hyderabad,EcoTrans,Pharmaceuticals,19.395695485786177,1420.4655836404309,112.38550434608818,45.101063149199604,37.89675178063523,7.204311368564376,0,4.267480374594498,W005
SHP000186,2026-02-20,Pune,Ahmedabad,PrimeLogistics,Electronics,75.48512014161508,299.36733899453225,64.36011795244876,8.350800986522978,8.35832878807069,-0.007527801547711377,1,4.420817655403729,W004
SHP000187,2026-04-08,Hyderabad,Kolkata,EcoTrans,Automotive,3127.88108547788,1163.3324986251369,1270.3628259848788,33.98547661686485,27.8720132662965,6.113463350568352,0,3.9504943309560745,W001
SHP000188,2026-06-18,Pune,Bangalore,FastShip,Textiles,199.99085855207522,766.1911692974435,175.47926546545776,12.906108864327878,17.217442628244804,-4.311333763916926,1,4.859449853557023,W001
SHP000189,2026-06-05,Ahmedabad,Pune,EcoTrans,FMCG,973.7912994817211,1621.1147283072573,492.6670260910612,43.268405220463094,37.29357490777032,5.974830312692774,0,4.54027224990485,W010
SHP000190,2026-04-01,Chennai,Pune,GlobalLine,Textiles,131.65289605992078,1442.3038803251122,164.23443246248337,40.426307388448194,39.83250070054345,0.5938066879047454,1,4.617150942356739,W005
SHP000191,2026-06-23,Bangalore,Pune,FastShip,Electronics,142.38712338767715,1456.765171051613,238.8764953896408,38.46038331931749,35.01582906995423,3.4445542493632644,0,4.712811258171406,W005
SHP000192,2026-04-23,Mumbai,Hyderabad,EcoTrans,FMCG,585.6207381885181,1652.8657629287381,357.8383604281941,61.29670609409321,42.74553201348177,18.55117408061144,0,3.24383798367018,W002
SHP000193,2026-03-17,Hyderabad,Pune,PrimeLogistics,FMCG,224.01976640142604,1756.3887765251832,262.17412452801943,43.00607211977666,48.924545779883616,-5.9184736601069545,1,4.484211876564921,W004
SHP000194,2026-02-03,Hyderabad,Kolkata,EcoTrans,FMCG,241.05042656599662,1600.4271635707103,217.98169065273032,57.26591444709871,39.99335334287267,17.272561104226035,0,3.4909057244144126,W005
SHP000195,2026-05-04,Kolkata,Pune,EcoTrans,Electronics,102.35423117616236,479.13065676537576,78.82383749691618,11.07096633202707,10.748429275507915,0.3225370565191543,1,5.0,W008
SHP000196,2026-01-20,Bangalore,Ahmedabad,GlobalLine,Pharmaceuticals,34.963998472688246,1481.6212325559852,142.61388304591276,25.23040378173597,36.37818686800755,-11.147783086271584,1,4.26781255989509,W009
SHP000197,2026-04-04,Delhi,Ahmedabad,PrimeLogistics,Electronics,112.35503598621014,933.3692964602219,150.416114539369,29.348341141297027,23.259575606924578,6.088765534372449,0,3.574647306291763,W005
SHP000198,2026-05-18,Delhi,Kolkata,EcoTrans,Automotive,731.278503089259,1225.4656243273882,426.62956915175903,39.03294515977138,28.509199361034565,10.523745798736815,0,4.637671097200045,W010
SHP000199,2026-04-08,Hyderabad,Mumbai,GlobalLine,Pharmaceuticals,28.456801714080157,1460.0674328959683,141.75321222094482,37.02978768843822,33.695580256728945,3.334207431709274,0,4.828479320632045,W001
SHP000200,2026-06-08,Hyderabad,Kolkata,GlobalLine,Electronics,86.80749127357578,1035.3279272512661,119.84857654160444,33.62411440194822,28.186284542160138,5.437829859788081,0,3.031945703706154,W008
SHP000201,2026-06-29,Kolkata,Pune,PrimeLogistics,Electronics,178.36299341618485,410.6953579115433,131.31657671912993,6.455432100494269,11.42409671816606,-4.9686646176717915,1,5.0,W003
SHP000202,2026-01-12,Mumbai,Chennai,PrimeLogistics,Electronics,53.86898435492714,717.8611220269203,97.87536603913325,16.16477361530693,16.356639362154517,-0.1918657468475864,1,5.0,W002
SHP000203,2026-03-02,Bangalore,Kolkata,PrimeLogistics,Automotive,1152.2912117596793,740.306035219444,744.8788813045597,12.36283679749327,18.200664580433344,-5.837827782940074,1,5.0,W009
SHP000204,2026-04-18,Bangalore,Kolkata,FastShip,Pharmaceuticals,20.943194606119526,1442.876712082347,141.02128082732503,30.52528933959301,33.19441084789108,-2.669121508298069,1,5.0,W010
SHP000205,2026-04-15,Kolkata,Mumbai,EcoTrans,FMCG,416.44165357259567,1212.173292353829,278.5225413390098,31.192924134257744,28.16490373541843,3.0280203988393133,0,4.533757570276243,W008
SHP000206,2026-04-24,Chennai,Ahmedabad,EcoTrans,Electronics,76.24591613754966,208.46502656969824,46.870512336896695,6.812313296791472,5.757727767710961,1.0545855290805113,1,4.8541831570376575,W006
SHP000207,2026-05-20,Hyderabad,Mumbai,PrimeLogistics,Automotive,1153.7547545653113,178.988432195745,604.5784816342723,2.5009068285452485,4.997317781499384,-2.4964109529541356,1,5.0,W004
SHP000208,2026-02-01,Ahmedabad,Mumbai,GlobalLine,Textiles,246.0928706338874,1749.044759588042,260.58960390560156,66.80436861524683,43.88978790204259,22.914580713204238,0,2.638747114601989,W001
SHP000209,2026-01-13,Hyderabad,Delhi,GlobalLine,Textiles,341.56327592080817,483.5215590336019,216.72891081960196,9.954289159911754,13.45131460669479,-3.497025446783036,1,5.0,W004
SHP000210,2026-01-18,Chennai,Hyderabad,GlobalLine,FMCG,224.11447503718747,943.1254166786852,201.31314073367975,26.482461587729983,21.75120598085372,4.731255606876264,0,4.774715383298676,W006
SHP000211,2026-02-07,Mumbai,Chennai,GlobalLine,FMCG,362.43184255553297,1044.6320516160117,271.0273567166073,31.021800886201273,28.42802111512455,2.593779771076722,0,4.516161609087431,W009
SHP000212,2026-03-06,Bangalore,Mumbai,FastShip,FMCG,344.84126666079567,1868.8025214632578,400.95301039205003,56.47569968225861,48.699274999056655,7.776424683201952,0,3.650855075314563,W001
SHP000213,2026-04-02,Chennai,Hyderabad,EcoTrans,Electronics,227.27339557523862,302.5267575851824,120.86173891879348,6.0423889267668365,8.469685030535171,-2.4272961037683345,1,5.0,W003
SHP000214,2026-03-09,Mumbai,Bangalore,PrimeLogistics,Textiles,172.99306724173553,1586.5324197107195,237.9076013416204,39.37359039658153,41.93315489835768,-2.5595645017761512,1,5.0,W002
SHP000215,2026-01-17,Ahmedabad,Chennai,EcoTrans,Textiles,355.73169683886863,1634.9072896883913,276.1222749715494,30.35358329595552,43.794068475135866,-13.440485179180346,1,5.0,W010
SHP000216,2026-01-28,Ahmedabad,Kolkata,GlobalLine,Textiles,172.21463541923143,328.3972052041561,113.37902303141239,5.252900277088278,7.23608528257125,-1.983185005482972,1,4.279974558702853,W001
SHP000217,2026-06-18,Kolkata,Chennai,FastShip,Electronics,222.89268981452102,838.2603924136569,212.01055798797913,15.478638524779667,19.6364716512741,-4.157833126494433,1,4.353427338176921,W008
SHP000218,2026-04-13,Pune,Hyderabad,FastShip,Pharmaceuticals,28.738069392575696,239.07225516004291,41.02537609297468,5.148350151676167,6.218096457585052,-1.0697463059088843,1,5.0,W008
SHP000219,2026-01-19,Delhi,Chennai,GlobalLine,Electronics,164.07451033039663,1086.2553917588143,168.23429341977746,22.110495784211558,24.064741612122365,-1.9542458279108068,1,4.421627887474026,W003
SHP000220,2026-03-12,Hyderabad,Chennai,EcoTrans,Pharmaceuticals,19.796278149087325,857.7632837041109,67.81148347932933,29.097983674374383,21.617020277530383,7.480963396844,0,4.53385822034178,W009
SHP000221,2026-06-04,Pune,Mumbai,FastShip,Textiles,264.22967672270784,1915.495022314376,309.43145497951343,53.861945236996085,44.39096103324968,9.470984203746404,0,3.9265587356248774,W004
SHP000222,2026-04-21,Ahmedabad,Delhi,PrimeLogistics,Automotive,1436.8254988237081,1861.3656351129825,870.1484515873716,41.700199284176996,51.38600662352941,-9.685807339352415,1,4.859662461566613,W008
SHP000223,2026-04-13,Pune,Hyderabad,FastShip,Automotive,333.8402227828316,641.2585137276534,251.7721502096761,16.774574716052705,17.197370464382306,-0.42279574832960165,1,4.043948419457569,W007
SHP000224,2026-03-22,Kolkata,Bangalore,GlobalLine,Pharmaceuticals,42.834667155850404,1259.634188290745,127.47027532494923,22.459641452910773,29.772391213631753,-7.31274976072098,1,4.887683425001487,W002
SHP000225,2026-01-24,Delhi,Mumbai,PrimeLogistics,Electronics,132.21957161330764,444.7328606216912,112.42019753237669,8.849508619497328,11.67613996741081,-2.826631347913482,1,5.0,W006
SHP000226,2026-02-03,Mumbai,Hyderabad,EcoTrans,Electronics,62.85458526210385,587.4692890325912,72.83295429720886,15.447628720101191,14.628733662477158,0.818895057624033,1,5.0,W007
SHP000227,2026-04-01,Pune,Ahmedabad,FastShip,Automotive,1192.0018807179033,1907.6663501926482,916.5934315767875,45.83312688327593,51.345093833725365,-5.511966950449434,1,4.8580290945587326,W010
SHP000228,2026-03-21,Hyderabad,Mumbai,GlobalLine,FMCG,421.28114884989634,502.8851958256306,256.439781080343,8.47765282302618,12.303675103335797,-3.8260222803096173,1,4.653547401102046,W008
SHP000229,2026-02-27,Delhi,Chennai,EcoTrans,Electronics,70.12183854220713,1662.967205175989,140.7042415025101,52.92142602051384,43.24596005591325,9.67546596460059,0,4.152192134392889,W005
SHP000230,2026-05-27,Chennai,Ahmedabad,PrimeLogistics,Textiles,132.7453622080694,958.3585896007353,160.07099557614677,25.543690568579784,22.049996126219693,3.4936944423600913,0,4.85753010448974,W010
SHP000231,2026-06-07,Mumbai,Hyderabad,EcoTrans,Electronics,91.5416521077513,144.91331348803914,50.143793871199755,3.59534717383097,3.7159489469475755,-0.12060177311660558,1,4.231526019986839,W003
SHP000232,2026-03-11,Kolkata,Bangalore,EcoTrans,Electronics,114.81401113085026,842.7213922204779,108.10581630716733,16.822010622159535,21.05168698229127,-4.229676360131734,1,5.0,W003
SHP000233,2026-02-06,Pune,Mumbai,GlobalLine,Electronics,232.36009906623985,1415.6286875163023,251.9721509123629,27.773239115506726,32.23438296214584,-4.461143846639111,1,5.0,W002
SHP000234,2026-05-16,Chennai,Kolkata,PrimeLogistics,Pharmaceuticals,29.51660389163536,1198.9351423121773,116.24166939210811,23.029117547602436,26.947885165634826,-3.9187676180323905,1,4.492621634653567,W006
SHP000235,2026-02-10,Hyderabad,Bangalore,EcoTrans,Textiles,141.85462550488984,231.9053012175774,76.34770538510392,3.606098052849252,5.1959948983423745,-1.5898968454931226,1,4.689090849746805,W010
SHP000236,2026-01-22,Mumbai,Bangalore,GlobalLine,Textiles,278.6978093183474,1126.02263774857,246.8710790938332,14.630639662843745,29.169913942140766,-14.539274279297022,1,5.0,W001
SHP000237,2026-06-22,Delhi,Chennai,PrimeLogistics,Pharmaceuticals,59.72077116852904,1988.8647863202184,214.59471535039984,35.16630832342429,50.41116008224838,-15.24485175882409,1,4.869750719030638,W008
SHP000238,2026-06-05,Ahmedabad,Chennai,EcoTrans,FMCG,933.2614608755636,214.2704509414919,416.32988280352885,6.745833582835513,5.945094729976475,0.8007388528590385,1,4.459589318174413,W009
SHP000239,2026-01-30,Hyderabad,Chennai,FastShip,Automotive,1229.4040888760496,283.6852543287673,757.2842194297,4.867486246191092,7.528149912863292,-2.6606636666721997,1,5.0,W010
SHP000240,2026-05-05,Kolkata,Mumbai,GlobalLine,Pharmaceuticals,22.483796467607682,1611.3549255004855,152.12411152443232,27.418297319366857,37.71835840697552,-10.300061087608661,1,4.841795775152599,W010
SHP000241,2026-01-15,Mumbai,Bangalore,EcoTrans,FMCG,685.7023990567777,1089.8201568168802,374.5661774614083,25.428921146489373,24.55882106548072,0.8701000810086512,1,4.649255330092207,W003
SHP000242,2026-03-07,Kolkata,Bangalore,FastShip,Electronics,120.3346011095775,1669.528497479804,245.58842036113367,35.216912850852886,43.82924376647333,-8.612330915620447,1,4.334383523221111,W008
SHP000243,2026-04-21,Bangalore,Delhi,PrimeLogistics,Textiles,78.36197955938657,854.2648824411385,117.02548086058323,24.6499527412676,21.87222729920378,2.777725442063822,0,5.0,W004
SHP000244,2026-05-09,Hyderabad,Mumbai,PrimeLogistics,Electronics,102.01005134817558,1044.2306175210774,162.56548549551042,28.886675371974967,28.30757764185781,0.5790977301171552,1,4.892645400392714,W007
SHP000245,2026-01-05,Ahmedabad,Mumbai,EcoTrans,Textiles,310.7472196647243,1749.3077112041556,266.3792016539708,43.38227852242389,46.77680765239897,-3.3945291299750835,1,4.746438469971705,W007
SHP000246,2026-05-27,Pune,Hyderabad,PrimeLogistics,Automotive,925.453564737511,865.6623396538067,546.9685087739439,22.813734282089584,22.654129385769345,0.15960489632023922,1,4.979480012045875,W002
SHP000247,2026-04-14,Mumbai,Chennai,GlobalLine,Textiles,337.77815187753987,351.796878209512,211.29857350870827,10.836902391868461,9.687269914417216,1.1496324774512452,1,5.0,W008
SHP000248,2026-06-26,Hyderabad,Mumbai,PrimeLogistics,Electronics,86.43284640053723,1553.1386217156914,172.23439162414536,28.506828614406633,38.85237837766217,-10.345549763255537,1,4.847387647822666,W004
SHP000249,2026-04-22,Pune,Kolkata,FastShip,Pharmaceuticals,28.640087802124878,149.04262320402526,29.19426532013326,3.9466838621529265,4.140208926560683,-0.1935250644077562,1,5.0,W005
SHP000250,2026-03-28,Chennai,Bangalore,GlobalLine,Electronics,103.17557221203016,921.7459688272507,120.6105422655633,17.658211114760416,23.077616644565776,-5.41940552980536,1,4.927956222139192,W009
SHP000251,2026-06-12,Delhi,Hyderabad,GlobalLine,Automotive,468.22359717626165,1277.2171143058763,346.39136780362145,33.652835919439404,29.26378898002376,4.389046939415643,0,4.216761928576964,W006
SHP000252,2026-06-15,Bangalore,Delhi,FastShip,FMCG,318.9361478508742,1990.2460026225576,348.60212419804657,44.09786482326326,52.08515857320181,-7.9872937499385515,1,4.848765156755936,W005
SHP000253,2026-02-20,Bangalore,Hyderabad,GlobalLine,Electronics,82.71074352155128,1067.9020434846004,139.38252921179463,29.932420145289242,28.709288041508337,1.2231321037809053,1,4.1105374764296805,W003
SHP000254,2026-06-10,Ahmedabad,Chennai,PrimeLogistics,Textiles,309.71705853836437,1285.4020889541132,284.99279943073145,20.77860319067772,31.564976787318418,-10.786373596640697,1,4.887617299053658,W010
SHP000255,2026-03-24,Hyderabad,Delhi,PrimeLogistics,Electronics,55.945690037982764,1672.3220015770612,186.2480756547936,24.45859293109311,44.51023703203922,-20.05164410094611,1,4.98505476304885,W008
SHP000256,2026-04-24,Kolkata,Ahmedabad,EcoTrans,Textiles,179.8790515420213,1014.5538881071149,131.4526934412724,20.637702637231538,23.901752545039685,-3.264049907808147,1,5.0,W001
SHP000257,2026-04-01,Delhi,Chennai,PrimeLogistics,Pharmaceuticals,20.227592975080018,123.02947182339722,20.81555245869731,3.5841101103504216,3.4270157759121345,0.15709433443828713,1,4.487237450035075,W001
SHP000258,2026-01-15,Hyderabad,Ahmedabad,EcoTrans,Electronics,98.88607341063923,1141.1230290500166,118.53144363534021,30.674967883804737,30.88579851023436,-0.21083062642962247,1,4.533366020463402,W002
SHP000259,2026-06-07,Pune,Chennai,FastShip,Pharmaceuticals,30.609162375979132,1500.9784470368193,161.68021214246193,28.353534380244444,36.4067271217946,-8.05319274155016,1,4.56258980996194,W010
SHP000260,2026-06-16,Chennai,Bangalore,PrimeLogistics,Textiles,62.881675099161754,1591.5314332904081,188.33439693893826,36.753753374907205,44.136362629690815,-7.38260925478361,1,5.0,W003
SHP000261,2026-01-16,Ahmedabad,Mumbai,EcoTrans,Electronics,74.19005730172462,583.8741818874972,76.09056285054228,18.905181471934192,12.979848919904747,5.925332552029445,0,4.363295415292508,W009
SHP000262,2026-06-15,Bangalore,Mumbai,GlobalLine,Pharmaceuticals,52.833852434662475,1310.6828059357329,135.455277987557,47.54908336848662,35.874314322778694,11.674769045707926,0,4.613278693792633,W008
SHP000263,2026-05-15,Bangalore,Chennai,EcoTrans,Automotive,1116.70222385251,385.32110155237916,524.5816596163497,7.8415377709514855,9.661283722753232,-1.819745951801747,1,4.885508569254877,W007
SHP000264,2026-04-15,Hyderabad,Pune,FastShip,Automotive,1163.0047769074351,261.1048304870261,754.1436210782131,3.884626638342595,5.857235680704794,-1.972609042362199,1,4.514192980744674,W002
SHP000265,2026-03-26,Delhi,Hyderabad,PrimeLogistics,Automotive,2530.119994151095,1356.6041610337872,1415.8165902308722,26.128440789086483,31.262476235477596,-5.134035446391113,1,5.0,W005
SHP000266,2026-06-18,Bangalore,Chennai,FastShip,Textiles,137.7602979240689,1552.3080582212983,220.79104926552918,42.89838293646841,34.345855471593076,8.552527464875332,0,3.7663497092277365,W003
SHP000267,2026-03-31,Kolkata,Pune,PrimeLogistics,FMCG,141.10420965291843,490.8057981715547,111.65105577724343,17.341357773414078,12.60883914375924,4.732518629654837,0,4.847591855611841,W010
SHP000268,2026-01-22,Kolkata,Hyderabad,PrimeLogistics,Automotive,2573.369052121363,1107.574053173401,1374.2304715436073,25.847147908472234,30.802667414933808,-4.955519506461574,1,5.0,W003
SHP000269,2026-06-21,Delhi,Pune,PrimeLogistics,Textiles,201.935452473916,1206.6030505937683,228.02412703296244,34.599256696232096,32.4221705291994,2.177086167032698,0,4.355423115954275,W006
SHP000270,2026-01-05,Hyderabad,Bangalore,GlobalLine,FMCG,410.801748045773,742.7082613895469,287.49034580939815,12.811139993422842,17.34052497389101,-4.529384980468169,1,4.016821705311999,W006
SHP000271,2026-05-05,Chennai,Delhi,GlobalLine,FMCG,1137.1829320995666,1891.8440917149444,682.6019077827361,31.14032176477467,42.99973998306953,-11.859418218294863,1,5.0,W002
SHP000272,2026-03-17,Delhi,Hyderabad,FastShip,Automotive,973.1498940817673,1327.0405440448915,680.8295353113255,34.20044714153127,35.69165998779168,-1.4912128462604102,1,5.0,W010
SHP000273,2026-02-03,Pune,Delhi,GlobalLine,FMCG,285.25126324432625,1699.797250491117,291.3413422882773,63.5233175037588,45.314358919071054,18.208958584687743,0,2.6597032275299477,W010
SHP000274,2026-02-12,Ahmedabad,Mumbai,PrimeLogistics,Automotive,1552.7185191738376,1135.551145904183,1046.3912753064915,34.50327439741629,31.36883776829828,3.13443662911801,0,4.360877890192284,W004
SHP000275,2026-04-24,Kolkata,Ahmedabad,PrimeLogistics,FMCG,241.14902031304416,1061.1201166084752,241.41102591809792,32.11622653810995,28.01018532918586,4.10604120892409,0,5.0,W009
SHP000276,2026-03-03,Kolkata,Ahmedabad,PrimeLogistics,FMCG,631.3402438063931,1065.885039140932,423.17737307328173,32.15987567256802,27.06296179494462,5.0969138776234,0,4.680887804679049,W006
SHP000277,2026-06-23,Ahmedabad,Chennai,EcoTrans,Pharmaceuticals,61.22241559196834,404.1361064136887,53.089440827653625,10.413742801497092,8.913621808121878,1.500120993375214,1,5.0,W009
SHP000278,2026-05-16,Pune,Delhi,GlobalLine,Textiles,123.48071505002804,1984.4389075637905,202.8195874561245,41.40823815277407,48.438101615768474,-7.029863462994406,1,5.0,W003
SHP000279,2026-03-06,Mumbai,Pune,PrimeLogistics,Automotive,3514.5452669953384,1270.3723554943401,1917.2077173211983,33.681879082556776,30.65701621064134,3.0248628719154347,0,4.8365052451798105,W009
SHP000280,2026-01-27,Delhi,Chennai,FastShip,FMCG,792.7211179250099,109.9362657315342,511.5645918234617,1.9627310336271087,2.4418898370940565,-0.47915880346694784,1,5.0,W005
SHP000281,2026-04-26,Bangalore,Ahmedabad,PrimeLogistics,Electronics,94.53440460440402,721.1700710423503,107.34923011943852,18.990838356608027,17.188097245707226,1.8027411109008007,1,4.411133155605422,W004
SHP000282,2026-04-26,Hyderabad,Mumbai,PrimeLogistics,Electronics,35.24690058064267,1471.9347825852003,160.4182066954235,24.280335284412676,37.62010071550206,-13.339765431089386,1,4.119595594009612,W007
SHP000283,2026-05-09,Hyderabad,Delhi,PrimeLogistics,Electronics,46.83401499949162,1608.97492942646,153.7260206909385,54.04129808947308,41.07586465309274,12.965433436380344,0,4.810582418093103,W006
SHP000284,2026-02-27,Mumbai,Chennai,FastShip,Automotive,887.5991331388634,223.22182951763986,562.8507996087161,8.581412984842668,5.662893951209775,2.918519033632893,0,5.0,W003
SHP000285,2026-02-05,Mumbai,Chennai,PrimeLogistics,FMCG,612.1777052877633,612.6593682436072,416.00538690360037,17.577979759280655,15.310072170475248,2.267907588805407,0,5.0,W008
SHP000286,2026-04-25,Mumbai,Delhi,FastShip,Automotive,693.1499604325445,1444.59377600774,586.5824754446862,25.913821665229253,36.264525028911955,-10.350703363682701,1,4.903170270360141,W004
SHP000287,2026-02-08,Pune,Mumbai,EcoTrans,FMCG,215.398909197792,268.3408163912727,103.65681352309876,3.6624459416323742,6.866667543377836,-3.2042216017454614,1,5.0,W005
SHP000288,2026-02-01,Mumbai,Bangalore,PrimeLogistics,Textiles,261.86276655943,900.3713012587368,229.33771144236746,22.69056397958852,24.052437645933793,-1.3618736663452715,1,4.52028038163826,W008
SHP000289,2026-01-17,Delhi,Ahmedabad,PrimeLogistics,Textiles,162.9328501479233,1186.5573153316543,197.43609110244398,34.88033230811343,27.41761082326056,7.462721484852871,0,3.548315602470775,W009
SHP000290,2026-01-05,Chennai,Pune,GlobalLine,Automotive,479.9120724937344,149.7737462109231,227.96310696169223,4.184801078810783,4.0424207083035295,0.1423803705072535,1,4.101542280167848,W007
SHP000291,2026-01-01,Hyderabad,Delhi,PrimeLogistics,FMCG,402.0135206474971,592.6638418449702,269.4174324788664,15.546367579817879,16.142018499468506,-0.5956509196506268,1,4.81558488520373,W002
SHP000292,2026-05-15,Hyderabad,Mumbai,FastShip,Pharmaceuticals,42.91926538452135,1625.0222886118497,180.23376133755465,40.18119160539422,40.45950144052726,-0.27830983513304375,1,5.0,W008
SHP000293,2026-01-12,Pune,Bangalore,EcoTrans,Electronics,230.45774337488297,1554.4745080831085,189.75621850464452,35.331533013834346,39.889915812153575,-4.558382798319229,1,5.0,W006
SHP000294,2026-01-18,Hyderabad,Delhi,FastShip,Textiles,147.33702223771857,1348.2147969075652,237.72378257711227,29.461919177235828,30.21854684006916,-0.7566276628333313,1,4.898163124911517,W006
SHP000295,2026-02-04,Mumbai,Chennai,EcoTrans,FMCG,195.54597948221203,1821.8837029899696,196.62658954458624,34.15403681235522,43.05420611017736,-8.900169297822139,1,4.848084576006892,W008
SHP000296,2026-06-28,Ahmedabad,Hyderabad,GlobalLine,FMCG,848.4812357578461,1575.7500582148443,502.4647677225945,15.472480730602319,39.276243301614876,-23.803762571012555,1,5.0,W002
SHP000297,2026-04-28,Mumbai,Chennai,GlobalLine,Electronics,145.1633791660526,141.46445387343005,86.64719902075917,3.653534679810946,3.929934390219793,-0.27639971040884737,1,5.0,W004
SHP000298,2026-01-11,Hyderabad,Bangalore,PrimeLogistics,Textiles,205.98770636302504,199.28997064344514,128.70588962609094,5.627819969947911,4.695460385296737,0.9323595846511736,1,4.2796193299502585,W008
SHP000299,2026-03-06,Mumbai,Ahmedabad,GlobalLine,Automotive,1341.0696570890623,981.4717247078388,819.763927235592,16.637602626994568,25.175891814763403,-8.538289187768836,1,4.595790087738306,W006
SHP000300,2026-01-13,Hyderabad,Bangalore,FastShip,Automotive,875.7204181089122,387.36897459637566,531.7112526482057,9.561984206847752,9.105417630687867,0.4565665761598847,1,5.0,W007
SHP000301,2026-04-13,Ahmedabad,Chennai,EcoTrans,FMCG,180.02432877301203,1734.2654173639264,203.10520802770827,39.457156998237345,38.85796858136342,0.5991884168739219,1,5.0,W008
SHP000302,2026-06-27,Ahmedabad,Bangalore,EcoTrans,Electronics,248.43725501148182,255.2781569188787,121.9194046261393,7.052481575320298,6.3585137012792226,0.6939678740410757,1,5.0,W007
SHP000303,2026-01-21,Pune,Kolkata,GlobalLine,Textiles,60.21824165317917,1336.849587586813,138.3024397766834,22.35988038114302,29.91018958240558,-7.550309201262557,1,5.0,W005
SHP000304,2026-03-24,Delhi,Mumbai,EcoTrans,Automotive,1136.4236589961681,972.5557674342203,499.9084777712545,21.788171607476404,25.984423269265257,-4.196251661788853,1,4.600403996674873,W005
SHP000305,2026-04-25,Pune,Delhi,PrimeLogistics,Automotive,778.8448091798393,1537.8278608084065,565.8790333865013,27.208790693490503,35.722645727066286,-8.513855033575783,1,4.819763297897702,W008
SHP000306,2026-01-11,Hyderabad,Kolkata,PrimeLogistics,Automotive,1562.0012399244133,957.3547539438774,1034.8506950635638,31.125361023091717,25.496343472561428,5.629017550530289,0,4.39817964644057,W001
SHP000307,2026-01-20,Pune,Bangalore,GlobalLine,Electronics,91.76197128452392,300.4000299175981,72.10518115283395,14.549066268179386,8.090559542425115,6.458506725754271,0,5.0,W003
SHP000308,2026-06-05,Ahmedabad,Mumbai,GlobalLine,Electronics,75.59323140647709,1932.505642411542,180.9981742082932,59.747907979688016,48.583148923803854,11.164759055884161,0,3.5494520516420867,W004
SHP000309,2026-06-15,Hyderabad,Bangalore,PrimeLogistics,Textiles,500.74171528130734,1616.0369032701988,408.9302454853697,56.42120813711531,44.42572779411536,11.995480342999947,0,3.1908946600403967,W001
SHP000310,2026-06-04,Bangalore,Pune,PrimeLogistics,Automotive,1185.7575425357916,1422.2083245207248,822.9126210721334,31.14670327058518,33.99158970354344,-2.8448864329582584,1,4.798175768379002,W006
SHP000311,2026-04-24,Delhi,Hyderabad,GlobalLine,Textiles,121.7391026503875,936.6144948998631,138.93017555233803,23.306351996855124,21.074560918624655,2.2317910782304686,0,4.872581374109936,W006
SHP000312,2026-04-12,Hyderabad,Pune,EcoTrans,FMCG,382.7293094959398,1059.8928697956126,256.6626473645755,19.0755932344207,25.97433443477854,-6.89874120035784,1,5.0,W002
SHP000313,2026-01-07,Bangalore,Kolkata,PrimeLogistics,Textiles,178.72877069486842,408.2434709867108,121.14207642004472,12.903637578189846,10.352455980866074,2.5511815973237724,0,5.0,W002
SHP000314,2026-03-09,Kolkata,Pune,PrimeLogistics,FMCG,378.7810220408386,1791.4903007338241,335.1948933511606,51.27610650327465,47.27559982093769,4.000506682336955,0,4.45224862669679,W010
SHP000315,2026-03-15,Ahmedabad,Delhi,FastShip,FMCG,366.3765679875133,1449.461317384292,345.6455223291939,47.839482858887514,35.98578684343251,11.853696015455007,0,3.731930889382743,W002
SHP000316,2026-04-26,Bangalore,Pune,PrimeLogistics,Electronics,192.94841455837292,779.8167041183394,174.54322821206478,15.777116062008709,21.031263103947886,-5.254147041939177,1,4.747612539385892,W006
SHP000317,2026-06-20,Hyderabad,Pune,FastShip,Textiles,298.7931580583617,291.2112091947133,196.45088045261335,7.564297893905379,6.654709611144164,0.9095882827612147,1,4.577684285792413,W009
SHP000318,2026-03-16,Kolkata,Ahmedabad,GlobalLine,FMCG,97.98170448860998,1522.7700402302823,175.97603348490756,48.95111948029551,39.174129403141784,9.776990077153727,0,3.806490835925603,W006
SHP000319,2026-05-11,Chennai,Mumbai,GlobalLine,FMCG,421.9231325950784,1304.8700627619,291.77960101636063,33.795415313417564,34.00108452794316,-0.2056692145255994,1,5.0,W004
SHP000320,2026-05-07,Mumbai,Chennai,EcoTrans,Pharmaceuticals,23.337465567186058,232.31818150857092,24.043905566354905,7.228422956766025,6.303819936217288,0.9246030205487363,1,4.670087869633864,W009
SHP000321,2026-02-03,Delhi,Mumbai,EcoTrans,Pharmaceuticals,51.786588560837316,1418.886089668679,118.7934555714529,22.43622549588348,33.81470040586488,-11.378474909981403,1,5.0,W008
SHP000322,2026-05-15,Pune,Ahmedabad,PrimeLogistics,Textiles,101.60239607369506,1882.7791550521172,238.01513329836845,58.02106557204834,50.07512616722854,7.9459394048198035,0,4.760255980496131,W002
SHP000323,2026-02-02,Hyderabad,Pune,FastShip,Pharmaceuticals,43.057642938725934,1374.3913926210846,159.68337758108416,29.272961783925798,31.15186846461541,-1.8789066806896138,1,4.1475607229338385,W008
SHP000324,2026-06-24,Hyderabad,Delhi,GlobalLine,FMCG,84.46948699284721,1742.6708580930729,183.34312716915932,36.65296804279888,42.31623658460764,-5.663268541808755,1,4.954733358847919,W007
SHP000325,2026-05-09,Mumbai,Ahmedabad,FastShip,Textiles,231.69728345530223,632.0709261459299,214.00914337696875,15.728806153078787,15.013776260599116,0.7150298924796719,1,5.0,W003
SHP000326,2026-03-19,Bangalore,Delhi,EcoTrans,FMCG,400.52362104498917,1629.3228759987335,253.926872887446,34.67357804701934,45.25747691214745,-10.583898865128113,1,5.0,W006
SHP000327,2026-05-13,Kolkata,Ahmedabad,FastShip,Automotive,750.36357968117,1758.232295175643,571.0452458831103,55.418360486681564,46.10457096126701,9.313789525414556,0,3.6132691359261777,W004
SHP000328,2026-06-12,Kolkata,Delhi,EcoTrans,Textiles,205.4851799910933,559.598273691794,113.15654894594239,16.661909309735236,13.88509248663518,2.776816823100056,0,3.914163013471701,W009
SHP000329,2026-01-24,Bangalore,Hyderabad,GlobalLine,FMCG,175.98093081150793,1512.0670775900464,190.07219371727456,30.389952088544792,41.45690248748478,-11.06695039893999,1,5.0,W010
SHP000330,2026-06-04,Hyderabad,Ahmedabad,FastShip,Electronics,157.43391285340883,1227.1209832040302,228.91829861897344,27.62062072883613,28.3611969432126,-0.7405762143764711,1,4.915589138404995,W002
SHP000331,2026-01-12,Kolkata,Pune,GlobalLine,Textiles,203.2562754017044,220.91772764462047,127.20823108329834,7.2964954319863775,5.654139833788494,1.6423555981978835,1,4.968342203829655,W007
SHP000332,2026-06-08,Mumbai,Kolkata,EcoTrans,Automotive,1711.4284437781669,1675.6449187018354,905.0680043202307,13.814697476288435,42.612712829624186,-28.79801535333575,1,5.0,W008
SHP000333,2026-03-04,Pune,Bangalore,PrimeLogistics,Electronics,72.41403041436234,1570.3713458872971,181.64928505917874,23.297770275741062,42.95772761001344,-19.65995733427238,1,5.0,W001
SHP000334,2026-02-10,Ahmedabad,Chennai,PrimeLogistics,Pharmaceuticals,23.415320207164154,1299.4843508747786,129.56643089973065,34.70947519511905,34.06702527436949,0.6424499207495558,1,4.13477210197646,W004
SHP000335,2026-03-29,Bangalore,Chennai,EcoTrans,Automotive,919.1860331640507,1026.5674303804024,474.4793056403375,22.44387650924345,28.43918878927004,-5.995312280026592,1,5.0,W007
SHP000336,2026-02-03,Hyderabad,Kolkata,FastShip,Automotive,1674.9403502075622,1061.9055130408851,1136.5952813263877,19.3935882952,23.813861155087444,-4.420272859887444,1,4.339988744389647,W004
SHP000337,2026-04-30,Delhi,Chennai,PrimeLogistics,FMCG,229.41294626883544,366.0457853513036,151.31911116224995,10.092438718447527,10.18675995874072,-0.09432124029319233,1,4.889902686496021,W003
SHP000338,2026-01-25,Mumbai,Chennai,PrimeLogistics,Textiles,69.7916362759352,472.58565420294656,81.74481906218037,11.423447765462171,11.192765558635244,0.23068220682692697,1,4.248156029584842,W007
SHP000339,2026-03-05,Bangalore,Ahmedabad,EcoTrans,Textiles,168.14673203123107,1624.9127912016445,184.57837371493395,33.084421427313906,40.74632347969322,-7.661902052379311,1,5.0,W006
SHP000340,2026-02-18,Bangalore,Kolkata,PrimeLogistics,Pharmaceuticals,34.00189890132091,854.3285783506642,86.12905127889147,20.206824043764513,21.958294080490923,-1.7514700367264098,1,4.601987071598256,W005
SHP000341,2026-05-08,Mumbai,Delhi,PrimeLogistics,Textiles,336.1122262793498,1037.7385026462255,287.3547876199605,29.166525753014653,29.01195261764608,0.15457313536857242,1,4.784986760361767,W008
SHP000342,2026-03-03,Chennai,Hyderabad,EcoTrans,Electronics,72.45672783545496,849.6945436355281,87.18855045976528,22.177040382867744,20.788734149815667,1.3883062330520772,1,5.0,W001
SHP000343,2026-03-14,Ahmedabad,Kolkata,PrimeLogistics,Automotive,361.0075174695715,1665.20173002046,376.499424957927,54.87240399945242,44.83920286520493,10.033201134247491,0,4.0691137189040285,W009
SHP000344,2026-01-03,Delhi,Kolkata,GlobalLine,Automotive,710.0896771781397,1404.5208356359528,431.3683082608431,15.771537164236488,34.1341166365744,-18.36257947233791,1,4.64042334037879,W006
SHP000345,2026-04-14,Hyderabad,Mumbai,PrimeLogistics,Electronics,90.36642495276085,1527.2382908359943,168.3031339387573,25.860519164052832,34.33396632438579,-8.47344716033296,1,5.0,W010
SHP000346,2026-05-24,Chennai,Bangalore,EcoTrans,Electronics,92.3221227098466,1370.2880287735368,137.14825774689342,32.305586758484786,33.12194441793154,-0.8163576594467514,1,5.0,W007
SHP000347,2026-05-10,Ahmedabad,Pune,EcoTrans,Textiles,279.65277750892386,1263.8895898551564,220.10338693218532,35.23697678748386,33.29570302564879,1.9412737618350704,1,4.835048125959231,W010
SHP000348,2026-01-31,Bangalore,Mumbai,PrimeLogistics,Automotive,648.3193044989877,370.06053520756956,351.1379544269522,8.786672347698415,9.07840111963912,-0.29172877194070423,1,4.059075477251181,W006
SHP000349,2026-05-23,Hyderabad,Ahmedabad,GlobalLine,FMCG,238.25705368987585,333.7062607351167,147.53533352114675,8.214994880348566,8.028640301574258,0.18635457877430817,1,5.0,W010
SHP000350,2026-05-11,Pune,Kolkata,FastShip,Electronics,191.15796106012257,1706.648289680823,289.25613382269574,29.430828113860702,41.948709200429285,-12.517881086568583,1,5.0,W001
SHP000351,2026-02-05,Hyderabad,Ahmedabad,PrimeLogistics,Textiles,323.6726613777957,948.1970811630061,277.0642896571792,21.25746300184517,25.53924675075861,-4.2817837489134405,1,4.090346035667638,W008
SHP000352,2026-02-08,Bangalore,Chennai,EcoTrans,FMCG,218.4753069878683,1206.1776185288163,170.36641418389206,38.858705935386226,30.885920850055747,7.972785085330479,0,4.766074059880744,W007
SHP000353,2026-06-07,Kolkata,Hyderabad,EcoTrans,Textiles,113.74491193310756,918.0057430781943,102.84829625893747,22.521073896314853,25.098811488893933,-2.57773759257908,1,4.517797872694154,W009
SHP000354,2026-05-17,Ahmedabad,Hyderabad,EcoTrans,Pharmaceuticals,30.770290627020245,148.35074382092665,23.840825747623537,3.292262100253247,3.830625959274485,-0.5383638590212381,1,4.895389063127736,W001
SHP000355,2026-04-05,Hyderabad,Pune,FastShip,Pharmaceuticals,18.63864310440527,1386.5292154965177,147.34256793109836,26.7801937456451,33.536761876519506,-6.756568130874406,1,5.0,W010
SHP000356,2026-03-20,Mumbai,Hyderabad,PrimeLogistics,Automotive,790.1833921624022,367.0506383988855,465.5556842129136,9.246867415321463,8.135758268420473,1.11110914690099,1,4.8921002202153705,W010
SHP000357,2026-05-28,Chennai,Pune,FastShip,Textiles,157.78740616973002,158.8160027467527,107.45630822820112,3.5465178139001963,3.6464391849218845,-0.09992137102168819,1,4.098109289110911,W008
SHP000358,2026-02-13,Pune,Delhi,GlobalLine,Electronics,84.09476101900545,1810.1580477313134,172.514367680907,58.953426335950674,50.20566201735708,8.747764318593596,0,3.9583138232626354,W010
SHP000359,2026-06-29,Delhi,Bangalore,FastShip,Pharmaceuticals,58.43190994059612,1969.625010099882,214.65765272566296,59.74416136482383,54.69020916311711,5.053952201706721,0,3.724771520192668,W006
SHP000360,2026-04-18,Bangalore,Kolkata,GlobalLine,Pharmaceuticals,20.16808645641558,746.7354980835609,70.40112278014097,24.533465096699963,17.118814411408337,7.414650685291626,0,5.0,W009
SHP000361,2026-06-06,Ahmedabad,Pune,FastShip,FMCG,485.6148178794515,936.8385655936057,366.23111341586997,24.831359303472038,22.0681780423248,2.7631812611472384,0,4.092954457057722,W009
SHP000362,2026-02-23,Hyderabad,Pune,PrimeLogistics,Textiles,127.34780031261946,1936.193033146174,243.20122073889658,34.12495119275396,46.63061903047083,-12.50566783771687,1,5.0,W007
SHP000363,2026-03-22,Bangalore,Kolkata,EcoTrans,Textiles,553.62240589176,1028.9058804056576,299.2586175264331,22.158395358901384,28.771388078348,-6.612992719446616,1,5.0,W006
SHP000364,2026-06-23,Kolkata,Hyderabad,PrimeLogistics,FMCG,568.0810349342875,1181.8169862463374,426.49414177292755,24.236887343559953,27.427458108789057,-3.190570765229104,1,4.947025822847932,W004
SHP000365,2026-03-13,Kolkata,Delhi,EcoTrans,Automotive,6951.916225572578,532.7244985960982,3268.352197546282,9.13093302130289,14.626871478758872,-5.495938457455981,1,5.0,W004
SHP000366,2026-06-26,Ahmedabad,Bangalore,PrimeLogistics,Automotive,3767.3004530075373,1752.9414033306014,2061.820269022078,50.03311643833739,46.87901496201004,3.154101476327348,0,4.512993714618561,W009
SHP000367,2026-03-12,Kolkata,Mumbai,PrimeLogistics,Pharmaceuticals,46.863590153858894,1893.6799782682558,178.90316015767516,42.58257996085138,46.91791670037455,-4.335336739523164,1,4.993264089167421,W006
SHP000368,2026-02-07,Kolkata,Mumbai,EcoTrans,Electronics,122.08278268422349,1740.7402927776357,173.27692888309338,32.65720902464248,42.21639780390901,-9.559188779266528,1,4.67311683067559,W006
SHP000369,2026-04-24,Kolkata,Pune,PrimeLogistics,FMCG,231.64089742382646,1071.4233781814273,221.34748144757185,36.656859950880474,27.282375805916942,9.374484144963532,0,4.6595297154977855,W004
SHP000370,2026-05-18,Kolkata,Hyderabad,EcoTrans,FMCG,270.5471520853505,1552.6028098439635,223.80303291092767,40.93891335854114,43.06343070565829,-2.1245173471171483,1,4.924363358173244,W002
SHP000371,2026-06-07,Chennai,Delhi,FastShip,Textiles,178.0362892143055,1709.240822993415,292.20721896719505,49.08375580907715,38.24382851817303,10.839927290904114,0,3.8483801082127425,W004
SHP000372,2026-06-13,Chennai,Mumbai,FastShip,Pharmaceuticals,54.600274638175534,1069.8217291080412,138.8927723289258,29.344568436032354,29.48246349326248,-0.13789505723012496,1,4.8057407734555575,W006
SHP000373,2026-05-01,Delhi,Pune,GlobalLine,Electronics,176.17789866882623,1415.811619920505,186.63229798935222,41.67200381433757,33.691182156068486,7.980821658269086,0,4.774612428446768,W009
SHP000374,2026-02-10,Pune,Hyderabad,PrimeLogistics,Pharmaceuticals,29.547215632287603,629.6437575876507,67.51346483653805,21.631869290815832,17.46926967734031,4.162599613475521,0,4.840282748701094,W004
SHP000375,2026-03-15,Hyderabad,Bangalore,FastShip,Electronics,144.3131809752614,1506.9046507116864,214.73252690771594,45.12109950658157,39.96396655580752,5.157132950774056,0,4.832838132876731,W010
SHP000376,2026-03-01,Mumbai,Bangalore,PrimeLogistics,FMCG,673.2100486894332,1555.6202723116137,542.2476218736507,39.68596923433485,39.95085598654511,-0.26488675221025915,1,4.559062674386141,W001
SHP000377,2026-04-12,Ahmedabad,Delhi,EcoTrans,Electronics,92.56438259546019,873.5023293386926,90.16775517365163,17.126063684179698,21.045224539112276,-3.919160854932578,1,5.0,W001
SHP000378,2026-03-18,Delhi,Chennai,EcoTrans,Pharmaceuticals,34.6294631909464,1900.6072493324946,131.64505214357058,27.754340212089083,52.70515280687278,-24.9508125947837,1,5.0,W009
SHP000379,2026-05-15,Ahmedabad,Delhi,PrimeLogistics,Automotive,1092.8848236860479,1609.5795345324225,773.4915055077606,28.563292508730797,35.89580632063492,-7.332513811904121,1,4.919317813495235,W004
SHP000380,2026-01-29,Hyderabad,Delhi,PrimeLogistics,Automotive,664.4978671799895,661.0519386910922,400.9715140605645,18.90460989108077,15.657694063911173,3.246915827169598,0,4.578395347896638,W003
SHP000381,2026-01-04,Hyderabad,Ahmedabad,EcoTrans,Textiles,171.94662708703004,529.4550958503994,112.14489575580062,7.364735509051948,14.757971349732442,-7.393235840680494,1,4.173540651080558,W004
SHP000382,2026-02-14,Pune,Ahmedabad,PrimeLogistics,Textiles,358.1664651910905,1330.853147382004,290.418009625703,8.916266634016857,36.3748176459289,-27.458551011912043,1,5.0,W006
SHP000383,2026-01-23,Pune,Hyderabad,FastShip,FMCG,975.4430732734618,236.37403183037475,630.1624620422857,7.260324256850471,5.543346900490318,1.716977356360153,1,5.0,W003
SHP000384,2026-05-03,Hyderabad,Delhi,FastShip,Automotive,1615.4141247030966,1627.5211643497885,1137.3083746804107,44.8959714575193,40.88499066845513,4.01098078906417,0,4.344420108239834,W007
SHP000385,2026-03-02,Ahmedabad,Pune,EcoTrans,Automotive,1072.5885966823653,640.1207765622818,462.8067276150703,9.202904816219931,16.500614855320798,-7.297710039100867,1,4.6869049838892165,W005
SHP000386,2026-05-30,Mumbai,Chennai,EcoTrans,FMCG,334.2243525894634,624.722159859709,192.16498429193382,16.86235424925848,13.978869091836,2.8834851574224807,0,4.278086376402301,W001
SHP000387,2026-06-20,Delhi,Kolkata,EcoTrans,FMCG,223.12121739728246,784.444445720813,141.36463222611624,19.612560753621512,21.224141831813892,-1.6115810781923798,1,5.0,W007
SHP000388,2026-06-25,Kolkata,Pune,FastShip,Automotive,686.1717835172706,1794.557075140396,576.2506813895669,54.08824950040108,49.27792509376507,4.810324406636013,0,4.46735668287015,W006
SHP000389,2026-06-07,Chennai,Delhi,GlobalLine,Pharmaceuticals,40.64017983880824,1038.2466768681645,101.05685472367306,22.88090224238084,26.782892924254107,-3.901990681873265,1,5.0,W003
SHP000390,2026-04-27,Hyderabad,Chennai,PrimeLogistics,Textiles,130.48255616954233,1366.1322857985922,209.87987748285371,37.09739210872397,36.2929800634155,0.8044120453084744,1,5.0,W004
SHP000391,2026-03-05,Delhi,Hyderabad,PrimeLogistics,Textiles,144.11557674876798,1585.4653403553775,225.09204072710455,32.54622628593204,35.338621003055344,-2.792394717123301,1,5.0,W006
SHP000392,2026-01-20,Delhi,Mumbai,GlobalLine,Textiles,184.37166678947534,1050.7621768493823,173.87555253925518,22.423552984297846,26.00236849144811,-3.5788155071502636,1,4.389643787042921,W009
SHP000393,2026-02-08,Bangalore,Chennai,PrimeLogistics,Electronics,77.89547108281377,1558.3784941840447,176.97431317744446,40.42127523768667,41.971931595841305,-1.550656358154633,1,4.801668920089041,W004
SHP000394,2026-05-30,Ahmedabad,Mumbai,PrimeLogistics,Electronics,127.82983134996124,1348.9716161232443,187.968073462372,42.96983951730375,36.80121429788563,6.168625219418118,0,3.8472088615381104,W008
SHP000395,2026-02-03,Pune,Chennai,FastShip,Textiles,90.24806519239775,359.541716937228,91.3538670810187,11.446411340426181,9.503257361953239,1.9431539784729424,1,5.0,W008
SHP000396,2026-06-22,Kolkata,Pune,FastShip,Pharmaceuticals,21.139228209646276,850.7487244618562,98.37885924229957,18.112177720020384,19.73336478421744,-1.6211870641970556,1,5.0,W005
SHP000397,2026-01-01,Chennai,Hyderabad,FastShip,Electronics,76.50689835766497,311.87320341042516,76.08457246572105,7.062322469355477,7.361940386831291,-0.299617917475814,1,4.237340454883272,W007
SHP000398,2026-03-30,Delhi,Hyderabad,FastShip,Electronics,56.97030202146483,136.72249874344197,43.75349961228318,1.203046574208792,3.347220532966506,-2.1441739587577144,1,4.904486118699915,W008
SHP000399,2026-01-09,Kolkata,Chennai,GlobalLine,FMCG,1408.3222002750758,118.8552601428877,708.5446828784557,3.9495920862437424,3.3019174406825442,0.6476746455611981,1,5.0,W007
SHP000400,2026-04-06,Pune,Chennai,PrimeLogistics,Pharmaceuticals,39.850662952476995,692.5413300420781,87.40216907510595,20.46979481674392,18.44758968738519,2.0222051293587313,0,4.807587815911122,W002
SHP000401,2026-06-24,Bangalore,Pune,EcoTrans,Electronics,140.59290705527428,328.39373532909485,78.23443791184322,8.333277892753477,7.259246694259011,1.074031198494466,1,5.0,W003
SHP000402,2026-05-18,Pune,Kolkata,GlobalLine,FMCG,212.1402008546164,1084.1250026539,186.94266365466905,27.350839514412908,26.26882124284711,1.082018271565797,1,4.917242023771429,W001
SHP000403,2026-01-06,Kolkata,Chennai,PrimeLogistics,Textiles,214.02918278206238,1582.7146347848627,254.83596292579298,40.95340012599077,38.59929477655255,2.354105349438221,0,4.566675074690346,W007
SHP000404,2026-02-28,Chennai,Kolkata,EcoTrans,FMCG,297.3205033619406,533.6471906380283,154.40627852130365,12.705911510509138,13.29019640385545,-0.5842848933463127,1,5.0,W005
SHP000405,2026-02-18,Delhi,Mumbai,PrimeLogistics,Textiles,198.32057475219975,1929.2598654810915,255.18257687108527,49.36876405589735,46.67667618778256,2.6920878681147897,0,4.399725790454721,W001
SHP000406,2026-03-03,Chennai,Mumbai,FastShip,Textiles,145.55257309137983,367.52560289608454,125.61592702467158,7.083064698812839,9.808497980250355,-2.7254332814375157,1,5.0,W001
SHP000407,2026-04-25,Mumbai,Bangalore,FastShip,Pharmaceuticals,44.60745457814082,837.5148416412915,110.89806342660893,25.355548436606796,19.731372181302476,5.62417625530432,0,4.7568413047668106,W008
SHP000408,2026-03-01,Chennai,Ahmedabad,FastShip,FMCG,287.2991281120071,651.9585607756987,233.55714238914433,16.399770692603308,17.825099146009066,-1.4253284534057578,1,5.0,W009
SHP000409,2026-03-16,Chennai,Ahmedabad,EcoTrans,Textiles,129.26571484407614,355.1222167143235,86.32949706407938,13.612025646118717,8.941252379346308,4.670773266772409,0,4.534824211384353,W010
SHP000410,2026-06-22,Hyderabad,Delhi,EcoTrans,FMCG,124.81011228995163,1391.2786321967048,135.13748332728733,31.41748846625086,32.9012671966818,-1.4837787304309416,1,5.0,W009
SHP000411,2026-02-26,Pune,Bangalore,EcoTrans,Electronics,33.2317902946316,183.4098910217097,24.817480908926377,6.260136869613459,4.525318062921319,1.7348188066921395,1,5.0,W009
SHP000412,2026-06-01,Bangalore,Pune,PrimeLogistics,Textiles,236.27315386202764,559.7565476023863,195.71849331515864,7.7917006722421185,12.976026762006613,-5.184326089764495,1,5.0,W008
SHP000413,2026-01-13,Hyderabad,Pune,PrimeLogistics,Textiles,540.0146956330295,238.85496785132847,325.80901987668767,4.39095108482397,6.660964496666988,-2.270013411843018,1,5.0,W006
SHP000414,2026-06-28,Pune,Chennai,GlobalLine,Automotive,727.0025911819873,1825.0077081812767,554.7152742471509,56.05795414366721,50.663698853623465,5.394255290043745,0,4.470148359703502,W007
SHP000415,2026-02-17,Ahmedabad,Delhi,GlobalLine,Automotive,696.9345035218441,1006.110202289143,447.6869644434892,26.509338908324878,23.627534141459137,2.8818047668657414,0,5.0,W003
SHP000416,2026-04-29,Mumbai,Hyderabad,PrimeLogistics,Pharmaceuticals,58.482381140986305,409.1295132362752,69.05606310855057,10.042327864848374,10.895021346130186,-0.8526934812818112,1,4.999645702711677,W009
SHP000417,2026-05-16,Bangalore,Kolkata,GlobalLine,Automotive,455.06800065593893,711.1729803531424,304.22641062453073,21.590439931074744,18.75588495275078,2.8345549783239647,0,4.63963148856842,W004
SHP000418,2026-03-26,Delhi,Kolkata,EcoTrans,Electronics,64.90814223870501,155.4225509260025,38.00886779299548,3.675380911583812,4.037039223884406,-0.3616583123005941,1,4.6762290971824205,W009
SHP000419,2026-02-18,Mumbai,Chennai,PrimeLogistics,Textiles,284.7289079541458,1987.1845293036317,301.3032019996788,50.39985841009522,52.791638678165036,-2.391780268069816,1,4.327942764818406,W010
SHP000420,2026-01-11,Delhi,Bangalore,GlobalLine,Pharmaceuticals,19.246093439701568,1533.1034493593431,143.34048619247338,22.654949486688345,42.475507335863284,-19.82055784917494,1,5.0,W004
SHP000421,2026-03-27,Kolkata,Mumbai,GlobalLine,FMCG,219.59988754345466,1171.7406547836838,197.78223090239223,36.40240979015411,30.39470235078772,6.0077074393663885,0,4.044188696543142,W002
SHP000422,2026-05-03,Chennai,Pune,GlobalLine,Pharmaceuticals,28.775619491181665,1844.6542646833304,149.06176379918054,41.4828301912757,46.18229829655425,-4.699468105278548,1,5.0,W004
SHP000423,2026-05-22,Hyderabad,Ahmedabad,EcoTrans,Pharmaceuticals,38.12880639886791,929.5669605606556,80.68735174056037,26.741233476193194,23.332307617222703,3.408925858970491,0,4.256552794159805,W008
SHP000424,2026-05-17,Hyderabad,Bangalore,EcoTrans,Automotive,2135.0595835897584,770.7957440405745,1035.4659135762026,20.325949743681125,21.334654282427525,-1.0087045387464002,1,5.0,W009
SHP000425,2026-05-08,Ahmedabad,Mumbai,PrimeLogistics,Automotive,998.6934645691592,1045.3257190775942,603.3941074357776,36.793445892970794,26.70470807564066,10.088737817330134,0,3.715765620419231,W004
SHP000426,2026-04-05,Hyderabad,Chennai,FastShip,Textiles,117.48747384269194,1724.5573830778767,222.22104243927896,13.496052224969073,38.67656170409132,-25.180509479122247,1,5.0,W004
SHP000427,2026-02-07,Mumbai,Chennai,PrimeLogistics,Automotive,1482.4468220414606,731.1629629196487,913.7527928041983,21.436235317116008,19.46848384111152,1.9677514760044872,1,4.327135449029877,W003
SHP000428,2026-02-20,Hyderabad,Delhi,PrimeLogistics,Textiles,242.44359234435538,1764.1778586824084,290.84809947239546,36.532983459105495,41.80190249275453,-5.268919033649034,1,4.959238663449177,W004
SHP000429,2026-05-08,Hyderabad,Bangalore,PrimeLogistics,Pharmaceuticals,42.0005570832977,100.02210603519566,31.36990413843412,2.2078310716451663,2.514061745196377,-0.3062306735512106,1,4.634243298051835,W008
SHP000430,2026-02-13,Hyderabad,Delhi,GlobalLine,Textiles,117.66525676434428,677.4907732845519,106.93758739305324,17.44328576917062,14.910788017449779,2.5324977517208396,0,4.172353207248587,W008
SHP000431,2026-02-17,Mumbai,Hyderabad,FastShip,Electronics,140.13330706590583,902.9954743258573,164.03694849880023,24.12961115275775,21.62834063822698,2.50127051453077,0,5.0,W001
SHP000432,2026-01-02,Pune,Delhi,GlobalLine,Electronics,134.19037854818333,445.06653873754505,100.04962745538475,10.37759753096361,12.200004261318417,-1.8224067303548068,1,5.0,W003
SHP000433,2026-01-03,Chennai,Hyderabad,PrimeLogistics,Automotive,3688.45163629174,249.06605100253552,2068.8150046276996,8.139760204462048,6.5394595479049,1.600300656557148,1,5.0,W001
SHP000434,2026-06-08,Ahmedabad,Hyderabad,PrimeLogistics,Electronics,75.54632636791771,1209.1682829768122,161.33919023814883,31.285294265695136,26.909476410386414,4.375817855308721,0,3.810878063589219,W001
SHP000435,2026-05-17,Pune,Mumbai,FastShip,Textiles,332.0930997505556,1542.1100367916688,319.68930758246154,29.029460367611346,38.68094156963748,-9.651481202026137,1,3.8454081343575672,W005
SHP000436,2026-05-18,Kolkata,Mumbai,PrimeLogistics,FMCG,363.87749406933915,1872.557238882377,388.8202266552197,45.09909105639521,49.029646106081884,-3.9305550496866744,1,5.0,W002
SHP000437,2026-01-25,Bangalore,Delhi,GlobalLine,Textiles,220.18694186372525,1485.0640171460511,245.45670004873094,39.48286594317306,35.11349150993783,4.36937443323523,0,4.295082983971831,W009
SHP000438,2026-03-06,Hyderabad,Bangalore,PrimeLogistics,Electronics,131.55829064172445,756.1497092652869,134.33155074147658,23.39036028305555,21.074764094423074,2.315596188632476,0,5.0,W006
SHP000439,2026-04-14,Ahmedabad,Kolkata,GlobalLine,FMCG,435.82849796984925,1899.4722675061862,369.59527385190466,65.43411416215164,46.12508690829307,19.309027253858574,0,3.296188858209062,W005
SHP000440,2026-06-25,Delhi,Pune,FastShip,Electronics,76.86658745464324,1495.4434709436237,185.2953600083141,20.555609622911376,33.12580831925638,-12.570198696345003,1,4.821485399596695,W007
SHP000441,2026-04-08,Pune,Kolkata,PrimeLogistics,Electronics,156.7464441165743,1138.2176005479098,203.78231092497646,29.045287230102744,25.39364870238743,3.6516385277153134,0,5.0,W001
SHP000442,2026-06-29,Bangalore,Mumbai,PrimeLogistics,Pharmaceuticals,37.13599992654145,1739.01689518344,162.3311323280249,21.516181446927956,46.605689119991396,-25.08950767306344,1,5.0,W006
SHP000443,2026-05-25,Delhi,Hyderabad,FastShip,FMCG,248.46018699192905,651.0865107286301,227.29720448857805,13.295423221181808,16.951830307566897,-3.656407086385089,1,4.675304153128128,W004
SHP000444,2026-06-27,Ahmedabad,Bangalore,FastShip,Electronics,147.74462947900878,1287.2607892532978,215.26905468430115,31.543862440902405,34.7521566924041,-3.2082942515016946,1,5.0,W005
SHP000445,2026-05-20,Mumbai,Bangalore,EcoTrans,Electronics,41.318911303971014,682.8755390920683,62.11405826472591,19.36374478831624,17.568854356497006,1.7948904318192334,1,5.0,W004
SHP000446,2026-05-31,Bangalore,Ahmedabad,PrimeLogistics,Electronics,65.05398071665519,868.6020325903525,102.5290751166675,20.087066074395665,23.193897070454092,-3.1068309960584273,1,4.146321021203526,W005
SHP000447,2026-02-11,Chennai,Hyderabad,PrimeLogistics,Textiles,112.30061315530646,207.5127466787597,78.00852851218455,7.514948825956216,5.7411911438832535,1.7737576820729624,1,5.0,W006
SHP000448,2026-04-09,Bangalore,Ahmedabad,FastShip,Textiles,348.19180786499095,1301.3360919115157,313.7454550288191,28.598806222164555,31.89575175700397,-3.2969455348394163,1,5.0,W006
SHP000449,2026-01-14,Delhi,Kolkata,GlobalLine,Electronics,62.026297561123734,920.8359624295614,114.73702821158619,15.694516408199142,20.631343808702614,-4.936827400503471,1,4.335842524267474,W006
SHP000450,2026-06-04,Pune,Ahmedabad,EcoTrans,Electronics,104.39426821672542,1944.2854362785138,162.92247960849227,58.04980064266968,47.48257290388162,10.567227738788063,0,4.46090189348307,W005
SHP000451,2026-04-26,Ahmedabad,Delhi,EcoTrans,Textiles,77.97183022994734,855.463519250454,87.00478162374179,15.255822359808256,19.874126453694934,-4.618304093886678,1,4.126273457652467,W007
SHP000452,2026-04-21,Bangalore,Pune,PrimeLogistics,Electronics,94.19970588116294,646.1771633047753,112.08047237995488,14.72839543421317,17.97097782602073,-3.2425823918075594,1,5.0,W010
SHP000453,2026-03-17,Chennai,Pune,FastShip,Electronics,76.40879979789875,1238.184715585725,168.78427567013836,29.88070480097004,32.05787628041373,-2.1771714794436896,1,5.0,W005
SHP000454,2026-02-09,Pune,Hyderabad,GlobalLine,Pharmaceuticals,54.82150724240384,1259.0140924510229,123.33737551651767,37.31408292666635,29.746194057320327,7.5678888693460244,0,4.378958768478221,W006
SHP000455,2026-04-03,Delhi,Mumbai,FastShip,Automotive,1606.423673248264,485.00200485715203,1028.1140014335472,13.792622394814368,12.710368760720574,1.082253634093794,1,4.45949177295147,W008
SHP000456,2026-04-03,Kolkata,Mumbai,GlobalLine,Electronics,234.42416412501876,129.25029421348611,129.66758423047924,3.474520380099108,3.0397871631257978,0.43473321697331,1,4.925431169803014,W003
SHP000457,2026-04-21,Ahmedabad,Kolkata,PrimeLogistics,Electronics,176.19909765872393,458.22715092357714,141.96696430305013,11.700840970606324,12.767143999309166,-1.0663030287028423,1,4.56780446454291,W001
SHP000458,2026-01-23,Hyderabad,Kolkata,FastShip,Textiles,182.90695566273345,1521.9302643848396,277.06189069338717,33.35702112961712,37.44576373892571,-4.088742609308596,1,4.19671144963066,W010
SHP000459,2026-03-25,Pune,Mumbai,EcoTrans,Pharmaceuticals,73.58534215148669,1311.6076691022774,114.24772833516172,46.38101838133026,34.47471088900681,11.90630749232345,0,3.9889607753636946,W007
SHP000460,2026-01-22,Chennai,Hyderabad,GlobalLine,Pharmaceuticals,45.86897606867869,126.11655262155598,31.361897217324444,2.2641360562065715,2.9368053966430927,-0.6726693404365212,1,4.584088895884777,W003
SHP000461,2026-02-05,Kolkata,Bangalore,EcoTrans,Pharmaceuticals,35.57848042526237,1492.1936020937137,119.0787898882787,31.90030604150928,38.85258803953476,-6.95228199802548,1,5.0,W003
SHP000462,2026-01-17,Bangalore,Kolkata,EcoTrans,Pharmaceuticals,43.79960780908811,1663.6692295793582,143.14577307176842,47.10112427470863,42.0334745097452,5.067649764963434,0,3.8744038123400073,W005
SHP000463,2026-05-04,Delhi,Chennai,EcoTrans,FMCG,557.8436531470562,1090.7531459170723,284.3909103992212,32.287061991406716,26.425324840674737,5.8617371507319795,0,4.490742242965931,W008
SHP000464,2026-06-02,Chennai,Kolkata,FastShip,FMCG,524.5105352257347,1122.8306921858555,402.9662788847524,29.249299657384366,27.1845097627992,2.064789894585168,0,5.0,W005
SHP000465,2026-01-02,Pune,Bangalore,PrimeLogistics,Automotive,929.0158609977457,1297.4697169667,593.6771628178394,46.40209239966576,34.036218156061445,12.365874243604317,0,2.955729350001205,W008
SHP000466,2026-03-27,Pune,Ahmedabad,GlobalLine,Automotive,262.66006919107946,1333.7124166960753,258.7963438656731,25.75226776496813,29.85386952262928,-4.10160175766115,1,5.0,W006
SHP000467,2026-06-04,Chennai,Kolkata,EcoTrans,FMCG,262.5146009418292,671.9875478851948,157.3466185302858,14.839815664221904,15.010223800273375,-0.17040813605147065,1,5.0,W007
SHP000468,2026-03-23,Kolkata,Pune,PrimeLogistics,Textiles,194.64427591420497,300.2471144048299,140.53540111810057,5.0366773646820056,7.34345182669423,-2.306774462012225,1,5.0,W004
SHP000469,2026-03-25,Pune,Bangalore,PrimeLogistics,Automotive,898.2587995948148,233.93469672197483,482.2735542907891,5.653710869835191,6.078867090188952,-0.4251562203537613,1,5.0,W002
SHP000470,2026-05-25,Chennai,Hyderabad,GlobalLine,Textiles,213.12878627498765,1401.7551887615198,201.6647233167211,24.244868367518787,33.27083417297368,-9.025965805454891,1,4.587294735010523,W001
SHP000471,2026-04-29,Chennai,Kolkata,EcoTrans,Electronics,438.7742856199072,778.0833528251094,232.38849358579665,27.516140181691615,20.985945667877065,6.53019451381455,0,4.01294522256966,W007
SHP000472,2026-06-22,Ahmedabad,Delhi,EcoTrans,FMCG,605.4101901732104,1836.1980433591928,416.770427400207,44.940881257115336,43.99614105204886,0.9447402050664735,1,3.7958757931195857,W005
SHP000473,2026-06-18,Bangalore,Pune,PrimeLogistics,Pharmaceuticals,33.33781827229479,1151.4052605245665,119.73442897258481,20.993409334165566,26.67020546900428,-5.676796134838714,1,5.0,W002
SHP000474,2026-04-25,Ahmedabad,Kolkata,PrimeLogistics,Textiles,299.74738967354415,1692.0259122184268,336.2724736262766,67.86659141252122,44.82199504458203,23.044596367939185,0,2.1300961455431238,W009
SHP000475,2026-06-27,Pune,Kolkata,FastShip,Automotive,1521.2303501714982,440.5811859046334,992.0796947476094,7.9143579471903465,10.299725869580973,-2.3853679223906266,1,5.0,W009
SHP000476,2026-06-02,Delhi,Mumbai,GlobalLine,Automotive,3703.3003770333626,406.589322005229,1727.2458386330256,7.396560850732861,8.991630885081424,-1.5950700343485629,1,4.370747544662333,W003
SHP000477,2026-06-15,Mumbai,Hyderabad,PrimeLogistics,Automotive,938.0660274409468,1086.5266844823898,624.7299082914526,23.536262917389298,25.503078077259147,-1.9668151598698493,1,4.92695658923416,W007
SHP000478,2026-01-28,Mumbai,Delhi,EcoTrans,FMCG,232.02129892537175,544.9864047600349,128.05860874318256,18.991341087757192,15.128373972202947,3.8629671155542447,0,5.0,W009
SHP000479,2026-05-13,Chennai,Kolkata,EcoTrans,Pharmaceuticals,19.379561189641677,1127.7195072923535,88.2574525588292,15.66776810528413,29.56077225823231,-13.893004152948178,1,5.0,W008
SHP000480,2026-06-23,Bangalore,Chennai,FastShip,Pharmaceuticals,21.75285122862222,882.7203805647937,105.03984615796432,16.993952830320204,22.76404647502764,-5.770093644707437,1,5.0,W002
SHP000481,2026-03-17,Pune,Mumbai,FastShip,FMCG,190.05819549817448,740.6924935749289,171.91644918799616,20.607671799287612,19.370917390760287,1.2367544085273252,1,4.639898847972446,W006
SHP000482,2026-03-21,Hyderabad,Chennai,GlobalLine,Textiles,103.25755018809429,1801.7820774756794,184.1940656480849,41.74790845916593,45.128930083018865,-3.381021623852938,1,4.974897691479128,W008
SHP000483,2026-03-31,Ahmedabad,Mumbai,PrimeLogistics,Pharmaceuticals,104.26435250171558,1294.0102675677153,177.67773470390532,21.97406694436948,30.434648275108188,-8.460581330738709,1,5.0,W006
SHP000484,2026-01-18,Kolkata,Mumbai,FastShip,Electronics,107.280658140086,1660.6378895113191,239.15619964521213,52.70696239591425,41.36743300341883,11.339529392495422,0,3.553208417002352,W006
SHP000485,2026-06-15,Delhi,Pune,GlobalLine,FMCG,150.0602344114905,1724.4506371668012,229.28216062965078,40.592683793528316,42.76268295422771,-2.1699991606993905,1,4.907707668377342,W009
SHP000486,2026-02-14,Bangalore,Chennai,PrimeLogistics,Pharmaceuticals,27.64193698321214,1626.7215529789464,171.07911206583086,45.78595720745016,37.77383513952427,8.012122067925887,0,3.0753431262151087,W004
SHP000487,2026-04-14,Bangalore,Delhi,PrimeLogistics,Pharmaceuticals,28.672319234949846,813.3909640863507,92.65570996030516,21.067047313711676,20.010095593734327,1.0569517199773486,1,4.35536892231367,W001
SHP000488,2026-06-07,Chennai,Kolkata,PrimeLogistics,Pharmaceuticals,27.746930517678642,765.9890151437074,80.56036520087682,14.572064006553767,17.167561867121638,-2.595497860567871,1,3.897216971450465,W001
SHP000489,2026-02-24,Chennai,Bangalore,FastShip,Textiles,307.3461510094784,1446.654744935393,291.49866467289854,44.461581291871674,33.71574184710423,10.74583944476744,0,3.820938977911249,W002
SHP000490,2026-05-18,Bangalore,Chennai,EcoTrans,FMCG,1174.58061826972,110.09560376985729,537.539731669653,2.3943412161632893,2.9326009023600133,-0.5382596861967239,1,5.0,W008
SHP000491,2026-01-30,Kolkata,Pune,PrimeLogistics,Textiles,246.67748236325977,1585.7239566001224,289.07329981950016,58.003526981326196,42.52596478142116,15.477562199905037,0,2.880113064313642,W006
SHP000492,2026-06-02,Pune,Kolkata,PrimeLogistics,Textiles,201.9634456519134,1375.1991994214086,237.68975570750035,32.34949940154635,36.37885832009603,-4.029358918549676,1,4.760253516300378,W002
SHP000493,2026-03-31,Hyderabad,Ahmedabad,PrimeLogistics,Textiles,227.6317779089912,1825.6341285306135,300.6442058488863,52.11334344057593,46.705073467567715,5.408269973008217,0,4.851236798131529,W003
SHP000494,2026-06-22,Kolkata,Hyderabad,FastShip,FMCG,398.99139423250114,1199.732833572687,363.95756545044435,39.96875945815981,27.520503861874005,12.448255596285804,0,3.6461514926752328,W006
SHP000495,2026-01-31,Chennai,Bangalore,FastShip,FMCG,199.13933106251295,696.2709356263896,176.6925979026105,13.572251796682556,16.21578512098417,-2.643533324301613,1,5.0,W006
SHP000496,2026-06-27,Bangalore,Hyderabad,PrimeLogistics,Pharmaceuticals,34.32642474708555,1063.4133288035646,105.44061758395104,18.465495871355337,23.88620942863772,-5.420713557282383,1,5.0,W010
SHP000497,2026-02-05,Pune,Chennai,GlobalLine,Pharmaceuticals,44.83231175942946,1612.8587560286003,144.53733650139097,53.0511892897343,42.18295553506427,10.86823375467003,0,3.962331720652048,W009
SHP000498,2026-06-27,Bangalore,Hyderabad,GlobalLine,Pharmaceuticals,35.78329222480241,1309.1111349134114,118.3168454488592,35.53355242370177,30.91737084760344,4.616181576098331,0,4.064207840278066,W005
SHP000499,2026-02-05,Bangalore,Chennai,PrimeLogistics,Textiles,247.40945773132074,602.806551158179,195.24856218393458,10.669180488541404,16.209250168459768,-5.540069679918364,1,5.0,W001
SHP000500,2026-04-02,Mumbai,Kolkata,GlobalLine,FMCG,522.3370006762038,456.67257081527896,273.1945559096464,8.945873174353913,11.961941108178108,-3.0160679338241945,1,4.01868715416371,W007
SHP000501,2026-05-24,Ahmedabad,Chennai,PrimeLogistics,Pharmaceuticals,42.03372648492749,174.0607092561478,39.71847764316669,2.53668030899728,4.166693817101782,-1.6300135081045024,1,5.0,W008
SHP000502,2026-05-06,Bangalore,Mumbai,FastShip,FMCG,277.89107930432965,1992.6995796476797,381.33576906041054,60.26901135724118,53.94083942941823,6.32817192782295,0,3.599396745614152,W005
SHP000503,2026-01-09,Kolkata,Delhi,EcoTrans,FMCG,521.4734180209234,1730.2442149137355,373.0501546162979,46.78480153535346,40.57246010732836,6.212341428025098,0,4.330097447866149,W008
SHP000504,2026-05-25,Ahmedabad,Kolkata,FastShip,Textiles,152.55828955808346,347.15327267499924,112.93554599522375,9.08822582198905,8.388112114462183,0.7001137075268673,1,5.0,W002
SHP000505,2026-03-10,Hyderabad,Kolkata,FastShip,Pharmaceuticals,56.335167209350985,540.8345425867403,77.395653782762,9.661693244244548,14.378692221676115,-4.716998977431567,1,5.0,W009
SHP000506,2026-02-25,Pune,Mumbai,GlobalLine,Automotive,1696.8980527307897,173.98223170656468,920.5118141054694,6.725218105192284,4.474328402842445,2.2508897023498395,0,5.0,W001
SHP000507,2026-04-26,Kolkata,Bangalore,FastShip,Pharmaceuticals,40.380044984964684,1203.8057217875407,153.51211549012575,40.296966264496355,31.949462509124196,8.34750375537216,0,5.0,W002
SHP000508,2026-03-02,Chennai,Ahmedabad,EcoTrans,Textiles,153.44923321473476,839.5378962143981,115.67255080168842,23.450250092314075,21.476312331160546,1.973937761153529,1,3.752592970058835,W007
SHP000509,2026-02-12,Bangalore,Ahmedabad,GlobalLine,FMCG,481.97387102652095,1227.0006161749895,308.85084879139197,37.05691160051288,30.341990327008947,6.714921273503936,0,4.923265393982127,W001
SHP000510,2026-05-26,Hyderabad,Kolkata,EcoTrans,Textiles,352.4828107370491,808.9329750025288,222.90545695719237,27.73916181476464,18.608809181904995,9.130352632859644,0,4.088812572637959,W009
SHP000511,2026-02-13,Hyderabad,Pune,EcoTrans,Automotive,2216.6590266235103,623.0476055585343,916.7580188347882,21.478573963807648,16.08437390973272,5.394200054074929,0,3.8575798940562724,W010
SHP000512,2026-03-10,Delhi,Bangalore,PrimeLogistics,Electronics,121.04768357920959,1439.7643765840703,191.5426600453496,34.30615564528424,37.443323756111084,-3.137168110826842,1,5.0,W005
SHP000513,2026-06-17,Bangalore,Pune,GlobalLine,FMCG,841.4119263123472,1692.494452478421,589.7844857898043,57.02571120711269,46.99299006223596,10.032721144876732,0,3.506597297363572,W003
SHP000514,2026-03-24,Chennai,Ahmedabad,PrimeLogistics,Pharmaceuticals,124.38617924676937,863.5856797923872,134.40598589647254,24.08733812098371,21.965857394207273,2.1214807267764364,0,4.685616316829296,W003
SHP000515,2026-05-28,Kolkata,Pune,PrimeLogistics,Pharmaceuticals,73.75896653714261,774.356855666319,98.97011257647766,23.94076878678052,17.18333683870644,6.757431948074082,0,3.9205391044577844,W008
SHP000516,2026-01-20,Delhi,Kolkata,EcoTrans,Automotive,983.8059122996747,1253.0092155262644,541.6725690323038,24.53611196622431,34.20400515131365,-9.66789318508934,1,5.0,W008
SHP000517,2026-05-05,Hyderabad,Kolkata,FastShip,Electronics,137.57960630812053,644.3871429615336,153.1497222158216,14.406273047672327,18.032160832184797,-3.6258877845124697,1,5.0,W008
SHP000518,2026-06-12,Hyderabad,Ahmedabad,FastShip,Textiles,203.7369448354381,983.5180833002124,231.7129099591953,19.164506990975244,22.00559200114715,-2.8410850101719056,1,4.901766708285951,W007
SHP000519,2026-02-25,Pune,Ahmedabad,GlobalLine,Pharmaceuticals,33.65859733467098,234.96628918360403,33.56591000012872,4.467450352053103,5.492617715016824,-1.025167362963721,1,4.135051084136577,W005
SHP000520,2026-03-24,Kolkata,Bangalore,GlobalLine,Textiles,174.86013308360342,291.85840295374607,103.41175522157444,6.575659053107371,6.678786529616971,-0.10312747650960041,1,5.0,W008
SHP000521,2026-03-29,Mumbai,Delhi,FastShip,Pharmaceuticals,51.85332802882482,719.8824442781789,96.1995232640881,14.105891863593572,16.84167566599932,-2.735783802405747,1,4.809237930404214,W001
SHP000522,2026-02-01,Bangalore,Kolkata,PrimeLogistics,Electronics,75.14098032317678,775.1075221003866,113.34876187717758,19.923280813409164,17.34333236514843,2.5799484482607333,0,4.463293628619766,W007
SHP000523,2026-02-21,Bangalore,Pune,EcoTrans,FMCG,258.47174898269594,1742.851951530466,212.60386937064737,30.12445036674807,39.20793126619396,-9.083480899445888,1,4.040950199748104,W005
SHP000524,2026-01-24,Hyderabad,Bangalore,FastShip,Automotive,983.049346164459,1170.4758925193228,744.8613662212272,27.941366068873002,26.713643629894648,1.227722438978354,1,5.0,W003
SHP000525,2026-01-14,Pune,Hyderabad,EcoTrans,FMCG,408.48904966485946,619.9167939354661,215.23720928505443,10.44400157115743,13.944181439552986,-3.5001798683955556,1,4.057116540622879,W007
SHP000526,2026-06-17,Delhi,Pune,FastShip,Electronics,82.47844431845174,1662.5243012521732,190.5631891227111,58.466274437887975,40.751203230943844,17.71507120694413,0,3.0678714962466307,W004
SHP000527,2026-05-03,Delhi,Bangalore,GlobalLine,Textiles,490.64461306886864,1576.3936427383367,398.34068318068387,45.31249116639858,37.64940816611125,7.66308300028733,0,4.845618299258131,W008
SHP000528,2026-01-03,Mumbai,Pune,EcoTrans,Electronics,107.53848970682405,1979.9571488336073,194.3902003172289,47.3855690135136,47.97199284748408,-0.5864238339704784,1,4.297405076598213,W007
SHP000529,2026-06-27,Bangalore,Kolkata,FastShip,FMCG,320.90413146383474,1018.0436402959701,309.91061300757184,35.08667887743107,24.604508999661018,10.482169877770051,0,3.815221836019539,W007
SHP000530,2026-01-23,Delhi,Mumbai,EcoTrans,Automotive,2284.344593108627,723.6429007888448,1010.6676127424578,18.060476031812424,19.23057979059327,-1.1701037587808472,1,4.85008090186256,W005
SHP000531,2026-02-05,Pune,Ahmedabad,GlobalLine,FMCG,1038.0165904990552,1030.286477895465,618.8420755806026,33.878155681098015,24.08702672078988,9.791128960308136,0,2.9725492546842887,W002
SHP000532,2026-05-16,Mumbai,Hyderabad,GlobalLine,Pharmaceuticals,51.631348572788056,1357.1677932954592,124.74596889002368,29.42643889291819,34.506350116825566,-5.079911223907377,1,4.58136878447515,W006
SHP000533,2026-02-24,Bangalore,Kolkata,PrimeLogistics,FMCG,229.94954989691348,1668.8508079652672,261.6165652845903,39.79844967784298,45.99810540992568,-6.199655732082697,1,5.0,W002
SHP000534,2026-01-26,Bangalore,Ahmedabad,FastShip,Textiles,245.17807355222624,371.7021330648802,178.20397734190692,8.169559069376815,9.956559630834597,-1.7870005614577824,1,4.884737687409874,W007
SHP000535,2026-03-31,Pune,Bangalore,GlobalLine,FMCG,672.1087904766073,1612.2601355726545,434.8193705878277,44.01480291069503,41.97775239324517,2.037050517449863,0,4.4550994511120665,W005
SHP000536,2026-06-15,Delhi,Bangalore,EcoTrans,Electronics,71.59486147201558,1760.7363692798517,142.6400529032518,47.068292144809085,41.51725518694081,5.551036957868277,0,5.0,W005
SHP000537,2026-02-22,Chennai,Pune,PrimeLogistics,Automotive,698.9763101730623,970.8148297163933,455.88720572564563,24.414308502854986,21.90416410797826,2.5101443948767255,0,5.0,W001
SHP000538,2026-03-03,Ahmedabad,Chennai,FastShip,FMCG,325.7681501637879,176.11232619631951,203.51028128971538,4.3928170475641215,4.09377427865592,0.29904276890820114,1,4.876431213905993,W008
SHP000539,2026-06-13,Delhi,Hyderabad,FastShip,Automotive,227.91446617798144,1545.0937206650365,265.37836492465675,18.092623678961882,38.50928568813649,-20.416662009174605,1,5.0,W006
SHP000540,2026-02-03,Pune,Ahmedabad,PrimeLogistics,Automotive,409.5382423499591,1999.1596361758334,422.79115600323047,44.061066140589354,48.7538943204153,-4.692828179825945,1,5.0,W009
SHP000541,2026-06-24,Bangalore,Ahmedabad,PrimeLogistics,Electronics,107.77723763103397,1268.7453670282796,184.96379967529782,14.859027614552955,31.793647549489766,-16.934619934936812,1,4.674583637185019,W001
SHP000542,2026-05-31,Delhi,Mumbai,EcoTrans,FMCG,331.5215006292019,166.33195004682523,153.7645933877863,3.8022120340476597,4.096601520292619,-0.29438948624495964,1,5.0,W001
SHP000543,2026-01-16,Pune,Kolkata,EcoTrans,Textiles,191.84455198556608,551.2092578292893,108.29553019369483,12.982735556345704,14.5230353757503,-1.5402998194045967,1,5.0,W007
SHP000544,2026-04-19,Pune,Mumbai,GlobalLine,Automotive,584.2254832891113,633.9945253170894,320.4450834270996,13.660742686002536,15.392441876046012,-1.7316991900434768,1,5.0,W002
SHP000545,2026-03-21,Delhi,Hyderabad,GlobalLine,FMCG,240.17889482670796,1568.2656973636504,232.63146179078566,44.5388629655918,40.87583979740742,3.663023168184374,0,5.0,W009
SHP000546,2026-03-25,Pune,Kolkata,FastShip,Automotive,1182.564724022303,835.9127841530967,721.2590895982194,18.93937808052223,18.48615514292184,0.4532229376003869,1,5.0,W007
SHP000547,2026-03-03,Mumbai,Bangalore,FastShip,Pharmaceuticals,27.41469911568247,755.6591164751441,80.62868651495938,24.89213559853676,20.983863205365004,3.9082723931717567,0,4.861874897398323,W002
SHP000548,2026-04-27,Mumbai,Chennai,GlobalLine,Electronics,110.7594282181148,604.4431741152374,106.04770732640583,19.182567540289114,15.758437877366562,3.4241296629225513,0,4.429817270695809,W001
SHP000549,2026-02-05,Mumbai,Bangalore,PrimeLogistics,Automotive,585.9671287932274,635.0704800007003,413.2137436145623,17.35685549710666,14.01073883863808,3.3461166584685813,0,5.0,W009
SHP000550,2026-05-13,Kolkata,Delhi,EcoTrans,FMCG,617.4583926160677,1283.110127804615,383.94670556735156,26.00457414694532,30.629476787796083,-4.624902640850763,1,4.885225672319827,W005
SHP000551,2026-01-31,Mumbai,Chennai,PrimeLogistics,Automotive,346.5729601909254,752.4347341375241,274.0149581155868,18.738326147235508,20.776910398380522,-2.0385842511450143,1,4.765783075859817,W009
SHP000552,2026-01-17,Kolkata,Pune,FastShip,Pharmaceuticals,23.02854173549873,1864.3980680192487,175.90273169419066,45.45658274298857,42.049938237456026,3.4066445055325474,0,4.085489854538912,W008
SHP000553,2026-05-11,Hyderabad,Mumbai,PrimeLogistics,Textiles,204.80253407395506,568.6513700302723,161.737861312019,3.724907264317464,14.768718704910496,-11.043811440593032,1,5.0,W003
SHP000554,2026-04-05,Bangalore,Chennai,FastShip,Textiles,295.13856740328583,1197.9931141187678,315.7124075027672,24.585129035581677,32.23134234560908,-7.646213310027402,1,5.0,W002
SHP000555,2026-02-28,Mumbai,Delhi,FastShip,FMCG,579.3460871454228,1801.5694114504936,563.1582330499473,40.48277817658964,43.0273659013572,-2.5445877247675597,1,4.447794361244208,W001
SHP000556,2026-05-01,Hyderabad,Chennai,GlobalLine,FMCG,576.4954044114255,462.1586828414546,304.70760535908,14.515129433344969,11.116139067202056,3.398990366142913,0,4.530673763200793,W001
SHP000557,2026-05-22,Pune,Delhi,EcoTrans,FMCG,409.1525518907394,1109.7643369596801,238.7784821430379,23.747141798878413,27.696297009931854,-3.9491552110534407,1,5.0,W007
SHP000558,2026-03-23,Kolkata,Ahmedabad,FastShip,Textiles,87.09875123620887,924.303453424964,131.529129484125,25.761601344298512,20.981224805885592,4.78037653841292,0,4.574839241794448,W006
SHP000559,2026-01-31,Mumbai,Bangalore,GlobalLine,Textiles,369.1838950640006,1351.4565743855571,317.9724295211545,28.689982691151585,36.38916579613026,-7.6991831049786725,1,5.0,W001
SHP000560,2026-04-13,Delhi,Kolkata,EcoTrans,Automotive,1924.9490882634195,1806.9342865096662,922.064833790259,41.96734646412642,43.29553365519821,-1.328187191071791,1,5.0,W006
SHP000561,2026-01-23,Ahmedabad,Mumbai,EcoTrans,FMCG,168.08383254552126,325.5472814673118,102.56647111731832,12.152374861090411,7.581402167316305,4.570972693774107,0,4.617357768545776,W005
SHP000562,2026-05-25,Kolkata,Pune,GlobalLine,Pharmaceuticals,27.850082244572796,1503.846686552762,121.68049320734241,29.740351911871155,39.02828913440171,-9.287937222530555,1,5.0,W006
SHP000563,2026-06-01,Ahmedabad,Pune,GlobalLine,Textiles,223.25571348590458,663.0794656752479,179.11007361660526,12.305255795498592,17.84508724821414,-5.539831452715546,1,4.967012689554595,W004
SHP000564,2026-02-08,Mumbai,Kolkata,FastShip,FMCG,433.9713101173086,760.2857110961338,303.3901994215466,15.212575883643497,16.966985673672696,-1.7544097900291984,1,5.0,W009
SHP000565,2026-03-30,Mumbai,Chennai,FastShip,Pharmaceuticals,45.66049757708028,580.4304246752113,84.40813263594058,9.339432499612048,14.02044345620393,-4.681010956591882,1,5.0,W005
SHP000566,2026-01-27,Chennai,Hyderabad,GlobalLine,Pharmaceuticals,43.465509344572126,1006.9657564325626,99.23807207254804,20.792008183661846,24.343758440281366,-3.5517502566195205,1,5.0,W008
SHP000567,2026-01-16,Bangalore,Pune,EcoTrans,Electronics,46.9820152721643,1697.7265497655235,127.86319427111798,12.037818382172212,41.23089809805647,-29.19307971588426,1,5.0,W001
SHP000568,2026-03-01,Pune,Hyderabad,EcoTrans,Pharmaceuticals,43.9599418417161,830.7610443596595,74.56015822685906,20.73054198282744,19.78849159644151,0.9420503863859295,1,5.0,W002
SHP000569,2026-05-29,Delhi,Hyderabad,GlobalLine,Pharmaceuticals,29.80540078218022,1003.6327644618158,93.43696868725728,23.249220477760705,23.050747709835,0.19847276792570412,1,5.0,W002
SHP000570,2026-06-01,Mumbai,Kolkata,GlobalLine,FMCG,341.91752238227696,1168.1587410225977,275.7681059661252,19.878352151700106,26.179258269448823,-6.300906117748717,1,4.896694360151977,W005
SHP000571,2026-03-08,Hyderabad,Ahmedabad,PrimeLogistics,Automotive,1673.8532656286739,1357.3776916961133,952.0377664260504,34.036052901190885,32.75080518518613,1.2852477160047542,1,3.7788268047320717,W006
SHP000572,2026-04-26,Kolkata,Delhi,FastShip,FMCG,657.7909191937526,1683.9236199028273,591.3434797554701,28.404309130072132,43.22797987470854,-14.823670744636406,1,4.645279498786227,W003
SHP000573,2026-05-30,Delhi,Bangalore,FastShip,FMCG,278.51053198334563,885.027782694667,260.93288762956144,18.465717008325353,22.965549599023433,-4.49983259069808,1,4.917235924323336,W008
SHP000574,2026-04-30,Hyderabad,Chennai,FastShip,Textiles,139.73520751056319,445.37984771298767,117.90825300945309,11.728764942879767,12.009138882461341,-0.2803739395815743,1,4.735333943775815,W006
SHP000575,2026-02-23,Ahmedabad,Bangalore,PrimeLogistics,Automotive,378.26804464201405,1054.6118456161153,314.7819524823371,31.616901491330605,29.264116213781904,2.3527852775487013,0,4.941495403844468,W002
SHP000576,2026-01-24,Bangalore,Ahmedabad,EcoTrans,Textiles,172.68623216088778,1875.1778169182314,217.6358291989068,33.04314995745248,48.403001411434005,-15.359851453981527,1,5.0,W001
SHP000577,2026-02-25,Hyderabad,Delhi,FastShip,FMCG,373.8977524432512,1387.1323353337596,352.3880477690192,51.538538569042295,36.60500576808199,14.933532800960307,0,3.357348351099156,W006
SHP000578,2026-04-12,Mumbai,Pune,EcoTrans,Automotive,1322.8601084939141,1682.5664595910332,682.083234349932,23.146792535810484,45.54370128017381,-22.39690874436333,1,4.441406769146499,W003
SHP000579,2026-01-08,Pune,Ahmedabad,PrimeLogistics,Textiles,178.84484917243077,1704.003418043672,247.52337523624672,46.05686198858851,42.74419754480891,3.312664443779596,0,5.0,W009
SHP000580,2026-03-05,Delhi,Kolkata,FastShip,FMCG,114.87304332229648,717.9012729248014,125.14071102899865,16.56480353513264,16.965436874408535,-0.4006333392758954,1,5.0,W002
SHP000581,2026-01-04,Mumbai,Ahmedabad,GlobalLine,FMCG,197.20727177988022,1375.0769984633546,221.3529355471946,50.237897339141796,38.06287037756086,12.175026961580933,0,4.45583216571934,W004
SHP000582,2026-04-13,Hyderabad,Pune,FastShip,Textiles,154.820877669564,605.2640562010257,165.8057032781518,18.939028388989065,13.409393707671272,5.529634681317793,0,4.982341811857814,W010
SHP000583,2026-03-08,Delhi,Mumbai,FastShip,FMCG,213.7535276079296,1883.2065885989477,289.3345284292351,52.846404799990424,48.46718482149897,4.379219978491456,0,4.2045670681357326,W008
SHP000584,2026-02-02,Delhi,Ahmedabad,EcoTrans,Electronics,60.048324697730074,1138.2712292834362,101.21844153652346,24.170411939166986,26.13624819495283,-1.9658362557858453,1,4.395261532290597,W001
SHP000585,2026-04-29,Mumbai,Bangalore,PrimeLogistics,Pharmaceuticals,42.700207529951385,259.8425582928274,45.36030557208271,6.242039768140163,5.8728246648537565,0.3692151032864066,1,4.396743963732911,W008
SHP000586,2026-01-08,Pune,Hyderabad,PrimeLogistics,FMCG,407.156875459097,544.2443828768219,245.93570320171267,16.505040391105226,14.699868383477346,1.8051720076278794,1,4.640468109363719,W006
SHP000587,2026-02-24,Bangalore,Chennai,EcoTrans,Pharmaceuticals,34.565407835034165,196.18269731124084,25.448485878218438,5.914629209308425,4.991613537928362,0.923015671380063,1,4.72831546481442,W003
SHP000588,2026-01-09,Chennai,Pune,EcoTrans,Pharmaceuticals,35.37492224502071,1208.1795453938578,87.69119588867396,31.567379430633608,32.287670165380824,-0.7202907347472163,1,4.981214677510259,W007
SHP000589,2026-05-21,Ahmedabad,Mumbai,FastShip,Automotive,325.0215088258683,1950.220785378584,385.6129478946422,63.36422120202447,46.12552030918256,17.238700892841905,0,2.766376809523716,W007
SHP000590,2026-02-05,Pune,Delhi,GlobalLine,Textiles,313.1415839951753,1818.0622536743738,294.4485841258623,44.85606725799263,45.9955412516298,-1.139473993637175,1,4.698589672108019,W001
SHP000591,2026-04-08,Hyderabad,Chennai,PrimeLogistics,Automotive,1477.8097012617886,526.2052618216999,812.0362280868089,15.82053448699194,14.156937894885992,1.6635965921059483,1,3.8409098305805243,W010
SHP000592,2026-05-09,Hyderabad,Chennai,EcoTrans,FMCG,229.65342082831745,1754.3080653691347,198.82932523793954,11.153381066044638,40.81705710115032,-29.66367603510568,1,4.812588971689097,W001
SHP000593,2026-03-23,Chennai,Mumbai,EcoTrans,Electronics,59.74980946953331,1106.8871151674425,93.84450554579857,16.670089345326936,28.1503257392897,-11.480236393962763,1,5.0,W008
SHP000594,2026-05-16,Hyderabad,Ahmedabad,GlobalLine,FMCG,508.35318624462457,392.40981891817,265.5366564393474,6.590795952637168,9.264421546711398,-2.67362559407423,1,4.12408559662414,W002
SHP000595,2026-03-05,Chennai,Bangalore,FastShip,FMCG,262.07503845157925,165.87813802952613,169.42576936551706,4.514798187656173,4.343184327571403,0.1716138600847703,1,5.0,W010
SHP000596,2026-04-10,Hyderabad,Ahmedabad,GlobalLine,FMCG,167.31877030757343,593.673462086569,141.28055264678926,12.179467840119475,16.25130026691785,-4.071832426798373,1,4.623782381323482,W004
SHP000597,2026-06-01,Hyderabad,Ahmedabad,EcoTrans,Textiles,94.25924826784826,1377.5293022542369,142.45324083214132,31.372687413092773,35.868869450274886,-4.496182037182113,1,4.8122530568238915,W001
SHP000598,2026-06-29,Hyderabad,Kolkata,GlobalLine,Textiles,354.46796094153484,397.00224434683565,218.94023169390817,6.7225945422097215,9.592704501056456,-2.8701099588467347,1,5.0,W004
SHP000599,2026-05-07,Kolkata,Delhi,PrimeLogistics,Electronics,156.94804821340804,1745.5929362178858,229.82949797889592,63.10757808495697,43.30133072228599,19.80624736267098,0,2.3623023365052935,W002
SHP000600,2026-01-15,Chennai,Hyderabad,GlobalLine,Electronics,242.9281345675703,912.2242627715092,187.84205028727962,21.001705644867652,23.157169499016884,-2.1554638541492324,1,5.0,W009
SHP000601,2026-05-03,Mumbai,Chennai,GlobalLine,FMCG,370.06934799590994,1664.2191040920573,321.7478656101747,49.118609771142296,44.39653980883776,4.722069962304538,0,4.8595168683453025,W006
SHP000602,2026-02-15,Hyderabad,Mumbai,FastShip,FMCG,214.44154285839886,580.7500477484812,197.90010880636666,16.09150756337321,13.13485609230278,2.9566514710704297,0,4.929947512552212,W010
SHP000603,2026-02-06,Delhi,Ahmedabad,EcoTrans,Electronics,181.48713068588276,1229.0594718863347,164.02348607032866,22.62685372533518,32.07254628708764,-9.445692561752459,1,4.139777194881644,W006
SHP000604,2026-06-19,Pune,Kolkata,FastShip,Automotive,3924.950276068875,624.253119323039,2544.6177938515016,10.753030698138705,14.581076246584617,-3.828045548445912,1,5.0,W005
SHP000605,2026-03-24,Bangalore,Delhi,PrimeLogistics,Pharmaceuticals,63.23302715789116,515.5563889224245,73.09327111714056,13.789090974130469,11.74738665618372,2.041704317946749,0,5.0,W006
SHP000606,2026-02-14,Hyderabad,Delhi,GlobalLine,Pharmaceuticals,41.62858340660524,185.4939603473063,37.32348536252389,5.329861200756105,4.460742411906671,0.869118788849434,1,4.893578361426285,W005
SHP000607,2026-06-26,Kolkata,Delhi,GlobalLine,Electronics,81.49023030891392,125.9965880452941,46.5718063918347,1.4645617763266192,2.9674148860775893,-1.50285310975097,1,5.0,W010
SHP000608,2026-04-11,Mumbai,Bangalore,EcoTrans,Textiles,171.2448237834726,910.1568779230828,135.96645797977177,26.260525082573274,20.977189339028552,5.283335743544722,0,3.8442050916443815,W004
SHP000609,2026-06-13,Delhi,Kolkata,GlobalLine,Automotive,1242.6849573178977,1171.447176835685,715.0980865856048,32.41690557326174,26.259586926514363,6.157318646747374,0,4.482420343787441,W002
SHP000610,2026-03-02,Hyderabad,Bangalore,GlobalLine,Electronics,67.39231820919157,747.8212857275607,101.32659926759315,20.292788316801314,18.276410636483256,2.016377680318058,0,4.4317841334131955,W006
SHP000611,2026-04-25,Mumbai,Chennai,GlobalLine,FMCG,379.92844352282447,1425.882292459823,328.3736493704263,20.428572015148227,38.1468388155779,-17.718266800429674,1,5.0,W002
SHP000612,2026-03-31,Kolkata,Ahmedabad,FastShip,Electronics,179.43040452684738,1897.2568236609645,277.9610708282261,32.555650177692826,41.75230969035485,-9.196659512662023,1,4.643889618175475,W001
SHP000613,2026-04-09,Ahmedabad,Hyderabad,PrimeLogistics,FMCG,674.9413951480847,1227.5766271389753,432.87697566572257,43.999621051445814,32.37447123315004,11.625149818295775,0,4.420001070590152,W007
SHP000614,2026-05-07,Pune,Bangalore,PrimeLogistics,Electronics,53.87362125957413,1157.4990141540914,127.35453007837376,27.927130195176645,26.39960969039927,1.5275205047773746,1,5.0,W008
SHP000615,2026-05-28,Chennai,Delhi,PrimeLogistics,Electronics,90.161643084389,1484.9844801997988,190.3560623197174,26.36326411840363,33.72297548063278,-7.359711362229152,1,4.351245180008885,W001
SHP000616,2026-03-17,Mumbai,Chennai,EcoTrans,Electronics,68.75227414216982,124.50519260009834,37.98981485689765,3.4421100631421244,3.3749503546777264,0.067159708464398,1,5.0,W002
SHP000617,2026-03-29,Bangalore,Kolkata,GlobalLine,Electronics,65.27351584097177,1142.8583229309395,121.08733446943724,29.526127146470348,29.306100757897525,0.22002638857282264,1,4.283543275628164,W009
SHP000618,2026-01-24,Hyderabad,Kolkata,PrimeLogistics,Electronics,74.58103058037673,280.43402293391534,63.26587208482952,8.577756605355667,6.332163502596713,2.2455931027589537,0,3.531536361456565,W007
SHP000619,2026-06-17,Bangalore,Hyderabad,PrimeLogistics,FMCG,712.4888939957667,721.187946239683,437.64317689845376,19.096722504317686,17.6086852341959,1.4880372701217865,1,5.0,W001
SHP000620,2026-01-26,Hyderabad,Delhi,GlobalLine,Pharmaceuticals,57.705563302809516,698.9549258339565,78.55067723961625,19.00549596764441,18.029107239560172,0.9763887280842383,1,4.389484785371438,W009
SHP000621,2026-05-19,Kolkata,Pune,EcoTrans,Automotive,2359.741250640795,1531.5970102532337,1189.5925847333162,48.44940214464644,38.28954840962609,10.159853735020349,0,4.356529907954365,W004
SHP000622,2026-01-25,Mumbai,Kolkata,PrimeLogistics,FMCG,785.4466383911397,454.6158856155969,427.22677612032555,16.39838467434807,10.777691687805982,5.620692986542087,0,3.930550954752865,W001
SHP000623,2026-04-03,Mumbai,Kolkata,FastShip,Automotive,847.8539030992315,338.54460080710646,591.3808632028973,8.465718282288837,7.667448631097136,0.7982696511917009,1,5.0,W010
SHP000624,2026-05-03,Chennai,Mumbai,FastShip,FMCG,225.26293084402326,1128.6113997241328,223.34385025761503,26.452012139603386,25.21561814534436,1.236393994259025,1,4.424326455706097,W003
SHP000625,2026-06-13,Kolkata,Mumbai,PrimeLogistics,Electronics,46.29146717851394,1311.770869506624,149.915398802374,31.068546928989047,29.186211539012614,1.8823353899764328,1,5.0,W005
SHP000626,2026-04-12,Ahmedabad,Chennai,EcoTrans,Electronics,99.45482917012498,579.3926614324055,78.52724854947844,20.794008621904638,14.879862338125836,5.914146283778802,0,4.695620982069121,W009
SHP000627,2026-04-10,Bangalore,Chennai,PrimeLogistics,Automotive,2908.6621877324105,985.7450231423583,1581.9246185438194,17.16772882923347,25.836800575269976,-8.669071746036504,1,3.98729095833976,W003
SHP000628,2026-04-25,Mumbai,Chennai,PrimeLogistics,Pharmaceuticals,50.51054758691676,1831.5444611493983,170.85217080053164,32.53456403891236,43.764093542191,-11.229529503278641,1,5.0,W005
SHP000629,2026-02-27,Kolkata,Hyderabad,FastShip,FMCG,185.63118661061552,1536.8822037026252,256.54685577866803,52.92612311959783,37.613160741368844,15.312962378228988,0,3.5777163082433834,W002
SHP000630,2026-01-22,Hyderabad,Ahmedabad,PrimeLogistics,Textiles,120.30550934388464,1941.71144333994,231.24727189472074,44.293751052505435,43.440396716553366,0.8533543359520692,1,3.8502975191973876,W004
SHP000631,2026-05-22,Mumbai,Ahmedabad,PrimeLogistics,Textiles,246.78699572082064,1995.7238391193812,308.351299480576,36.35929824774991,48.153565883123775,-11.794267635373863,1,4.536107945469619,W007
SHP000632,2026-05-18,Ahmedabad,Kolkata,GlobalLine,Pharmaceuticals,33.21034912780139,1778.2198427098251,156.15655565793222,35.586007009585934,43.25279079743268,-7.666783787846747,1,5.0,W005
SHP000633,2026-01-21,Pune,Ahmedabad,FastShip,Textiles,150.8825476072364,1646.074353072232,270.4503528740815,44.51510983961726,42.621132147496915,1.8939776921203446,1,5.0,W010
SHP000634,2026-05-13,Bangalore,Mumbai,PrimeLogistics,FMCG,239.17982869833736,1205.2996301002547,232.93243597577967,26.93561464215048,28.96154994351651,-2.0259353013660295,1,4.5177311025449045,W003
SHP000635,2026-02-24,Chennai,Delhi,FastShip,Pharmaceuticals,44.74584136674281,496.77877743972095,67.95751198660079,10.28594883062269,12.575555751537538,-2.2896069209148475,1,5.0,W002
SHP000636,2026-06-24,Pune,Delhi,GlobalLine,Textiles,222.9483024525994,1196.2650635935956,200.7728444763579,25.535148934046074,32.081521756182084,-6.546372822136011,1,5.0,W005
SHP000637,2026-03-23,Delhi,Mumbai,PrimeLogistics,Textiles,301.9494453711698,852.993988446619,231.3130432588125,20.17806353654305,19.50013925199805,0.677924284545,1,4.821363281545966,W007
SHP000638,2026-05-22,Hyderabad,Ahmedabad,EcoTrans,Textiles,110.47129755374229,1231.791665906906,119.74840360837122,38.34654422937605,34.043533195006596,4.3030110343694545,0,5.0,W008
SHP000639,2026-01-04,Pune,Mumbai,PrimeLogistics,FMCG,1293.9501369125583,1674.4405216247496,907.7247349255653,35.61561870097822,39.6213073498422,-4.0056886488639805,1,5.0,W003
SHP000640,2026-05-26,Delhi,Mumbai,FastShip,Automotive,617.859465193093,176.54248567819707,380.3309291403468,5.1863404382521185,4.430810306647321,0.7555301316047975,1,4.987535938670503,W009
SHP000641,2026-03-30,Pune,Bangalore,PrimeLogistics,Pharmaceuticals,33.43563776034701,1638.3825689051898,177.21564469596765,54.816821338405845,36.261333276097794,18.55548806230805,0,2.8494965448363168,W010
SHP000642,2026-06-05,Ahmedabad,Mumbai,GlobalLine,Automotive,1971.8560454280826,351.14134973235633,1001.821821900167,7.832815240524684,9.081828388969438,-1.249013148444754,1,4.926487288284575,W007
SHP000643,2026-02-06,Pune,Mumbai,PrimeLogistics,Automotive,1966.9637930868353,828.1091952997782,1089.1933773983321,21.47811410177863,20.417416515385135,1.0606975863934949,1,5.0,W004
SHP000644,2026-01-13,Ahmedabad,Bangalore,EcoTrans,Electronics,183.75655689174272,770.89548898294,138.34282078246684,21.693615407651922,19.525335108865004,2.168280298786918,0,5.0,W006
SHP000645,2026-03-19,Kolkata,Bangalore,PrimeLogistics,Electronics,126.8126205446124,886.8680296097658,161.32741325463041,29.926134819624505,22.390475961404274,7.535658858220231,0,3.5744117999420553,W004
SHP000646,2026-02-04,Kolkata,Pune,PrimeLogistics,Automotive,1555.357689570239,1288.7364999118254,982.731034855444,30.86490904112743,29.78145093817751,1.083458102949919,1,4.58459290720085,W005
SHP000647,2026-04-17,Delhi,Bangalore,PrimeLogistics,FMCG,360.38565169019273,530.8679881073268,253.0856866897605,16.674016518906694,11.934249133887882,4.739767385018812,0,3.917860345100569,W007
SHP000648,2026-05-05,Hyderabad,Ahmedabad,FastShip,Textiles,176.68316278680481,450.4721970137784,140.36839165147546,10.605959816018162,10.955592999827124,-0.3496331838089617,1,4.719696181576345,W003
SHP000649,2026-01-17,Kolkata,Pune,PrimeLogistics,FMCG,57.10638198571029,827.2897907657771,111.27850607715422,28.63318940316839,18.92173913063855,9.711450272529841,0,3.665018795318904,W009
SHP000650,2026-05-26,Mumbai,Bangalore,GlobalLine,FMCG,333.04053503616194,235.19578986802853,188.0739299070046,6.207043472965265,5.973058280224718,0.23398519274054674,1,5.0,W001
SHP000651,2026-03-05,Mumbai,Kolkata,FastShip,Automotive,1234.5144561074212,1326.5871447121133,789.1690755205906,24.445127967799966,36.71439411411279,-12.269266146312827,1,4.756003341896387,W004
SHP000652,2026-03-12,Hyderabad,Ahmedabad,PrimeLogistics,Textiles,295.87142467694537,246.65630743028913,172.25816054581614,5.687657428768731,5.614308605540587,0.07334882322814451,1,4.4623625844788855,W007
SHP000653,2026-06-12,Delhi,Pune,FastShip,FMCG,215.37386038264196,1980.0601334302125,331.080768885983,37.22533265464693,54.83555565275934,-17.610222998112413,1,4.833110564580556,W006
SHP000654,2026-05-06,Ahmedabad,Delhi,PrimeLogistics,Textiles,118.309593605346,1153.990426236473,152.51719826104076,32.746921852036124,25.41678299634482,7.3301388556913025,0,4.960160813062291,W009
SHP000655,2026-03-31,Hyderabad,Delhi,EcoTrans,Electronics,86.34471678076156,889.3417011249702,87.9210886742409,7.457528815558147,21.355077153444057,-13.89754833788591,1,5.0,W005
SHP000656,2026-01-08,Pune,Mumbai,GlobalLine,Textiles,252.9399239016593,1484.446940049545,236.1702054607247,33.20327586154104,36.159469001289914,-2.9561931397488763,1,4.893271610324781,W004
SHP000657,2026-02-26,Chennai,Pune,GlobalLine,Automotive,1545.4520023622379,1387.337029849174,892.0072947838709,29.862168740792647,34.476073295488256,-4.613904554695608,1,4.551254218416395,W007
SHP000658,2026-05-12,Mumbai,Ahmedabad,FastShip,Pharmaceuticals,21.622605052273396,1586.609043204297,181.56938555766334,37.61703065436406,37.19649904137253,0.42053161299152464,1,4.98354578964139,W003
SHP000659,2026-06-15,Bangalore,Hyderabad,FastShip,FMCG,245.0628179086558,878.3784516557863,253.49044228060953,13.320072566236314,20.27767522592891,-6.957602659692595,1,4.701288317428386,W005
SHP000660,2026-06-05,Kolkata,Pune,EcoTrans,Pharmaceuticals,56.24814059500921,1488.6536569747047,123.13204129442944,42.03745675219386,37.91624471190627,4.121212040287588,0,4.825594137234552,W007
SHP000661,2026-03-31,Ahmedabad,Bangalore,GlobalLine,Pharmaceuticals,26.586124955725893,890.0552792349808,85.31860458933126,24.037708561262882,21.731978570501333,2.3057299907615487,0,4.848056219316494,W005
SHP000662,2026-06-23,Pune,Kolkata,FastShip,Electronics,100.7400654737165,356.912896054424,98.03108421005729,7.434718782276205,8.70011082371557,-1.265392041439366,1,4.413060017795514,W009
SHP000663,2026-06-19,Hyderabad,Kolkata,EcoTrans,Automotive,950.6784268650432,894.9401134188337,451.67371235077064,34.703981229814815,22.87707113179862,11.826910098016196,0,3.2271671882869444,W002
SHP000664,2026-05-04,Delhi,Chennai,EcoTrans,Automotive,1313.190553308204,996.3056912850342,632.5478854267664,29.62686533279261,25.327805944612376,4.299059388180236,0,4.163892886713266,W005
SHP000665,2026-03-08,Kolkata,Delhi,GlobalLine,Textiles,191.50748064168826,1582.4040322177038,225.18733078700808,35.7974195229502,37.2924756264033,-1.495056103453102,1,5.0,W004
SHP000666,2026-01-15,Pune,Hyderabad,EcoTrans,FMCG,962.7349775799116,1612.8628579671356,543.2249941900837,29.885833102621124,41.3871053160995,-11.501272213478376,1,4.982087210646768,W001
SHP000667,2026-06-17,Ahmedabad,Bangalore,EcoTrans,Pharmaceuticals,29.548425744182133,1238.6686453121386,97.05289876368344,17.87167357719583,29.392501015088317,-11.520827437892489,1,4.999131738362152,W007
SHP000668,2026-04-10,Mumbai,Hyderabad,GlobalLine,Automotive,930.9547630563083,642.6893782682619,541.1459874962407,16.510479101357912,14.231506383932965,2.2789727174249474,0,4.833641829085596,W004
SHP000669,2026-06-25,Ahmedabad,Hyderabad,EcoTrans,Textiles,185.4671014086076,273.7017844525625,99.88440888436088,4.676088362075763,6.925528278217505,-2.2494399161417418,1,5.0,W005
SHP000670,2026-02-13,Bangalore,Chennai,FastShip,Pharmaceuticals,13.386922373078614,1803.4918510911193,170.1630585591787,42.20721229775273,39.920990201911295,2.2862220958414383,0,5.0,W003
SHP000671,2026-03-08,Bangalore,Pune,EcoTrans,Electronics,112.3487351923686,1639.3060709234346,156.9815294413391,53.25791653242206,43.440233186534094,9.817683345887964,0,4.09040339905955,W004
SHP000672,2026-04-01,Chennai,Pune,EcoTrans,Pharmaceuticals,50.86977332324554,443.4917860685211,49.38289753955774,8.188786045834524,10.285402722713801,-2.096616676879277,1,4.466882534050388,W006
SHP000673,2026-04-06,Kolkata,Hyderabad,EcoTrans,Pharmaceuticals,85.50038252205707,910.3495197595362,100.50925040583545,27.287472159044395,20.47325960083816,6.814212558206236,0,3.574005535229812,W002
SHP000674,2026-05-01,Mumbai,Ahmedabad,FastShip,Pharmaceuticals,37.94971507027542,638.240366635897,82.36534436139856,21.731034299196345,17.15028246187563,4.580751837320715,0,4.843985261062188,W004
SHP000675,2026-05-09,Delhi,Ahmedabad,PrimeLogistics,Textiles,620.9564295595852,1359.75168707398,477.7007219212722,23.640387547473757,37.516150627575236,-13.875763080101478,1,5.0,W005
SHP000676,2026-04-16,Mumbai,Ahmedabad,GlobalLine,FMCG,266.1961536878169,193.51973762744706,140.5884729876069,4.207813293749935,5.299405319369014,-1.0915920256190788,1,4.640445274275407,W004
SHP000677,2026-03-29,Pune,Kolkata,PrimeLogistics,FMCG,1132.8278984051512,554.2261297425564,706.4989604941607,14.722777263845138,14.720264444939598,0.002512818905540115,1,4.596375528004701,W006
SHP000678,2026-02-16,Delhi,Kolkata,EcoTrans,FMCG,119.93814165769419,498.41152711738164,92.9544304486545,12.318324508841126,12.895708194637997,-0.577383685796871,1,5.0,W006
SHP000679,2026-06-12,Mumbai,Delhi,PrimeLogistics,Automotive,1773.5372942821887,1414.145738546429,1202.3206987183753,40.777626745131954,34.450473856643164,6.32715288848879,0,4.5582679399131685,W004
SHP000680,2026-02-13,Bangalore,Kolkata,FastShip,FMCG,202.29021526937578,1485.6886209066918,267.96343860169173,17.452339540144138,34.528751602516316,-17.076412062372178,1,5.0,W010
SHP000681,2026-04-22,Pune,Chennai,PrimeLogistics,Pharmaceuticals,78.07884077527606,1515.9080111125857,166.8991928169782,28.259913052105983,37.036592012347775,-8.776678960241792,1,4.583352520878755,W007
SHP000682,2026-01-02,Mumbai,Hyderabad,GlobalLine,Automotive,698.5022483835952,1588.435717992093,515.313519913745,42.52878024116686,38.47412596197603,4.054654279190828,0,4.7279437702286184,W001
SHP000683,2026-03-24,Chennai,Mumbai,FastShip,FMCG,270.1863011818493,1916.9545748753865,337.6019908232672,50.33748226120188,46.074854271784126,4.2626279894177515,0,4.562224773834974,W004
SHP000684,2026-06-27,Hyderabad,Bangalore,GlobalLine,Electronics,69.76265786201824,307.12586971776454,56.46146664542132,7.815512829133112,7.34081680395625,0.47469602517686216,1,5.0,W007
SHP000685,2026-05-09,Kolkata,Delhi,FastShip,Electronics,148.54304475469635,1728.738781002603,268.5864341232578,35.29067060269677,39.55383837754712,-4.263167774850352,1,5.0,W005
SHP000686,2026-03-16,Ahmedabad,Hyderabad,EcoTrans,Pharmaceuticals,38.67984379761228,1396.8269096575984,107.67080680118796,36.32682419158584,34.92552797849967,1.4012962130861695,1,5.0,W003
SHP000687,2026-03-29,Ahmedabad,Bangalore,GlobalLine,FMCG,266.8166001983375,1624.5524580519018,282.4100113769747,30.32946619412684,37.07846071097396,-6.748994516847116,1,4.935550407940905,W007
SHP000688,2026-01-05,Chennai,Delhi,GlobalLine,FMCG,406.2535917523145,1358.3961035883679,327.502223919922,35.20521009382256,36.50238188767618,-1.2971717938536216,1,5.0,W001
SHP000689,2026-05-31,Bangalore,Mumbai,EcoTrans,Electronics,168.03405265411777,1387.6741582825089,157.5642450695521,46.04073463417049,37.797827967287006,8.242906666883485,0,4.073845769290853,W007
SHP000690,2026-06-13,Kolkata,Ahmedabad,FastShip,Textiles,484.2976257743023,1713.2862379214846,444.44193356404423,41.18328621544246,39.42215357323536,1.7611326422070945,1,5.0,W001
SHP000691,2026-06-19,Delhi,Pune,FastShip,Electronics,135.7731196633629,1071.115913130051,188.13578820921575,20.886150360460864,26.526603355190716,-5.640452994729852,1,5.0,W002
SHP000692,2026-04-17,Ahmedabad,Chennai,FastShip,Textiles,237.070165028224,1447.8387614663338,259.03966137232754,51.059518093694486,39.13960357108197,11.919914522612515,0,4.336692700427861,W005
SHP000693,2026-05-02,Bangalore,Delhi,FastShip,Automotive,2010.764292101661,1478.2060404462293,1243.892359025034,33.29062356248076,36.13721261153992,-2.846589049059162,1,5.0,W007
SHP000694,2026-06-19,Delhi,Pune,EcoTrans,Textiles,215.52767349546497,1299.6143575224155,171.7144080377128,29.460050305076646,30.53151614956785,-1.071465844491204,1,5.0,W010
SHP000695,2026-06-29,Bangalore,Kolkata,FastShip,Textiles,150.98160901524162,364.5827344909376,113.29916163536764,12.325294687303888,9.211381127975281,3.1139135593286067,0,4.658149727681748,W010
SHP000696,2026-01-31,Kolkata,Mumbai,FastShip,Pharmaceuticals,39.93301269891502,778.6654345867852,95.63369338282081,24.515075850530497,19.562616520688035,4.952459329842462,0,4.425677144829594,W004
SHP000697,2026-06-05,Chennai,Ahmedabad,EcoTrans,Textiles,993.2555937837136,362.90602996905756,489.949927718801,13.448844371288668,8.52823267586984,4.920611695418829,0,4.6153520835164175,W004
SHP000698,2026-04-02,Pune,Bangalore,GlobalLine,Electronics,75.83399424617498,1231.196103298058,134.09764354581185,25.507963438670078,30.205122871736833,-4.697159433066755,1,5.0,W009
SHP000699,2026-05-08,Chennai,Pune,PrimeLogistics,Automotive,1546.1817549831076,896.0425701810963,921.4513154426528,26.733839599600387,21.092737482925095,5.641102116675292,0,4.4780517019535875,W004
SHP000700,2026-01-01,Mumbai,Pune,FastShip,Electronics,229.30573530357896,709.6236312247029,209.658951963162,23.78769222181368,19.851300072544657,3.9363921492690217,0,4.545332219012459,W010
SHP000701,2026-06-21,Ahmedabad,Delhi,FastShip,Textiles,156.10320337145893,488.06000210001486,138.23076074378204,10.92708510862977,11.38049018846694,-0.4534050798371698,1,5.0,W002
SHP000702,2026-01-26,Kolkata,Pune,GlobalLine,Pharmaceuticals,47.96360828993238,418.8477317274544,53.12459173106792,10.139248495206154,9.38454667382706,0.7547018213790935,1,5.0,W005
SHP000703,2026-03-09,Ahmedabad,Mumbai,FastShip,FMCG,182.27125760266475,1073.5463593910026,206.00088291895142,24.851132067792808,26.032371504271747,-1.1812394364789398,1,5.0,W001
SHP000704,2026-03-16,Hyderabad,Ahmedabad,EcoTrans,Pharmaceuticals,50.480999750152804,310.1468378590056,38.5928019547517,11.390212527260571,8.673560827890295,2.716651699370276,0,4.504222521912897,W002
SHP000705,2026-01-25,Mumbai,Delhi,GlobalLine,FMCG,218.59810249292195,1383.6148697781337,220.37955899440772,19.08754314423827,37.590981499230914,-18.503438354992642,1,4.893785535044767,W006
SHP000706,2026-04-02,Ahmedabad,Kolkata,EcoTrans,Electronics,213.05387198524863,1978.79702847696,224.35118115090577,44.0208247601943,55.25073521139505,-11.229910451200752,1,5.0,W006
SHP000707,2026-03-29,Bangalore,Mumbai,PrimeLogistics,Pharmaceuticals,40.00149777999613,1729.308154728655,160.1538192264835,45.5737844029675,45.37398853016334,0.19979587280415956,1,4.269443842646774,W008
SHP000708,2026-03-11,Pune,Hyderabad,PrimeLogistics,Pharmaceuticals,29.718134731448338,1655.851613988896,156.78747855573675,35.921106586978226,44.6502741732406,-8.72916758626237,1,4.620148441259857,W003
SHP000709,2026-01-29,Bangalore,Pune,FastShip,FMCG,114.42778909776638,893.0500864253811,150.5873900494694,27.209853765373477,24.34046371518782,2.8693900501856575,0,4.705102072480313,W002
SHP000710,2026-04-17,Ahmedabad,Pune,PrimeLogistics,FMCG,573.7485791064101,727.2963055996483,349.7149501309784,19.403305987979603,20.160957074728255,-0.7576510867486519,1,4.836651893406818,W010
SHP000711,2026-04-08,Hyderabad,Kolkata,FastShip,FMCG,177.1573775441482,412.14500221757766,154.12075163892607,6.6241211422721,9.370111338336434,-2.7459901960643345,1,4.55439152597905,W008
SHP000712,2026-05-05,Delhi,Kolkata,PrimeLogistics,Electronics,117.83133651410182,234.01771142661747,92.39391460313432,5.660480204174974,5.4153506440072015,0.245129560167773,1,5.0,W002
SHP000713,2026-03-08,Hyderabad,Mumbai,GlobalLine,Automotive,1645.9093944601304,420.73901099067194,917.2522908421489,8.33185813948561,9.289653507744909,-0.9577953682592995,1,5.0,W009
SHP000714,2026-05-14,Delhi,Kolkata,GlobalLine,Pharmaceuticals,37.564787466023105,1876.1114832362882,182.69181274686753,48.42593774180742,50.50069840942463,-2.0747606676172126,1,5.0,W006
SHP000715,2026-06-19,Pune,Delhi,FastShip,Electronics,61.11507501344648,816.4024689032277,112.58912544785586,15.38934578859463,20.628312184885864,-5.238966396291234,1,5.0,W003
SHP000716,2026-05-10,Ahmedabad,Pune,PrimeLogistics,FMCG,196.71318398273291,418.37642467856233,139.50796681238458,12.181847385388902,10.46780775966257,1.7140396257263326,1,5.0,W002
SHP000717,2026-05-06,Hyderabad,Delhi,EcoTrans,Automotive,544.5873768247394,1139.3861566695978,283.4380371479563,30.550451907544172,27.64626972480495,2.9041821827392234,0,4.457829700782428,W001
SHP000718,2026-05-10,Chennai,Hyderabad,PrimeLogistics,Pharmaceuticals,35.19002886548558,620.5773889929465,80.70577839480184,15.55706880836864,17.20351956079772,-1.6464507524290788,1,4.938135526862582,W004
SHP000719,2026-01-21,Ahmedabad,Chennai,PrimeLogistics,Electronics,82.3186807585657,1900.7814261415365,197.29183980525664,35.56910966596392,50.52485178036974,-14.955742114405815,1,5.0,W008
SHP000720,2026-04-25,Hyderabad,Mumbai,PrimeLogistics,Electronics,75.69274131468879,750.9230573411504,110.46253683401504,22.522368178958228,17.385443093975304,5.1369250849829236,0,4.726761537876156,W002
SHP000721,2026-04-14,Pune,Mumbai,FastShip,Electronics,90.75611001810128,696.0359370385968,124.56314213846234,14.580585673914268,16.79934702927199,-2.218761355357721,1,5.0,W010
SHP000722,2026-06-08,Kolkata,Hyderabad,GlobalLine,Pharmaceuticals,23.685517970786286,1647.3294492712548,140.243015294811,31.781847002394652,37.5485887815616,-5.766741779166946,1,4.645105503883232,W006
SHP000723,2026-04-04,Mumbai,Ahmedabad,GlobalLine,Pharmaceuticals,54.06397740768024,1241.7964206216661,131.33164839815865,19.725359061767836,30.020443254833555,-10.295084193065719,1,4.7563052918549475,W006
SHP000724,2026-05-24,Ahmedabad,Hyderabad,EcoTrans,Pharmaceuticals,45.244064343643345,991.1774202844925,91.84278350353524,30.289930164484055,22.8773183484682,7.412611816015854,0,3.7051604099971893,W002
SHP000725,2026-01-25,Chennai,Mumbai,EcoTrans,Automotive,845.4576832138544,1258.6442469414224,421.8436680333399,29.45342362683614,30.61128969201455,-1.1578660651784105,1,4.731913916688005,W005
SHP000726,2026-05-21,Hyderabad,Pune,FastShip,Electronics,88.00723538979682,1830.569902903999,205.96154382462407,41.34900835082702,45.58697758708128,-4.2379692362542585,1,4.635769189159829,W003
SHP000727,2026-05-07,Bangalore,Ahmedabad,PrimeLogistics,Electronics,117.8249734912377,1780.5095824338423,223.88035655823685,63.436324486327976,44.88193768606149,18.554386800266485,0,2.909439523821711,W005
SHP000728,2026-06-06,Chennai,Delhi,FastShip,Pharmaceuticals,30.783743367921232,1841.329387119477,188.51536661079982,36.372313954723715,44.62000245956166,-8.247688504837946,1,5.0,W004
SHP000729,2026-04-28,Chennai,Pune,EcoTrans,Electronics,161.49042076725638,194.25122586401721,77.86599226990589,5.108079383665608,4.8155302369707025,0.2925491466949053,1,5.0,W007
SHP000730,2026-01-12,Delhi,Ahmedabad,PrimeLogistics,Pharmaceuticals,26.193995398204883,1846.4952590020778,174.2012933234482,43.701895631670986,44.41337304238572,-0.7114774107147355,1,5.0,W010
SHP000731,2026-05-10,Bangalore,Kolkata,FastShip,Textiles,65.45596530458644,1828.1420987230629,217.73720648768344,46.61033927944181,48.57930686832919,-1.9689675888873808,1,4.7294373137325785,W001
SHP000732,2026-05-22,Pune,Ahmedabad,PrimeLogistics,Textiles,334.5801913680113,924.0192295087221,283.8249955962321,30.12561573724418,22.3423526302143,7.783263107029878,0,4.576948240445905,W003
SHP000733,2026-06-27,Bangalore,Pune,GlobalLine,Electronics,124.47542711263688,850.6013419279124,118.59301919178817,22.73498149553989,20.764248496031808,1.9707329995080833,1,4.525757716392526,W007
SHP000734,2026-06-18,Hyderabad,Kolkata,PrimeLogistics,Pharmaceuticals,79.40867706833434,1523.0299866347573,172.61852638915246,45.06460962765093,39.30706587041762,5.757543757233314,0,4.055860556302857,W010
SHP000735,2026-06-27,Chennai,Bangalore,PrimeLogistics,Automotive,405.469331431534,654.6312296458339,294.5683808833704,17.187828569636768,16.297442094186543,0.8903864754502244,1,4.468882112483094,W005
SHP000736,2026-04-26,Bangalore,Delhi,PrimeLogistics,Textiles,53.797835046018754,1806.1149107515364,189.47141642146568,43.294014688128215,47.39908996965148,-4.105075281523263,1,4.194216320448586,W009
SHP000737,2026-03-18,Hyderabad,Pune,GlobalLine,FMCG,282.87055234909144,101.79248900849906,135.79545064790415,2.5977907836132665,2.8363156751605083,-0.23852489154724177,1,5.0,W004
SHP000738,2026-06-09,Kolkata,Pune,EcoTrans,FMCG,162.40705224699906,1694.289427719262,186.10136097177767,45.35028336498079,38.83119405425737,6.519089310723423,0,5.0,W003
SHP000739,2026-05-09,Hyderabad,Pune,FastShip,Automotive,2032.4252243222268,1953.2796986010158,1427.670251067876,55.91147507229293,46.97607726697843,8.935397805314501,0,3.8207730932599118,W009
SHP000740,2026-05-03,Pune,Hyderabad,EcoTrans,Pharmaceuticals,39.53703026144293,1805.054904811014,128.9241259641386,47.362570542466095,43.261853841040065,4.10071670142603,0,5.0,W001
SHP000741,2026-05-14,Delhi,Mumbai,PrimeLogistics,FMCG,231.45848360437586,1723.6400470841427,270.05529516856745,18.879258555958607,46.9138591779093,-28.034600621950695,1,5.0,W001
SHP000742,2026-06-21,Mumbai,Bangalore,EcoTrans,FMCG,303.6914829623519,1710.340502803999,229.75742447981673,47.45994896590635,42.04372568903254,5.416223276873808,0,4.041236767295307,W005
SHP000743,2026-06-24,Kolkata,Delhi,FastShip,Automotive,5037.171468315234,473.3252372168012,2890.884232648874,12.033009259977636,10.531005607414663,1.5020036525629727,1,5.0,W004
SHP000744,2026-05-19,Mumbai,Chennai,PrimeLogistics,Electronics,39.294263727625534,1730.0763365949247,179.66291588763337,43.10619578579895,42.58129266201439,0.5249031237845614,1,5.0,W010
SHP000745,2026-06-22,Chennai,Pune,PrimeLogistics,FMCG,229.90109358127762,675.2727437167376,187.0766738677211,18.699016850270482,17.142811188743842,1.55620566152664,1,4.269293403690142,W009
SHP000746,2026-06-28,Kolkata,Pune,FastShip,Pharmaceuticals,41.98308366607495,821.5010691611326,106.49285735540273,24.88531628144249,22.853266926680654,2.032049354761835,0,4.892583762620862,W007
SHP000747,2026-04-17,Hyderabad,Kolkata,FastShip,Electronics,129.35472116131453,464.84440135905464,126.3129558776428,16.294558000239935,11.965223836847802,4.329334163392133,0,4.442384532847814,W005
SHP000748,2026-02-21,Ahmedabad,Pune,GlobalLine,Automotive,6291.053338963719,1104.4475475796237,3126.8037913132985,31.575142146000683,27.739167825646295,3.8359743203543886,0,4.342302418881175,W010
SHP000749,2026-05-20,Chennai,Ahmedabad,GlobalLine,Automotive,4197.080023274132,931.6619673737285,2076.0470567662505,19.04325738432153,23.616724462110177,-4.573467077788646,1,5.0,W008
SHP000750,2026-02-15,Delhi,Bangalore,GlobalLine,Textiles,178.05690861238278,1853.025765246787,237.3830681154371,21.342070630634016,44.41203176899645,-23.069961138362434,1,4.839851097731679,W002
SHP000751,2026-04-07,Mumbai,Kolkata,EcoTrans,Textiles,446.3621506857693,1021.5341762956783,237.6781647965338,30.997847755486706,28.434167148753943,2.5636806067327633,0,5.0,W005
SHP000752,2026-02-03,Bangalore,Hyderabad,EcoTrans,Electronics,121.26569434102254,549.5585871442639,88.61447388764797,11.85676889472088,13.505345648019569,-1.6485767532986895,1,5.0,W006
SHP000753,2026-04-30,Bangalore,Mumbai,GlobalLine,Automotive,1109.3991821580155,1560.6195495887746,620.0133804131787,25.772291086536516,39.734696385423604,-13.962405298887088,1,5.0,W010
SHP000754,2026-01-14,Kolkata,Chennai,EcoTrans,Electronics,90.30100576852506,598.5759153296736,77.84287939097202,20.533626299244617,13.31205013608258,7.221576163162037,0,3.566001065241835,W006
SHP000755,2026-05-15,Chennai,Delhi,FastShip,Textiles,77.75168134895785,699.5130432599575,104.8506792969393,20.245070160521976,16.928768208946543,3.316301951575433,0,4.777078092685814,W003
SHP000756,2026-04-17,Pune,Mumbai,EcoTrans,FMCG,272.220118861834,1935.921165721553,270.589474790817,73.67469338898302,52.6385223526832,21.03617103629982,0,3.297447125679078,W004
SHP000757,2026-06-19,Hyderabad,Bangalore,EcoTrans,Automotive,1996.7751473823548,965.7341439357672,911.0110524805909,16.560056660187826,25.637015353557842,-9.076958693370017,1,4.5182082777349795,W004
SHP000758,2026-06-08,Ahmedabad,Kolkata,FastShip,Electronics,56.37382317141568,1856.8194031444095,193.25585890180744,48.628496893903424,46.26043799793488,2.368058895968545,0,5.0,W006
SHP000759,2026-04-25,Chennai,Pune,GlobalLine,Electronics,44.76804119758263,752.2234292224517,88.37505180023929,20.501641727124202,19.072857327467396,1.4287843996568057,1,4.386891415141441,W006
SHP000760,2026-04-08,Delhi,Kolkata,EcoTrans,Textiles,199.68755321425073,130.45349726473393,102.43103681837943,2.5810546754116017,3.1650519234821255,-0.5839972480705238,1,5.0,W005
SHP000761,2026-01-07,Hyderabad,Kolkata,PrimeLogistics,Pharmaceuticals,43.93542484090457,1193.7639806950974,119.55335885179882,31.91167248348794,30.429436813048763,1.4822356704391773,1,4.601153363839344,W001
SHP000762,2026-03-17,Chennai,Bangalore,FastShip,Electronics,204.94351459225885,1771.6917210887889,301.76277768698213,36.99793051978366,48.53636904633953,-11.538438526555872,1,5.0,W003
SHP000763,2026-05-18,Mumbai,Pune,FastShip,FMCG,182.64914916139867,1826.7703456620384,299.8001342900306,40.07099290290809,47.60269449763867,-7.531701594730585,1,4.542859344601679,W004
SHP000764,2026-06-25,Pune,Ahmedabad,FastShip,FMCG,234.39745640742234,1537.2570671789324,286.7255379808226,31.89964098493449,35.90223498636884,-4.00259400143435,1,5.0,W009
SHP000765,2026-06-29,Pune,Hyderabad,FastShip,FMCG,266.3243951242643,381.1208348078711,215.41774333333345,4.4148810907899465,8.862806538664284,-4.447925447874337,1,4.854981280196814,W001
SHP000766,2026-04-28,Hyderabad,Mumbai,FastShip,Electronics,83.81580978607808,1561.2161530034762,197.18398619426614,52.63788478722158,39.64317435592029,12.994710431301293,0,3.5883694714308185,W001
SHP000767,2026-02-15,Kolkata,Hyderabad,FastShip,Textiles,301.63991690337,837.1482333559841,278.57659845319694,19.46962825378598,19.088799619158817,0.3808286346271643,1,5.0,W004
SHP000768,2026-03-08,Pune,Chennai,PrimeLogistics,Pharmaceuticals,43.18833091103982,790.4674707989113,101.4924700662273,24.46885818424965,18.697243793808003,5.771614390441648,0,3.9068609399086176,W007
SHP000769,2026-03-22,Mumbai,Kolkata,FastShip,Textiles,264.3270046169135,1503.2375014542306,276.4810661861258,31.171563260933418,36.56375511578161,-5.392191854848193,1,4.509796295100981,W001
SHP000770,2026-06-14,Delhi,Ahmedabad,FastShip,Electronics,58.25109637408304,1967.5990711539316,230.23203271792812,50.9492206349971,51.75977321416937,-0.8105525791722741,1,5.0,W006
SHP000771,2026-05-09,Delhi,Chennai,EcoTrans,Textiles,169.4097419055443,1752.1139764484615,178.93488257241773,64.96093742957241,48.509232658594165,16.451704770978246,0,3.0167089187809633,W002
SHP000772,2026-03-14,Ahmedabad,Chennai,PrimeLogistics,Electronics,58.10522050797486,1536.765244802883,163.64052897653937,55.475765883756175,39.416904017513744,16.05886186624243,0,3.2077760213997695,W008
SHP000773,2026-02-10,Chennai,Delhi,PrimeLogistics,Textiles,173.832495805391,419.2380991660893,128.65292962484315,5.395965030343796,10.22936690338263,-4.8334018730388335,1,5.0,W005
SHP000774,2026-06-12,Bangalore,Chennai,EcoTrans,Electronics,73.09254361455277,1780.2525131454463,141.52602370220032,35.52123207351036,45.55105059861901,-10.029818525108645,1,5.0,W009
SHP000775,2026-05-23,Bangalore,Mumbai,FastShip,Electronics,69.53549871528494,1058.8108471571263,129.24126349505977,39.15261741496729,27.688243197712225,11.464374217255063,0,3.712661387931132,W010
SHP000776,2026-06-02,Pune,Kolkata,FastShip,Automotive,1169.9088481248702,799.6752040507529,853.3199009454926,23.981536245044445,19.61157006825859,4.369966176785855,0,4.56511831181849,W004
SHP000777,2026-03-30,Chennai,Kolkata,GlobalLine,FMCG,480.06277269911834,1615.8288945480379,396.20962259330065,56.352238693325454,39.97775336738131,16.374485325944143,0,2.183884355105846,W003
SHP000778,2026-02-26,Kolkata,Delhi,FastShip,FMCG,243.1347884691192,1936.741666035075,344.8923440010023,42.91737687426058,43.57540613217386,-0.6580292579132774,1,5.0,W010
SHP000779,2026-01-14,Ahmedabad,Hyderabad,FastShip,Automotive,1159.8081486592516,892.612130053834,840.6236012873208,16.859066177179926,20.729995207067926,-3.870929029888,1,5.0,W002
SHP000780,2026-03-06,Delhi,Bangalore,PrimeLogistics,Automotive,2642.48541931573,203.75957610559118,1610.1428162778238,4.766256786768597,5.109412263385399,-0.34315547661680146,1,4.081820108114801,W006
SHP000781,2026-02-02,Chennai,Mumbai,EcoTrans,Textiles,158.07262825116103,466.0851533247306,91.5395667544863,13.287075102919356,11.086840433351554,2.200234669567802,0,4.70357097450954,W002
SHP000782,2026-02-19,Hyderabad,Chennai,PrimeLogistics,Automotive,3138.5163140467052,532.215047017726,1654.6468361135824,12.211283064524935,12.7712328383009,-0.5599497737759656,1,5.0,W010
SHP000783,2026-06-18,Kolkata,Pune,GlobalLine,Textiles,195.35086723770866,440.4114447512867,143.30550598011806,11.742473985177574,10.905526434416267,0.8369475507613071,1,4.430229045822538,W010
SHP000784,2026-04-04,Hyderabad,Chennai,GlobalLine,Electronics,164.1199649173575,450.1726542051882,107.1959366197012,8.770362316993483,9.96280714643705,-1.192444829443568,1,5.0,W006
SHP000785,2026-03-05,Chennai,Pune,PrimeLogistics,Automotive,5653.812211111658,913.8684210808079,2888.3095605466306,20.033127573772866,24.40120895028449,-4.3680813765116255,1,4.9200419885822795,W006
SHP000786,2026-02-04,Hyderabad,Chennai,PrimeLogistics,Pharmaceuticals,53.15509363897956,1117.5306988858165,126.99072044224008,34.65576772380966,27.19539085298377,7.46037687082589,0,3.4711382971146127,W006
SHP000787,2026-03-20,Ahmedabad,Kolkata,FastShip,FMCG,54.48937285546498,629.519200264199,101.67418197856463,16.443501969877936,14.388848486240661,2.0546534836372743,0,3.9711027224898494,W010
SHP000788,2026-01-21,Kolkata,Ahmedabad,GlobalLine,Textiles,265.53262487850776,630.1157516608135,179.6940858881782,18.126101710042445,17.63867750556785,0.4874242044745962,1,4.638099941461037,W004
SHP000789,2026-03-09,Delhi,Pune,FastShip,Electronics,128.56953314076821,591.7055758925956,129.02850854049777,3.8158902730742645,13.326275894462302,-9.510385621388037,1,4.92015740625585,W009
SHP000790,2026-06-11,Mumbai,Ahmedabad,PrimeLogistics,Textiles,243.34358756572502,1184.622478929647,257.589516591861,26.40254361971953,26.10564750828896,0.29689611143056993,1,5.0,W004
SHP000791,2026-01-10,Kolkata,Hyderabad,PrimeLogistics,FMCG,1008.8572714846212,1493.004718459919,754.2531032282051,31.155402400599822,35.42163726985836,-4.266234869258536,1,5.0,W006
SHP000792,2026-04-11,Chennai,Ahmedabad,EcoTrans,FMCG,1300.9950540863056,870.7259929497512,571.6289296195886,24.228826134511404,24.26255286415554,-0.03372672964413681,1,5.0,W008
SHP000793,2026-05-09,Delhi,Kolkata,EcoTrans,Textiles,98.76468456632797,1133.1954337443192,123.67382834774787,32.12860465192956,28.433009087474897,3.69559556445466,0,5.0,W001
SHP000794,2026-06-19,Chennai,Ahmedabad,GlobalLine,Textiles,144.66912392150508,423.8787720051199,103.79094339421674,13.86999545137451,10.207744187046057,3.6622512643284537,0,4.460123729088233,W003
SHP000795,2026-04-25,Bangalore,Delhi,GlobalLine,Pharmaceuticals,65.36078618967008,1195.3289159657452,124.25399623718026,31.47845637258111,32.10638223310116,-0.6279258605200475,1,4.620246669296776,W006
SHP000796,2026-01-11,Chennai,Ahmedabad,PrimeLogistics,FMCG,214.8358737894806,1058.555555704188,201.20550502861354,24.3048408244838,23.345937013487067,0.958903810996734,1,5.0,W002
SHP000797,2026-03-09,Hyderabad,Delhi,FastShip,FMCG,445.13471562896876,1185.278449529536,408.55142022282024,26.678629569819375,27.06785004818447,-0.38922047836509677,1,5.0,W009
SHP000798,2026-04-03,Pune,Chennai,PrimeLogistics,Electronics,110.92288238859247,1207.9009388318061,174.597747380975,28.59910854431,29.270171303379936,-0.6710627590699367,1,4.55611524423073,W001
SHP000799,2026-06-16,Hyderabad,Mumbai,EcoTrans,Automotive,2195.3016178670728,563.5910744696973,1061.9977275964159,14.517698989498028,15.63899219291929,-1.1212932034212617,1,4.624819485729095,W010
SHP000800,2026-05-20,Bangalore,Kolkata,PrimeLogistics,Automotive,456.3898889405842,1801.5559076603815,447.7725117134906,47.65847010876478,44.427511980939755,3.2309581278250263,0,3.6791382969916278,W010
SHP000801,2026-06-17,Delhi,Hyderabad,EcoTrans,Pharmaceuticals,23.33874354293765,1499.2990317762383,101.83996529059579,41.19510612139059,33.42802181071879,7.767084310671798,0,3.4365666888817112,W004
SHP000802,2026-05-13,Pune,Bangalore,EcoTrans,Pharmaceuticals,22.42510977261759,699.7031091975894,57.00790994037038,14.235520111027459,16.739978110951892,-2.5044579999244334,1,4.516706054507343,W008
SHP000803,2026-06-04,Mumbai,Hyderabad,GlobalLine,Pharmaceuticals,35.56503237894022,944.954276030838,94.80839502555202,28.763221129631038,26.364266456129275,2.3989546735017626,0,5.0,W003
SHP000804,2026-02-28,Delhi,Hyderabad,EcoTrans,FMCG,170.0903290762614,1460.3709177292758,175.2768491353103,29.139777736146293,32.904303576920675,-3.7645258407743825,1,5.0,W003
SHP000805,2026-02-17,Bangalore,Chennai,FastShip,FMCG,818.9833066435851,500.8427921779058,576.3299178648233,12.791790756268506,11.109756336212177,1.682034420056329,1,4.762271398100768,W007
SHP000806,2026-03-26,Delhi,Kolkata,PrimeLogistics,Pharmaceuticals,59.183959456489525,513.4170858701245,72.03845850818388,18.524904874014837,14.231841016658203,4.293063857356634,0,3.807109685969513,W004
SHP000807,2026-06-01,Bangalore,Pune,PrimeLogistics,Electronics,59.257551794804456,650.4831691026078,85.14036868274442,15.622117646793905,15.144065916625939,0.47805173016796587,1,5.0,W004
SHP000808,2026-01-12,Bangalore,Hyderabad,GlobalLine,FMCG,215.184711196543,513.1605712127482,144.68169234259852,10.525403406970574,12.49315302700943,-1.9677496200388571,1,5.0,W009
SHP000809,2026-01-11,Bangalore,Mumbai,GlobalLine,Automotive,951.3547372303491,606.9096439242786,524.8514367373411,14.304371759816817,16.184075580149436,-1.8797038203326188,1,5.0,W003
SHP000810,2026-05-13,Pune,Kolkata,FastShip,Automotive,1175.7834273381723,783.3835663238287,809.9087084465403,19.427298819518164,18.70485347507169,0.7224453444464736,1,4.759479170616266,W002
SHP000811,2026-02-25,Ahmedabad,Kolkata,PrimeLogistics,Pharmaceuticals,36.25810108430165,725.8206116739439,87.05572497890337,18.78730758803062,19.304994003214738,-0.5176864151841158,1,5.0,W003
SHP000812,2026-02-26,Pune,Kolkata,GlobalLine,Textiles,146.1884335665507,658.4418449593742,124.4194623153892,20.314674807329986,17.35791711058723,2.9567576967427556,0,4.127478089655796,W003
SHP000813,2026-06-09,Kolkata,Delhi,EcoTrans,Pharmaceuticals,49.427433689511,397.0880691252626,50.42634590003301,10.592893354266138,10.089853646227677,0.503039708038461,1,4.849458724617215,W010
SHP000814,2026-06-01,Delhi,Bangalore,PrimeLogistics,Pharmaceuticals,18.025873503559755,734.1755344326158,75.70379102115227,29.8427707307488,20.06795674885222,9.774813981896578,0,4.535073178101229,W003
SHP000815,2026-01-28,Mumbai,Bangalore,PrimeLogistics,FMCG,223.68662123922095,542.4312580645791,170.4884329075438,13.031556036666474,12.943175568966712,0.08838046769976238,1,4.999889685856352,W010
SHP000816,2026-01-25,Bangalore,Kolkata,FastShip,Textiles,100.22224135086039,713.3386075509156,122.39170962106684,19.46587394935926,17.679321635725252,1.786552313634008,1,5.0,W009
SHP000817,2026-01-31,Delhi,Kolkata,GlobalLine,Textiles,219.85292083338098,1635.118923407136,253.62808951439192,34.0857238783234,37.09070298686631,-3.004979108542912,1,5.0,W009
SHP000818,2026-01-01,Pune,Kolkata,PrimeLogistics,Automotive,1491.63405681414,1196.9714623173686,952.8390248285601,25.732271899780056,29.62526019643281,-3.892988296652753,1,5.0,W001
SHP000819,2026-06-28,Pune,Delhi,PrimeLogistics,Pharmaceuticals,27.92767269868412,926.5277292464244,92.87653738856118,24.72274743312287,23.41573476448448,1.3070126686383894,1,5.0,W006
SHP000820,2026-05-31,Delhi,Kolkata,GlobalLine,Automotive,636.2136403458412,1610.5219201640937,416.855924074305,14.83396882142691,36.43947332605125,-21.605504504624342,1,5.0,W008
SHP000821,2026-03-01,Delhi,Chennai,PrimeLogistics,Automotive,1342.6871650711169,1749.1992246006707,950.9825769881476,36.30705528682112,45.05294941025565,-8.745894123434532,1,4.7968787755652365,W004
SHP000822,2026-01-02,Mumbai,Hyderabad,FastShip,Textiles,144.17474965723065,831.6103058660271,181.07654072923907,24.088029161402147,21.34099685966272,2.747032301739427,0,5.0,W001
SHP000823,2026-04-07,Chennai,Pune,EcoTrans,Pharmaceuticals,41.61032662643376,622.6878749623364,61.69721423144775,12.978884441103393,14.9730105700357,-1.994126128932308,1,5.0,W006
SHP000824,2026-01-28,Bangalore,Kolkata,EcoTrans,Automotive,973.1513255572598,146.82436880901307,440.2358139452582,4.340468999684241,3.8691096508001768,0.47135934888406394,1,5.0,W009
SHP000825,2026-04-19,Hyderabad,Kolkata,EcoTrans,Pharmaceuticals,25.710492464996456,1335.3556162467414,111.54784190937087,39.8803525231986,36.683435844423734,3.196916678774869,0,4.409553831899392,W004
SHP000826,2026-04-16,Ahmedabad,Delhi,EcoTrans,Textiles,189.3539658686338,788.3576310003892,142.83648207817683,17.209713621036666,20.66206090068844,-3.452347279651775,1,4.969462164323812,W009
SHP000827,2026-05-04,Kolkata,Bangalore,EcoTrans,Pharmaceuticals,23.932468106927423,1864.2555124988583,140.8047590129073,16.708930479548282,44.49962528213354,-27.79069480258526,1,4.626480339650363,W003
SHP000828,2026-06-18,Delhi,Pune,GlobalLine,Pharmaceuticals,37.190246201849035,1947.8796477345,169.54367074671606,65.02482623984265,48.438320819871095,16.58650541997156,0,2.798322166943801,W003
SHP000829,2026-01-26,Chennai,Hyderabad,PrimeLogistics,Automotive,2629.4100914288974,609.4721362626497,1444.5166804671364,17.14536383665537,13.866409810092689,3.2789540265626815,0,4.511112414114106,W009
SHP000830,2026-06-07,Mumbai,Bangalore,PrimeLogistics,Electronics,106.04247986622528,1235.5964374945722,179.40782251451878,18.742208621600298,33.78737579787443,-15.045167176274134,1,3.8847659904377707,W002
SHP000831,2026-02-07,Ahmedabad,Kolkata,PrimeLogistics,Electronics,112.48051837866458,1660.3928987084064,197.35759005465223,35.0083224887807,40.725793724086714,-5.717471235306014,1,5.0,W002
SHP000832,2026-03-09,Chennai,Bangalore,FastShip,Textiles,89.13070970809038,465.7369862080714,90.37093724150321,14.557237218845518,12.792268794921634,1.764968423923884,1,5.0,W001
SHP000833,2026-04-09,Pune,Kolkata,EcoTrans,Textiles,74.51982448289418,1138.3050859482153,100.16098737891967,24.460252624684,30.21047958321875,-5.75022695853475,1,4.363141299637276,W001
SHP000834,2026-02-14,Ahmedabad,Chennai,FastShip,FMCG,404.8828922987436,457.6411795611866,268.74779457808955,13.16336733306327,10.224625789608533,2.9387415434547375,0,4.854414314919679,W009
SHP000835,2026-03-15,Chennai,Mumbai,GlobalLine,Textiles,369.9127981826571,720.8038920804038,235.32337817698328,19.76758247161452,18.43677888431404,1.3308035873004798,1,5.0,W003
SHP000836,2026-06-22,Mumbai,Chennai,GlobalLine,Electronics,202.09409681343993,1203.4363982057523,206.85987748261334,26.80513513152881,31.35118496320522,-4.5460498316764095,1,4.421792091628071,W003
SHP000837,2026-01-23,Kolkata,Ahmedabad,PrimeLogistics,Automotive,1979.8726555595185,1929.1919093361641,1291.0089223949096,49.22756700400357,44.573222706551846,4.654344297451722,0,5.0,W007
SHP000838,2026-04-14,Chennai,Hyderabad,FastShip,Electronics,186.98998844120663,1584.7779686339475,275.0792408523484,37.86521990514872,42.79970163917355,-4.934481734024828,1,5.0,W002
SHP000839,2026-05-21,Kolkata,Pune,EcoTrans,Automotive,411.4081244624052,1920.1450263166626,276.9181174502575,61.812768686568354,48.92290865124562,12.889860035322734,0,3.9712579188548425,W005
SHP000840,2026-02-27,Chennai,Kolkata,PrimeLogistics,Textiles,130.38316479643208,434.19153849545796,104.10228303488704,11.980232583224064,10.840123585111304,1.1401089981127601,1,4.597028711772369,W001
SHP000841,2026-03-08,Bangalore,Kolkata,FastShip,Textiles,304.9094667103067,378.56765860370035,225.68822752802157,8.860387123799104,8.857451567859338,0.0029355559397661324,1,5.0,W002
SHP000842,2026-05-09,Kolkata,Bangalore,FastShip,Textiles,126.2114711357975,1228.000777826593,203.48263884946206,13.405346113780258,29.29613881968985,-15.890792705909593,1,4.402905299453855,W005
SHP000843,2026-05-18,Kolkata,Pune,PrimeLogistics,Pharmaceuticals,24.905804934342882,1172.728754451611,111.10771193223586,21.339013993657858,32.24035358839389,-10.90133959473603,1,5.0,W010
SHP000844,2026-05-04,Chennai,Ahmedabad,EcoTrans,Pharmaceuticals,32.48863333829222,296.6026209285109,35.04054253874453,9.477783435637052,8.139343351905161,1.338440083731891,1,4.831389848505676,W008
SHP000845,2026-05-31,Mumbai,Kolkata,FastShip,Automotive,475.72354692489637,457.7747973425022,316.4513386369534,13.057419612152923,10.326531695582323,2.7308879165706,0,5.0,W002
SHP000846,2026-04-08,Chennai,Pune,GlobalLine,Automotive,852.1879871438285,368.62875301104634,421.9002529347575,8.370633174265071,9.532951034113708,-1.1623178598486366,1,5.0,W007
SHP000847,2026-04-01,Mumbai,Pune,EcoTrans,FMCG,446.0473728957297,1386.5361006168714,294.2249972787799,54.272153454050425,35.73436867097001,18.53778478308042,0,3.632530343045829,W005
SHP000848,2026-01-24,Pune,Hyderabad,EcoTrans,Electronics,95.02786020574086,1182.0447911852943,128.79418614375484,37.174451705429476,33.03785174253563,4.136599962893847,0,4.147103103039585,W009
SHP000849,2026-02-15,Ahmedabad,Bangalore,EcoTrans,FMCG,517.0090820332646,303.3553550009724,253.8506338823522,7.002640059135149,8.330495020183932,-1.327854961048783,1,5.0,W010
SHP000850,2026-03-10,Bangalore,Pune,GlobalLine,Pharmaceuticals,21.158320616921785,917.27119098397,82.91579574105494,23.91394351731914,21.88813185224109,2.0258116650780487,0,5.0,W004
SHP000851,2026-03-02,Chennai,Ahmedabad,EcoTrans,FMCG,311.78057672072896,609.1948070803181,188.27123193520697,15.491163168081055,15.716660719970008,-0.22549755188895304,1,4.520511878232776,W004
SHP000852,2026-02-21,Chennai,Ahmedabad,EcoTrans,FMCG,559.104334921174,1466.8374955921586,305.52530124890916,26.630412753226498,35.573637440283285,-8.943224687056787,1,5.0,W002
SHP000853,2026-01-31,Delhi,Pune,PrimeLogistics,Textiles,149.99750532479575,1339.3341143550479,196.56108932049727,39.86790034761587,34.255159642207374,5.612740705408498,0,4.3165854595708835,W001
SHP000854,2026-05-19,Mumbai,Ahmedabad,PrimeLogistics,Automotive,1479.914399264619,1657.3863052828722,1055.6584892064157,46.78390982586358,38.565038345319934,8.218871480543648,0,3.5635210530454273,W010
SHP000855,2026-03-22,Ahmedabad,Kolkata,EcoTrans,Pharmaceuticals,65.33052391528281,357.917120889812,57.0791091389422,9.980306920152293,9.9451278578575,0.03517906229479273,1,4.743180689632613,W003
SHP000856,2026-05-11,Kolkata,Chennai,GlobalLine,Textiles,128.35203968355532,290.29449526285714,83.40922229179448,6.344996778255863,7.807683740053418,-1.4626869617975542,1,4.889231701208131,W003
SHP000857,2026-01-14,Pune,Chennai,FastShip,Textiles,108.95778191226908,416.423175644813,115.59516495148682,16.315323869703732,11.21223317115939,5.103090698544342,0,4.320348768096267,W006
SHP000858,2026-04-11,Bangalore,Kolkata,FastShip,Textiles,180.07427502854424,207.58855901736027,118.2567922052784,5.282438208703212,5.2903137787523535,-0.007875570049141523,1,5.0,W008
SHP000859,2026-03-22,Mumbai,Delhi,GlobalLine,Pharmaceuticals,33.89636408937642,1446.308736958868,138.80459832674458,43.26956698909195,33.32842357966555,9.941143409426402,0,4.687926627789869,W010
SHP000860,2026-01-26,Hyderabad,Bangalore,EcoTrans,FMCG,144.79270664986285,234.32355555029574,75.32558079179172,5.895033696083669,5.907014896778963,-0.011981200695294625,1,5.0,W009
SHP000861,2026-03-09,Chennai,Bangalore,PrimeLogistics,Textiles,170.830086023705,1613.142372977447,240.41499600685623,58.29708606903683,44.070360251760825,14.226725817276005,0,4.442270117614122,W006
SHP000862,2026-04-04,Bangalore,Kolkata,PrimeLogistics,FMCG,136.5070382143171,1297.035493175772,186.0914676059073,27.098637322177566,29.657847906399365,-2.5592105842217983,1,5.0,W007
SHP000863,2026-06-29,Hyderabad,Bangalore,PrimeLogistics,Automotive,1765.4833102701864,708.0306148660443,1034.5717381096006,12.855473035184902,16.26705038396354,-3.4115773487786374,1,4.867189089109731,W008
SHP000864,2026-02-16,Bangalore,Hyderabad,GlobalLine,Electronics,168.62810098466025,1548.4863060436282,193.36445986647007,34.62367055440758,34.14677717787058,0.47689337653699937,1,4.797485805352269,W005
SHP000865,2026-03-02,Pune,Ahmedabad,PrimeLogistics,FMCG,658.6561599384949,114.17996679271687,366.55183583109516,0.8730016420223196,3.0038932622447003,-2.1308916202223807,1,5.0,W003
SHP000866,2026-02-08,Ahmedabad,Pune,FastShip,FMCG,258.7086146773299,542.736032353986,220.31243823584563,11.545165072315955,13.85636973232874,-2.311204660012786,1,4.633515550438121,W007
SHP000867,2026-05-08,Bangalore,Ahmedabad,EcoTrans,Pharmaceuticals,56.65839978876183,889.6927858553948,80.4903911627199,26.77483694907555,24.201485120346213,2.5733518287293364,0,4.443901966309838,W005
SHP000868,2026-03-06,Mumbai,Kolkata,FastShip,FMCG,1065.8540568414164,1027.0103710306735,694.4474483594266,13.113630966484733,26.456624972670202,-13.342994006185469,1,3.5838370375079296,W001
SHP000869,2026-02-25,Kolkata,Chennai,FastShip,Pharmaceuticals,50.61280627684876,1621.5543897335256,184.21858306628812,44.03857540870728,42.666656271956256,1.3719191367510248,1,4.746051857532448,W006
SHP000870,2026-03-08,Hyderabad,Bangalore,EcoTrans,Automotive,6921.964898579383,465.399968290266,2952.035303428357,10.246177162235384,10.925223078018636,-0.6790459157832522,1,5.0,W001
SHP000871,2026-04-16,Delhi,Chennai,GlobalLine,Textiles,200.78275090309614,1299.9343194847047,206.14140718705102,34.222081505595476,29.607672854290225,4.614408651305251,0,4.138744222785956,W010
SHP000872,2026-06-16,Bangalore,Ahmedabad,EcoTrans,Automotive,918.1241157301665,1283.6126839484252,472.4150204630741,29.391168353011125,34.23126731144361,-4.840098958432485,1,4.764342139424441,W006
SHP000873,2026-06-22,Ahmedabad,Pune,PrimeLogistics,Electronics,143.83209670489185,1449.8014485235824,203.33864253004012,34.95997196893737,36.39528351346323,-1.4353115445258595,1,4.382577143165454,W007
SHP000874,2026-06-07,Kolkata,Chennai,GlobalLine,FMCG,588.2299391344981,1213.0359490089643,360.6070382252641,37.76451728618243,33.716358479005194,4.048158807177238,0,4.067630281542051,W006
SHP000875,2026-04-18,Pune,Ahmedabad,FastShip,Electronics,151.53692170042268,1575.960597756534,250.61532049569445,30.73925866202884,40.48169477087279,-9.742436108843954,1,4.412962934195512,W003
SHP000876,2026-03-29,Chennai,Bangalore,EcoTrans,Automotive,628.7048575806828,1977.226527924301,392.7656279489446,38.65905165980881,52.190231196128686,-13.531179536319875,1,5.0,W005
SHP000877,2026-06-04,Pune,Bangalore,PrimeLogistics,Automotive,625.4281850989286,881.1418286928206,399.128205171734,14.86006432681618,19.489014691906547,-4.6289503650903665,1,4.364294408912962,W010
SHP000878,2026-05-14,Ahmedabad,Chennai,GlobalLine,FMCG,156.6806262791513,113.47444427130488,90.5697093017701,2.912493168497538,3.058435774665344,-0.14594260616780597,1,4.90090216181014,W001
SHP000879,2026-02-02,Chennai,Pune,EcoTrans,Electronics,129.608276905659,185.23505949266234,69.33828558101574,5.824220284101412,4.418505665454388,1.405714618647024,1,5.0,W004
SHP000880,2026-02-12,Pune,Mumbai,FastShip,Electronics,73.45313571869373,1640.7768660779602,197.56910959168388,61.397759217613334,45.421490809937396,15.976268407675938,0,3.1603139119399972,W008
SHP000881,2026-05-21,Mumbai,Delhi,PrimeLogistics,Textiles,316.4218084285347,1824.7463629353394,306.99880904341194,49.909459585906234,50.397596785906664,-0.4881372000004305,1,5.0,W002
SHP000882,2026-01-27,Kolkata,Hyderabad,GlobalLine,Electronics,132.0612458106937,481.73154540249266,110.9503575878836,13.320587254619113,13.055308535317259,0.265278719301854,1,4.954525587211399,W007
SHP000883,2026-03-21,Chennai,Delhi,EcoTrans,Pharmaceuticals,95.00799878721679,1325.7851582717165,117.92161338803577,47.7038623658811,36.806713579725546,10.897148786155554,0,3.929098283306954,W003
SHP000884,2026-02-03,Bangalore,Mumbai,FastShip,Automotive,901.699743726215,1871.3070794498472,744.5837995667954,50.735639636289385,50.405424216274916,0.33021542001446846,1,4.815196295365595,W006
SHP000885,2026-05-02,Ahmedabad,Pune,EcoTrans,Textiles,188.47829848285602,237.2050521368571,99.78298215080655,1.2308206070988281,5.9347096954680945,-4.703889088369266,1,4.9559380794966525,W008
SHP000886,2026-02-04,Bangalore,Hyderabad,PrimeLogistics,Textiles,434.2824760514384,383.8251088302209,280.7158885383084,9.484226978681018,8.841149679440027,0.643077299240991,1,5.0,W007
SHP000887,2026-05-15,Kolkata,Bangalore,PrimeLogistics,Textiles,132.158326344272,1290.9825183886278,177.09805119518947,34.92133966551566,34.62694058365187,0.29439908186378716,1,3.420724830421986,W004
SHP000888,2026-01-23,Ahmedabad,Bangalore,EcoTrans,Pharmaceuticals,38.4774928038549,1531.6036503483133,111.64437974562703,30.316194624558573,38.72122709180893,-8.405032467250354,1,5.0,W005
SHP000889,2026-02-09,Kolkata,Mumbai,FastShip,Textiles,340.8383489992501,1726.6918817898545,340.58774238199453,36.433035929127364,38.927103469873735,-2.4940675407463715,1,5.0,W003
SHP000890,2026-03-30,Kolkata,Chennai,FastShip,Pharmaceuticals,31.516841442360175,344.914911639648,54.31086831696418,4.878776645910336,7.797489240571198,-2.918712594660862,1,5.0,W008
SHP000891,2026-03-18,Mumbai,Ahmedabad,PrimeLogistics,Automotive,685.3548030770908,1314.4834758409238,466.57809011928714,40.78214117650534,34.547204365589614,6.234936810915727,0,4.507094722395682,W010
SHP000892,2026-03-01,Mumbai,Hyderabad,EcoTrans,FMCG,611.8613331401236,341.5099326473455,279.15878896666874,9.861209051618697,7.84283084620397,2.0183782054147272,0,5.0,W007
SHP000893,2026-05-24,Pune,Chennai,GlobalLine,FMCG,334.18504233045104,1647.7876064492427,324.99071099967773,31.256553784591578,41.3283376009274,-10.07178381633582,1,5.0,W007
SHP000894,2026-04-07,Chennai,Bangalore,FastShip,Pharmaceuticals,47.1259765736282,848.9619397398251,117.4207967627289,15.386572837867522,21.188304023048328,-5.801731185180806,1,3.4116480934019995,W004
SHP000895,2026-05-13,Kolkata,Bangalore,EcoTrans,Pharmaceuticals,40.863850934776906,866.6879856364013,73.75801153030957,23.201506812325604,21.625224333396236,1.5762824789293681,1,4.089720721602891,W004
SHP000896,2026-01-18,Bangalore,Delhi,EcoTrans,Electronics,123.81170740242915,1608.5146609596222,161.56101697856207,36.04739611982847,38.61122551348251,-2.5638293936540393,1,4.800060880665814,W008
SHP000897,2026-06-08,Ahmedabad,Bangalore,PrimeLogistics,FMCG,309.1419608707398,420.8326497973671,205.4327226776805,10.696611625121808,10.0337135880936,0.6628980370282083,1,4.907775764412228,W006
SHP000898,2026-01-05,Bangalore,Mumbai,FastShip,FMCG,305.1448517125684,1133.8063854849902,294.9516266231212,30.83855739362581,27.369353170461757,3.469204223164052,0,4.624381895146577,W002
SHP000899,2026-03-14,Kolkata,Delhi,PrimeLogistics,Electronics,49.98453512353823,562.5873837268442,76.34876601364152,12.296529708616292,14.940701162117508,-2.6441714535012153,1,5.0,W004
SHP000900,2026-01-24,Bangalore,Mumbai,PrimeLogistics,FMCG,189.50239714447275,140.18466436389093,114.6726928257353,4.443331766310739,3.736648918548326,0.706682847762413,1,3.972301679930025,W006
SHP000901,2026-04-18,Kolkata,Ahmedabad,PrimeLogistics,Automotive,1732.5474906752283,199.33029621064327,1038.866636923775,3.693281931433969,4.6223057831140135,-0.9290238516800446,1,4.829211683890821,W008
SHP000902,2026-06-28,Mumbai,Chennai,FastShip,FMCG,557.1870108385941,1473.0987915015246,458.5297118608807,38.81567252536886,40.41515774165086,-1.5994852162819981,1,4.908073053420395,W001
SHP000903,2026-03-10,Pune,Mumbai,PrimeLogistics,FMCG,199.37375525760535,472.36235093334767,164.64502913805023,13.11312954973673,13.159513432545191,-0.04638388280846151,1,5.0,W004
SHP000904,2026-03-06,Pune,Ahmedabad,FastShip,Electronics,90.92300420017123,1135.1668837795203,155.99902858620706,36.22088008986796,29.757710047428144,6.463170042439817,0,3.760514782201091,W004
SHP000905,2026-04-09,Ahmedabad,Delhi,FastShip,FMCG,471.20753621598806,1068.4795430475415,369.89178493701525,28.26851275295844,24.47628670829847,3.7922260446599694,0,4.2034172408091,W008
SHP000906,2026-01-25,Chennai,Kolkata,PrimeLogistics,Automotive,395.96542917281954,1536.9891842625586,355.8364423933624,40.44637502934233,34.52831102961559,5.918063999726741,0,4.3373693070222625,W006
SHP000907,2026-02-10,Mumbai,Pune,FastShip,Automotive,2470.539076792218,986.1117295586422,1533.3599266586987,25.300772499213537,22.33582732443647,2.9649451747770676,0,4.851499434943774,W008
SHP000908,2026-06-13,Kolkata,Delhi,EcoTrans,Electronics,122.2318668274041,419.4243854356777,80.66672165898073,11.841652915286431,10.453837755320107,1.3878151599663244,1,4.935656885962213,W004
SHP000909,2026-01-29,Chennai,Pune,PrimeLogistics,Automotive,2496.961009069174,195.6135725758615,1268.9833988526161,7.173695886561924,4.523384047641298,2.6503118389206257,0,4.39637369728129,W001
SHP000910,2026-02-12,Kolkata,Hyderabad,FastShip,Pharmaceuticals,43.15648022402704,1688.5499115110338,175.01500188223986,33.29500979127972,40.19939811788478,-6.904388326605066,1,4.324722017828508,W004
SHP000911,2026-01-03,Mumbai,Hyderabad,PrimeLogistics,Textiles,188.9544189387498,874.0749745739023,198.44211686215647,11.300531157854817,19.522952379023895,-8.222421221169078,1,4.732879864018537,W003
SHP000912,2026-04-06,Delhi,Bangalore,GlobalLine,Pharmaceuticals,38.821595394147984,1689.2355010146343,154.9186599877368,29.27991914774893,42.50462095481307,-13.22470180706414,1,5.0,W002
SHP000913,2026-06-25,Hyderabad,Ahmedabad,FastShip,Electronics,74.10143078577097,1227.6431900615178,152.90418099479717,20.797905456021347,27.865033296972847,-7.0671278409515,1,5.0,W006
SHP000914,2026-06-15,Bangalore,Pune,FastShip,FMCG,478.6190128603921,664.7068163056824,325.4054702956892,18.981805754400188,15.204352083411814,3.7774536709883737,0,5.0,W008
SHP000915,2026-03-01,Hyderabad,Kolkata,EcoTrans,Pharmaceuticals,25.988589654143507,562.5409718542803,52.671825665100144,14.63708695326397,13.082360840682858,1.5547261125811112,1,4.945034879096215,W004
SHP000916,2026-01-06,Pune,Bangalore,GlobalLine,Automotive,812.2694757303371,864.8000754312699,515.2493259324042,17.796092663774967,22.399645466676123,-4.603552802901156,1,4.390357766738903,W001
SHP000917,2026-05-05,Ahmedabad,Kolkata,EcoTrans,Textiles,147.6311088365278,1043.3793022381492,123.62107657296184,24.674992918246666,25.464529487309054,-0.7895365690623883,1,5.0,W008
SHP000918,2026-02-18,Bangalore,Hyderabad,EcoTrans,Automotive,687.2425954427201,1626.0239721021892,374.7372297159833,29.241916905887177,39.348653492335025,-10.106736586447848,1,4.813365877029343,W008
SHP000919,2026-03-12,Bangalore,Mumbai,GlobalLine,Pharmaceuticals,47.29571433304588,461.725393964366,58.97093436169054,12.8763674040069,10.451075867927754,2.425291536079145,0,4.309405612405829,W005
SHP000920,2026-03-09,Hyderabad,Chennai,FastShip,Textiles,228.4140828981791,1973.2749203873439,344.8104183899967,57.96440743010985,48.03233590569615,9.9320715244137,0,4.085780003684357,W007
SHP000921,2026-02-17,Mumbai,Hyderabad,EcoTrans,Textiles,103.9055217063194,819.5363756042027,106.74355310143508,22.31780786603975,21.19753626473956,1.120271601300189,1,5.0,W004
SHP000922,2026-03-24,Delhi,Pune,PrimeLogistics,FMCG,412.45647940785494,1798.5488091787588,417.45774393753726,57.47502162635194,40.59161922339488,16.88340240295706,0,3.4642813229699705,W009
SHP000923,2026-06-24,Ahmedabad,Pune,GlobalLine,Textiles,263.25875072516413,416.8959368489809,174.7948013851459,14.852441591650447,10.972979544805275,3.8794620468451715,0,4.574558985751873,W005
SHP000924,2026-03-24,Pune,Hyderabad,EcoTrans,Electronics,65.40862466376237,430.5570590914268,55.22129574127417,12.128463347799796,9.518964951322836,2.60949839647696,0,3.643423234769663,W002
SHP000925,2026-05-14,Delhi,Mumbai,GlobalLine,FMCG,831.5358013672239,1688.953494894674,519.5347836585271,49.14649914002651,38.37790605815521,10.768593081871302,0,3.8312060419045593,W001
SHP000926,2026-02-21,Delhi,Kolkata,GlobalLine,Electronics,110.33868044525215,1952.044154538771,225.8107901835763,60.80289874456978,48.81137090388503,11.991527840684753,0,3.1008118543400203,W001
SHP000927,2026-05-27,Pune,Hyderabad,PrimeLogistics,Textiles,263.2417333947784,224.68956753785338,166.1818343937884,5.444676828948541,5.739739402395059,-0.29506257344651754,1,4.3704671870346266,W010
SHP000928,2026-06-29,Kolkata,Mumbai,EcoTrans,FMCG,531.0175304773269,792.6762122877425,298.8019780846661,19.4689429176437,18.366035644651237,1.1029072729924643,1,5.0,W010
SHP000929,2026-01-19,Mumbai,Bangalore,PrimeLogistics,Electronics,149.06728385637808,494.2718412312701,127.20989288169822,16.706855219825822,13.447327229583797,3.2595279902420256,0,4.913768046847432,W008
SHP000930,2026-06-13,Mumbai,Chennai,PrimeLogistics,Automotive,1039.9260388268058,959.2086901932643,609.4767501861975,22.624053519357975,23.343885960610642,-0.7198324412526667,1,5.0,W001
SHP000931,2026-06-07,Kolkata,Hyderabad,FastShip,Electronics,72.35568690642425,1476.6600274017546,178.1922166539366,37.10007018376784,39.42319263693701,-2.3231224531691694,1,4.636525520491325,W005
SHP000932,2026-01-20,Chennai,Hyderabad,FastShip,Electronics,24.403181347689898,1578.02787282222,162.22392782866444,24.592160504978384,38.912217014864495,-14.320056509886111,1,4.31308258755067,W004
SHP000933,2026-05-17,Pune,Delhi,GlobalLine,Textiles,390.9877992016235,787.3597926528752,259.73656806110694,21.0838648265363,20.490537805685875,0.593327020850424,1,4.477433788794399,W004
SHP000934,2026-05-26,Bangalore,Hyderabad,PrimeLogistics,Electronics,62.1389833447906,1873.484941344564,207.941719265469,45.068576906450865,47.70477198707495,-2.636195080624084,1,5.0,W010
SHP000935,2026-04-02,Ahmedabad,Hyderabad,PrimeLogistics,Electronics,110.57968273426759,1136.9243915809277,156.3453255631136,40.85854789752736,25.56811458430249,15.29043331322487,0,3.032229298675963,W003
SHP000936,2026-02-16,Pune,Kolkata,EcoTrans,FMCG,78.24581749775513,200.14860072153408,42.53022465060779,6.200836337628034,5.26452639441287,0.9363099432151634,1,5.0,W009
SHP000937,2026-06-03,Ahmedabad,Bangalore,EcoTrans,Textiles,293.96468361974166,419.6495003061346,143.9539418593733,8.188973634879963,10.39231480168251,-2.203341166802547,1,4.509448143025132,W006
SHP000938,2026-04-06,Pune,Ahmedabad,PrimeLogistics,Automotive,610.6487405649535,1325.9515246513301,466.20470854591895,29.171911149399403,35.730551537142844,-6.558640387743441,1,4.929235181331077,W010
SHP000939,2026-03-03,Chennai,Kolkata,EcoTrans,Automotive,3342.7782076071508,113.97987628828761,1433.632497612656,2.997782277570153,2.53322234879877,0.46455992877138286,1,5.0,W008
SHP000940,2026-04-25,Pune,Mumbai,FastShip,Automotive,1195.6078797335065,1939.9963479507749,910.9330922414506,49.87783440294939,48.01341354773381,1.8644208552155774,1,5.0,W010
SHP000941,2026-01-05,Bangalore,Chennai,FastShip,Automotive,1048.5849301551948,556.4655350821774,678.4495066379325,11.233603715322106,13.762947131236086,-2.5293434159139796,1,4.086907075291645,W004
SHP000942,2026-02-24,Hyderabad,Mumbai,EcoTrans,Textiles,331.33084665879466,412.1138539662633,168.96494928481394,7.683081922721043,11.119333448707632,-3.436251525986589,1,5.0,W009
SHP000943,2026-05-23,Bangalore,Mumbai,FastShip,Pharmaceuticals,48.960435803625806,1938.942675307575,232.31785756231224,56.32555614498348,49.64315379725481,6.682402347728669,0,4.097136846395805,W006
SHP000944,2026-02-09,Bangalore,Chennai,EcoTrans,Textiles,199.213079534508,568.6472490050778,122.33740035167857,20.603976567693966,14.654621560740608,5.949355006953358,0,4.596648594184114,W004
SHP000945,2026-03-01,Kolkata,Ahmedabad,EcoTrans,Electronics,128.89341473912478,267.47026244250503,71.70775383595252,4.0894230477339235,7.088220062921842,-2.998797015187918,1,4.9926567928040635,W010
SHP000946,2026-04-13,Chennai,Pune,FastShip,Automotive,309.4139969102823,726.1077861705937,252.32129027855572,23.299860439874163,19.707800265701447,3.5920601741727154,0,4.81637671639627,W008
SHP000947,2026-02-14,Ahmedabad,Pune,FastShip,Textiles,232.82140503476973,213.5483209389304,172.6436961850488,4.7724390215277905,5.119701979069666,-0.34726295754187575,1,5.0,W005
SHP000948,2026-01-10,Pune,Mumbai,FastShip,Automotive,271.99071358770493,1887.3113566741404,313.2296406453648,42.03722154312267,45.50946696337162,-3.472245420248953,1,5.0,W006
SHP000949,2026-04-22,Pune,Ahmedabad,FastShip,FMCG,270.81573470485876,832.5497528341717,262.55477574442136,14.705364060055443,22.122184219556424,-7.416820159500981,1,5.0,W010
SHP000950,2026-01-03,Pune,Mumbai,EcoTrans,Textiles,196.57547918831736,984.0273094242543,137.16506671100382,16.36020649504222,23.197111378693617,-6.836904883651396,1,4.89016527382452,W001
SHP000951,2026-03-23,Bangalore,Chennai,GlobalLine,FMCG,477.3742240626675,1470.7533985081868,387.79710229027313,24.529736798840457,40.13658388344823,-15.606847084607775,1,5.0,W001
SHP000952,2026-06-22,Pune,Chennai,FastShip,FMCG,348.56274571059345,1168.0750322724116,324.65931632223976,27.06144477586122,26.501814010126353,0.559630765734866,1,4.409409676548973,W007
SHP000953,2026-03-16,Pune,Delhi,GlobalLine,Automotive,2132.6887253286627,1940.7479120978285,1217.7471365904014,68.68130377547136,43.43706019529203,25.244243580179337,0,3.077872931666261,W002
SHP000954,2026-05-02,Mumbai,Hyderabad,PrimeLogistics,Automotive,1240.7966864598552,1994.0136401347359,845.9595011168796,31.101144365619625,47.70038045170324,-16.599236086083614,1,5.0,W002
SHP000955,2026-04-13,Pune,Ahmedabad,GlobalLine,FMCG,309.0550068158425,603.9341927550818,210.3916680867366,15.278254263841873,16.724594380515363,-1.4463401166734897,1,5.0,W008
SHP000956,2026-05-24,Chennai,Kolkata,PrimeLogistics,Textiles,145.35601842599473,205.1836521829781,98.74915835449507,5.784209107834633,4.600894666427946,1.1833144414066874,1,5.0,W004
SHP000957,2026-05-24,Chennai,Delhi,FastShip,Automotive,1299.2726323870756,1456.520100943066,997.4748432444966,37.27676941796777,36.562720194060724,0.7140492239070468,1,4.966303948915526,W007
SHP000958,2026-03-24,Delhi,Mumbai,PrimeLogistics,Pharmaceuticals,24.255443393617455,341.05837331987726,44.155616346658,8.405951850402639,8.490634003207463,-0.08468215280482383,1,4.297880216869205,W006
SHP000959,2026-03-31,Chennai,Bangalore,EcoTrans,Textiles,183.52509879970623,906.3068495019058,145.6225083264675,26.23722731233432,23.22207975869023,3.0151475536440877,0,4.331083391030412,W001
SHP000960,2026-03-20,Bangalore,Chennai,PrimeLogistics,Textiles,85.7207810237367,513.6296178287416,100.95286417310894,10.948740795495846,11.70243771707992,-0.7536969215840745,1,4.965183273349946,W003
SHP000961,2026-04-23,Mumbai,Ahmedabad,GlobalLine,FMCG,500.7383790757248,482.23294134887095,264.67987156329406,9.934095924656347,11.981906424367658,-2.0478104997113107,1,5.0,W006
SHP000962,2026-02-09,Delhi,Mumbai,FastShip,FMCG,494.08546092011295,1838.7637587693025,506.50781470170983,52.70062065603377,47.98999349229776,4.710627163736014,0,4.755730045381008,W010
SHP000963,2026-02-07,Kolkata,Mumbai,EcoTrans,Electronics,45.52794571973139,1706.1269538085808,141.51603441530492,48.17200225077705,47.574611433031436,0.5973908177456124,1,4.717926384375986,W005
SHP000964,2026-04-26,Ahmedabad,Mumbai,EcoTrans,FMCG,236.92254725984984,502.4164847748551,142.74657574148696,14.619138751892145,11.616594506214255,3.002544245677889,0,4.49601552178641,W009
SHP000965,2026-02-24,Chennai,Hyderabad,EcoTrans,Textiles,309.025160297327,1859.7666741877906,232.48894618600755,43.04537801889066,41.75636114256763,1.289016876323032,1,5.0,W008
SHP000966,2026-06-09,Bangalore,Pune,FastShip,Pharmaceuticals,22.826988841653545,1787.7171733718615,183.83235413020293,51.77784693477314,45.840355396612196,5.937491538160941,0,4.14165034127815,W010
SHP000967,2026-06-19,Mumbai,Chennai,GlobalLine,Electronics,65.02647007613663,1162.35964727964,125.57187232796481,26.50702503732508,26.57923508481293,-0.0722100474878502,1,4.034573530373496,W005
SHP000968,2026-02-21,Kolkata,Mumbai,PrimeLogistics,Electronics,71.68580613414478,1091.4786630798599,137.79815961362453,28.84931073201371,24.068167044438642,4.781143687575067,0,5.0,W002
SHP000969,2026-04-10,Kolkata,Pune,EcoTrans,Electronics,78.0736883362697,1534.3718255915958,150.03761200111376,34.61278497213145,35.96707121985731,-1.3542862477258595,1,4.503978219611433,W001
SHP000970,2026-03-16,Pune,Delhi,PrimeLogistics,Textiles,148.79863740194938,1196.1786343551953,174.18693033060435,32.84002210154791,28.872359464945642,3.9676626366022667,0,5.0,W002
SHP000971,2026-03-22,Ahmedabad,Pune,FastShip,FMCG,151.65865478771983,1168.0106769841361,183.05004972980998,14.087653825817286,26.24643708126561,-12.158783255448325,1,5.0,W004
SHP000972,2026-05-09,Ahmedabad,Kolkata,FastShip,Electronics,112.47045764988795,614.2988481732891,123.179563881325,14.1715766176764,15.611501245681584,-1.4399246280051834,1,5.0,W004
SHP000973,2026-05-16,Kolkata,Bangalore,PrimeLogistics,Pharmaceuticals,25.31562633633837,994.3318990330171,92.27929458784519,32.97597066932836,23.01517685782383,9.960793811504534,0,3.889906603957107,W003
SHP000974,2026-01-05,Hyderabad,Pune,EcoTrans,Automotive,2989.647418423663,673.1582590991828,1285.840038131387,14.3963098424337,18.260358233975044,-3.8640483915413437,1,5.0,W005
SHP000975,2026-03-02,Kolkata,Ahmedabad,FastShip,Automotive,866.2641163809972,1849.437257003994,708.6828983844781,40.66312521021074,46.60744869764909,-5.9443234874383535,1,4.145418222404772,W007
SHP000976,2026-01-08,Kolkata,Delhi,GlobalLine,Automotive,2582.6230950864738,1633.5033386070743,1428.6143858114892,38.074822516704025,37.081321983044845,0.99350053365918,1,4.361393575951784,W007
SHP000977,2026-06-18,Bangalore,Mumbai,PrimeLogistics,Textiles,179.7908582457273,1752.1282208325147,266.43930861936536,45.26019698087785,41.15201590645915,4.108181074418702,0,4.1670176681633775,W010
SHP000978,2026-06-10,Chennai,Kolkata,GlobalLine,Textiles,270.59624457537944,805.4147489602482,199.79917753233454,20.03181784000071,21.224941053751092,-1.1931232137503827,1,4.535603959273771,W003
SHP000979,2026-04-20,Kolkata,Hyderabad,EcoTrans,Pharmaceuticals,118.25880075584574,1654.8852186509116,152.10254037464156,32.50704657994318,44.428684783055154,-11.921638203111975,1,5.0,W009
SHP000980,2026-02-03,Chennai,Pune,GlobalLine,Textiles,491.20011648330683,1429.1029537648867,353.59483350901365,35.1378808779055,32.62697137623337,2.5109095016721312,0,5.0,W009
SHP000981,2026-06-25,Chennai,Ahmedabad,GlobalLine,Automotive,410.45587762973173,1823.0464969456882,357.2062755045042,53.37996857433938,41.04117913170676,12.338789442632617,0,4.556852917478403,W009
SHP000982,2026-02-04,Pune,Ahmedabad,GlobalLine,Textiles,168.10884148099163,1608.8556672913176,212.53296480725686,37.42911061374937,44.031942881171446,-6.602832267422073,1,4.22060650248808,W003
SHP000983,2026-03-23,Delhi,Hyderabad,FastShip,FMCG,541.4274370592243,268.6692072168421,376.2457093584725,7.108711219649708,6.42756673543525,0.6811444842144576,1,4.658392509850835,W006
SHP000984,2026-02-07,Mumbai,Ahmedabad,EcoTrans,Pharmaceuticals,27.898620888445173,894.1401652263854,69.04284469755987,19.185055730380267,21.390877760942576,-2.2058220305623095,1,4.630651250835219,W007
SHP000985,2026-03-19,Ahmedabad,Hyderabad,EcoTrans,FMCG,124.7587834380345,758.7656463482313,109.77523963376606,31.25819523545536,20.76063224543813,10.49756299001723,0,3.5677125345428142,W004
SHP000986,2026-01-28,Bangalore,Delhi,FastShip,Textiles,352.1811443140728,1514.440118891352,331.86755655483546,43.92175746379036,34.50183535188169,9.419922111908669,0,3.784055136705666,W010
SHP000987,2026-03-10,Chennai,Hyderabad,GlobalLine,FMCG,148.57169710156893,1155.0620681235446,167.6102679430506,35.37643788275802,29.953780919399474,5.422656963358545,0,4.71507008085826,W001
SHP000988,2026-04-02,Delhi,Pune,PrimeLogistics,FMCG,264.1408504477634,687.8002679520245,213.79450128962233,9.610969244882051,15.198149111517186,-5.587179866635134,1,4.368615112150718,W009
SHP000989,2026-06-04,Ahmedabad,Hyderabad,EcoTrans,FMCG,207.9006245803943,1601.2496100796059,186.10960140436467,42.555965111790584,41.732130644285135,0.8238344675054492,1,5.0,W007
SHP000990,2026-05-06,Ahmedabad,Delhi,GlobalLine,FMCG,747.6906874813216,1507.6780927717725,510.46626792305267,30.880402724081645,36.38506495994105,-5.504662235859403,1,5.0,W004
SHP000991,2026-01-09,Pune,Ahmedabad,FastShip,Automotive,3285.7368891622646,820.0162286437644,1969.2919535191572,22.618119638662666,20.300384127589687,2.3177355110729785,0,5.0,W007
SHP000992,2026-02-26,Chennai,Ahmedabad,GlobalLine,Electronics,133.02845517456785,1816.219882253937,194.8053139053325,51.59801664533246,42.4858717737811,9.112144871551358,0,4.365570278378761,W003
SHP000993,2026-04-23,Ahmedabad,Hyderabad,EcoTrans,Pharmaceuticals,32.97310695357646,269.74581435454695,31.95365377047926,8.01429552666739,6.307846055411019,1.70644947125637,1,5.0,W004
SHP000994,2026-04-20,Pune,Ahmedabad,FastShip,Textiles,135.10029279142051,243.50146344918505,111.27859128574393,4.777868722884205,5.981860485503033,-1.203991762618828,1,5.0,W007
SHP000995,2026-03-22,Pune,Kolkata,FastShip,Textiles,141.32989930044218,1926.9330734741081,286.3623401672613,44.60200102225306,47.70661695255916,-3.104615930306096,1,4.5077722517679515,W002
SHP000996,2026-04-26,Ahmedabad,Pune,FastShip,FMCG,252.60393162833296,1170.0123380625143,287.30448090291424,32.751337864377305,25.767160360237764,6.9841775041395415,0,4.406733769697044,W009
SHP000997,2026-05-18,Pune,Hyderabad,FastShip,Textiles,216.72695736368362,1390.4262291221864,241.069384006332,38.78290164018278,38.87213606272356,-0.08923442254078395,1,4.19523950845951,W007
SHP000998,2026-05-13,Mumbai,Bangalore,EcoTrans,Pharmaceuticals,27.651739251316535,1159.9704487979825,87.08285990392568,27.793941937556667,26.121078793572323,1.672863143984344,1,5.0,W007
SHP000999,2026-03-19,Kolkata,Chennai,GlobalLine,Pharmaceuticals,26.84060795236884,411.72081770413683,44.36630675106172,9.64498998070468,11.016430499982619,-1.3714405192779378,1,5.0,W005
SHP001000,2026-06-06,Mumbai,Pune,GlobalLine,Pharmaceuticals,32.343862364621494,723.6846696269404,68.3315797361873,14.50897997194856,19.698804936546274,-5.1898249645977135,1,5.0,W008
SHP001001,2026-01-24,Delhi,Bangalore,GlobalLine,Pharmaceuticals,18.50149235485446,1499.9096805493743,128.0393905497904,36.02084103279918,41.900996370716754,-5.8801553379175715,1,4.920714953826891,W007
SHP001002,2026-03-24,Ahmedabad,Mumbai,GlobalLine,Pharmaceuticals,30.07883500945941,1015.6103175089571,96.34858780159904,27.992477992644826,24.268633070510237,3.723844922134589,0,4.815343436600168,W010
SHP001003,2026-02-21,Ahmedabad,Mumbai,EcoTrans,Automotive,1227.8639929108149,1669.1876302109476,610.3783172099224,52.54269491293592,40.71294278832768,11.829752124608241,0,3.642623210102689,W003
SHP001004,2026-02-01,Delhi,Mumbai,PrimeLogistics,Automotive,277.274911229058,642.6012708534091,228.35009784518206,15.580809878595431,15.343434091991625,0.2373757866038062,1,4.5124857559337554,W002
SHP001005,2026-05-15,Pune,Hyderabad,GlobalLine,Pharmaceuticals,33.86953544474327,923.1767713871529,96.23064889680019,15.269256522079898,24.40588391148957,-9.136627389409673,1,4.080611641010503,W009
SHP001006,2026-04-08,Mumbai,Ahmedabad,GlobalLine,Automotive,617.345939502596,701.2906897168473,384.7656036470664,11.359224957517103,15.647502535815423,-4.28827757829832,1,4.966064309150259,W010
SHP001007,2026-06-18,Bangalore,Delhi,GlobalLine,FMCG,429.0459706059176,1016.2279376409205,297.02365229446167,33.537278973426254,28.30343908482342,5.233839888602834,0,4.214436033298925,W001
SHP001008,2026-04-18,Kolkata,Bangalore,PrimeLogistics,Automotive,1592.2511687585852,505.72120797950765,952.6512365422849,14.956370395862132,12.354772444413504,2.6015979514486283,0,4.751438194133825,W003
SHP001009,2026-01-31,Bangalore,Delhi,FastShip,Textiles,385.6574028323349,402.85028106566415,295.3476375026265,6.886407053203313,11.073748328540004,-4.187341275336691,1,4.822441717278446,W005
SHP001010,2026-01-04,Ahmedabad,Chennai,PrimeLogistics,Textiles,102.47539354146497,952.8175947388057,142.9858708981043,21.92166699925458,21.372091270376824,0.5495757288777554,1,5.0,W001
SHP001011,2026-06-05,Ahmedabad,Delhi,GlobalLine,Textiles,96.92263918676835,1828.2147206021768,199.9326482024572,49.24373083739788,41.00948936789653,8.234241469501349,0,4.207705781214531,W008
SHP001012,2026-04-27,Pune,Chennai,FastShip,Textiles,130.73978188065598,676.3921362069239,140.30462083747244,17.695035969572633,15.609715023062261,2.0853209465103717,0,4.83701470847692,W010
SHP001013,2026-01-02,Chennai,Hyderabad,EcoTrans,Textiles,128.21025734664826,1278.002533607076,136.87524463916392,34.733690275795944,34.67930310461044,0.05438717118550329,1,4.327480903378954,W009
SHP001014,2026-02-23,Mumbai,Bangalore,GlobalLine,Electronics,87.14506642489125,463.1006831131754,84.95417311067052,8.988335074107216,10.926177817705014,-1.9378427435977983,1,5.0,W006
SHP001015,2026-01-10,Bangalore,Ahmedabad,FastShip,Textiles,162.10031027648412,1892.0721144175563,302.9810111011542,22.251290755596806,43.97408555764888,-21.72279480205207,1,4.510119026128013,W010
SHP001016,2026-03-18,Hyderabad,Mumbai,FastShip,Electronics,82.3791805113649,1068.9716506956445,150.85011170468363,27.99404348889494,29.294698781719198,-1.3006552928242598,1,5.0,W007
SHP001017,2026-02-15,Bangalore,Pune,EcoTrans,Textiles,317.79134153464736,1632.7448347156167,221.65912686810194,38.85959655692269,39.05583996507602,-0.19624340815332886,1,4.271659279337959,W010
SHP001018,2026-05-27,Bangalore,Kolkata,EcoTrans,Electronics,81.34024244856508,479.18607020228364,60.946308317305295,14.52304805754811,12.391856405910053,2.1311916516380567,0,4.480389199200849,W002
SHP001019,2026-03-18,Hyderabad,Bangalore,PrimeLogistics,Electronics,97.60388803088615,890.5342737765037,144.6691897505329,26.77971740151022,20.663412243912042,6.116305157598177,0,4.039561258935654,W007
SHP001020,2026-05-21,Delhi,Chennai,PrimeLogistics,FMCG,186.8212767484195,428.2389047340659,137.04842574613832,7.792716543119759,11.761583814711798,-3.968867271592039,1,5.0,W002
SHP001021,2026-06-27,Kolkata,Bangalore,PrimeLogistics,Textiles,230.30951859375907,1269.5499840670404,216.43759825441572,20.09629673859293,31.000166741551286,-10.903870002958357,1,5.0,W004
SHP001022,2026-06-28,Chennai,Hyderabad,FastShip,Electronics,166.20604503563513,1312.4658147809116,217.6198390511352,21.93923923212957,29.610699716478106,-7.671460484348536,1,4.898269429459847,W010
SHP001023,2026-06-11,Delhi,Kolkata,EcoTrans,Pharmaceuticals,36.01646874288274,702.7924312780484,66.45747598835692,20.45721537289993,17.561160500311296,2.8960548725886355,0,5.0,W010
SHP001024,2026-03-23,Kolkata,Hyderabad,EcoTrans,FMCG,233.42318718143912,1747.5890869021318,225.58548414962996,53.692037522941575,38.93940698428071,14.752630538660867,0,3.715604030615168,W010
SHP001025,2026-05-25,Ahmedabad,Kolkata,PrimeLogistics,Pharmaceuticals,31.477245466823668,1776.7406996294592,156.9979903643776,41.22128348626877,47.112701040794136,-5.891417554525368,1,3.6904238974733303,W003
SHP001026,2026-06-06,Chennai,Pune,EcoTrans,FMCG,152.6688896886261,113.48341174028563,77.23888589864252,4.084932056359934,2.7416400024063647,1.343292053953569,1,5.0,W001
SHP001027,2026-01-31,Mumbai,Kolkata,FastShip,FMCG,348.0161320847102,1109.5459111495572,309.0018784080082,31.04192930745795,30.759077800624528,0.28285150683342053,1,4.284770290522373,W010
SHP001028,2026-04-17,Pune,Mumbai,EcoTrans,Automotive,2149.1406769723344,340.2820662667852,1000.6860684281006,7.44678063234056,8.225668882844934,-0.7788882505043739,1,5.0,W009
SHP001029,2026-06-13,Chennai,Mumbai,GlobalLine,Automotive,1476.3616077634697,215.2978310062964,742.3123289484181,3.7068848523182387,5.442662347569877,-1.7357774952516385,1,5.0,W005
SHP001030,2026-01-18,Kolkata,Bangalore,EcoTrans,Electronics,81.94953995905172,1673.0574136360938,156.65761065460737,38.735005901170695,37.19688084048371,1.538125060686987,1,4.1551787095850825,W002
SHP001031,2026-06-25,Hyderabad,Bangalore,PrimeLogistics,Textiles,154.1048125528156,915.9510044495348,164.39251456199636,25.438462066143344,21.01579005693675,4.422672009206593,0,4.164329470631149,W010
SHP001032,2026-01-08,Bangalore,Delhi,EcoTrans,Automotive,630.5453140721185,258.42020216064316,310.02678121970297,7.633660488590687,6.584139142190733,1.0495213463999535,1,5.0,W008
SHP001033,2026-05-02,Mumbai,Pune,GlobalLine,Pharmaceuticals,58.957971576333264,173.71896398488616,40.659160439013256,2.907913901953344,4.6882361681295395,-1.7803222661761953,1,4.657374726231452,W003
SHP001034,2026-06-10,Ahmedabad,Pune,EcoTrans,Pharmaceuticals,59.63156309693581,815.9401927710037,81.36977059632032,14.604101190676634,17.951864113417567,-3.347762922740934,1,4.669229278742354,W007
SHP001035,2026-01-15,Kolkata,Hyderabad,EcoTrans,Textiles,286.04560994324646,631.380327438242,154.35409769243776,13.373129878730573,15.800659377585196,-2.427529498854623,1,4.8083925815206925,W009
SHP001036,2026-01-05,Chennai,Hyderabad,EcoTrans,Automotive,1595.5098620824685,249.2188613063175,675.0777244295629,8.771636588616632,6.600788566969031,2.1708480216476005,0,4.888163347295992,W002
SHP001037,2026-02-08,Kolkata,Ahmedabad,FastShip,Automotive,975.9766931622471,176.13126406170667,660.8548942972735,6.956200650754737,4.280145898535214,2.676054752219523,0,4.952654327968506,W007
SHP001038,2026-06-10,Bangalore,Hyderabad,PrimeLogistics,FMCG,190.79577599176332,640.1477492813727,164.0373827269361,21.33585969485555,16.33695941753373,4.99890027732182,0,4.401299738369835,W010
SHP001039,2026-01-30,Kolkata,Pune,EcoTrans,Electronics,83.66472338243527,1121.6150443228457,115.486873595344,17.43794230993223,29.951418706218746,-12.513476396286517,1,5.0,W005
SHP001040,2026-04-16,Delhi,Kolkata,GlobalLine,Automotive,477.5486599526481,386.16081083018634,293.0013947682049,9.233942865911182,9.383071633963167,-0.14912876805198572,1,4.274536054444388,W008
SHP001041,2026-03-19,Chennai,Hyderabad,EcoTrans,FMCG,346.5166663460628,1866.7539163583701,273.320242640143,58.77114248018122,46.561872792521704,12.209269687659514,0,3.884030798225794,W002
SHP001042,2026-04-06,Mumbai,Ahmedabad,GlobalLine,Electronics,88.02055736513171,569.2342836874187,96.70600284826759,15.75707315725345,15.633988476872759,0.12308468038069087,1,5.0,W008
SHP001043,2026-05-10,Mumbai,Ahmedabad,PrimeLogistics,Textiles,338.0848010713265,348.92777543588466,221.02680622078586,9.08791852977397,7.748216002012767,1.3397025277612036,1,4.257289653605962,W003
SHP001044,2026-02-18,Hyderabad,Chennai,EcoTrans,Automotive,1085.4203738253777,447.55355932796095,478.4650718489211,9.16877976846982,11.007411064113159,-1.8386312956433386,1,5.0,W003
SHP001045,2026-01-26,Bangalore,Delhi,FastShip,Pharmaceuticals,21.31351695986228,1190.5528325603095,130.57349021218266,30.287192017115277,30.168913010136073,0.11827900697920413,1,4.568402480751745,W007
SHP001046,2026-05-14,Delhi,Mumbai,EcoTrans,Electronics,184.550353284173,1553.7025241029487,181.61034839881444,50.16964020889243,38.695127593316904,11.474512615575527,0,4.6227107283523905,W010
SHP001047,2026-01-23,Hyderabad,Chennai,FastShip,Electronics,76.1609824152996,272.7773548347782,77.96775227629713,6.6766011155301985,7.129220546282891,-0.4526194307526925,1,4.830077479077818,W009
SHP001048,2026-06-18,Kolkata,Mumbai,EcoTrans,FMCG,194.78363954983644,1225.717688413033,177.28167923018754,30.07996050386718,27.286884980783178,2.7930755230840028,0,4.582356561832027,W006
SHP001049,2026-02-21,Chennai,Bangalore,EcoTrans,Textiles,207.70914040955597,597.1755966112623,117.7227131189726,14.758015171437322,13.238874208752819,1.519140962684503,1,5.0,W006
SHP001050,2026-04-23,Delhi,Chennai,GlobalLine,FMCG,272.4365487592387,890.235943165268,216.57821505541295,16.70868870363569,24.490132817032066,-7.781444113396375,1,4.810710128393423,W005
SHP001051,2026-01-30,Mumbai,Hyderabad,FastShip,FMCG,567.8098486665111,1628.3113868616313,453.8469585965296,42.990562251816165,42.589195570537704,0.40136668127846065,1,5.0,W009
SHP001052,2026-03-31,Hyderabad,Bangalore,GlobalLine,Automotive,1213.8897042862704,332.71469201556476,637.8748252824427,7.916028421821977,9.075384179608353,-1.1593557577863756,1,3.723225201972051,W010
SHP001053,2026-03-04,Bangalore,Mumbai,EcoTrans,Textiles,180.41307456957526,716.562633421,136.56564842674496,15.595774902757165,16.979671144771217,-1.3838962420140515,1,5.0,W006
SHP001054,2026-05-19,Ahmedabad,Mumbai,GlobalLine,Electronics,79.97449093478644,408.14840757496705,72.44215546515166,11.671961661213306,10.787866164013499,0.884095497199807,1,5.0,W008
SHP001055,2026-06-22,Mumbai,Delhi,PrimeLogistics,Electronics,66.95300426097874,1896.9753447680596,188.78478973167776,55.186344303606774,50.55067035745488,4.635673946151897,0,4.63876682432984,W002
SHP001056,2026-04-20,Pune,Delhi,PrimeLogistics,Textiles,185.6632985840874,1467.9231248020112,243.03306796198476,52.06031834707094,34.2236809006519,17.83663744641904,0,2.712380407643993,W006
SHP001057,2026-03-21,Hyderabad,Ahmedabad,GlobalLine,Textiles,165.5978134162899,1928.4941012636039,255.58101597029,48.192787538872814,45.55506420013328,2.6377233387395336,0,4.77365831925106,W002
SHP001058,2026-04-30,Bangalore,Mumbai,PrimeLogistics,Electronics,194.17248763216668,977.4323149678354,185.653160285459,21.12692149810761,24.91065575262183,-3.783734254514222,1,5.0,W008
SHP001059,2026-03-21,Ahmedabad,Chennai,GlobalLine,FMCG,789.3919330363298,1451.1314523290432,465.0165505308999,48.658610678399484,39.410534442641826,9.248076235757658,0,3.2343281087598172,W003
SHP001060,2026-06-07,Kolkata,Bangalore,PrimeLogistics,FMCG,277.35096317525057,559.352564211395,201.08062030721172,20.54852245117072,15.282065386403698,5.266457064767021,0,4.1375981900330245,W006
SHP001061,2026-03-25,Ahmedabad,Chennai,FastShip,Electronics,97.71437988133911,1984.2036667461978,262.5860500546024,35.5144840138952,46.158869060726744,-10.644385046831545,1,4.206483119237005,W008
SHP001062,2026-01-29,Hyderabad,Chennai,PrimeLogistics,FMCG,332.86532411843245,878.1657617987676,274.93874335217964,13.26844495390139,23.383226124198554,-10.114781170297164,1,5.0,W005
SHP001063,2026-03-31,Bangalore,Hyderabad,FastShip,Pharmaceuticals,99.24368985272633,1163.7920105069923,170.80456433618878,29.464277636130223,29.129244810606643,0.33503282552358016,1,5.0,W002
SHP001064,2026-03-25,Delhi,Ahmedabad,EcoTrans,Textiles,155.41028758099944,1129.3446078879292,132.3051404740371,22.89440544627597,30.03711372233977,-7.1427082760638,1,4.829089089876932,W008
SHP001065,2026-04-13,Pune,Delhi,GlobalLine,Textiles,118.6262579390493,1874.5760951739728,196.0351750438113,44.61072575654292,44.08364712627067,0.5270786302722499,1,4.089050548600552,W003
SHP001066,2026-05-04,Pune,Mumbai,EcoTrans,FMCG,145.4159572929147,1609.859495555989,169.77588445717902,37.69995805123202,37.06638633166744,0.6335717195645785,1,4.063409465254026,W010
SHP001067,2026-04-21,Pune,Kolkata,EcoTrans,Textiles,231.6587480521679,1174.9198824471773,186.00793093944534,23.96128593029962,32.45860419266811,-8.497318262368491,1,4.728263446373228,W004
SHP001068,2026-02-14,Delhi,Pune,PrimeLogistics,Electronics,83.19228387909688,674.3257309432522,113.40082794314574,18.275540300904076,18.768050099500016,-0.4925097985959397,1,5.0,W010
SHP001069,2026-06-02,Ahmedabad,Bangalore,FastShip,Pharmaceuticals,36.176677282501814,187.53142238338842,40.057492793705265,4.261964890332178,4.506628402347915,-0.24466351201573744,1,5.0,W003
SHP001070,2026-03-20,Pune,Mumbai,FastShip,Textiles,148.92156144835266,1750.7220820538585,265.75767058341575,44.012344239740884,43.07527943759634,0.9370648021445405,1,4.388221733797947,W007
SHP001071,2026-03-25,Ahmedabad,Hyderabad,FastShip,Electronics,154.1315753724303,409.5150435070487,140.02713788403278,12.21140220804118,11.106201302843733,1.1052009051974476,1,4.780637079729691,W004
SHP001072,2026-02-05,Mumbai,Ahmedabad,GlobalLine,FMCG,417.027594714893,1817.5108238607895,341.22064711259696,41.01805105401349,46.00852003224822,-4.9904689782347305,1,5.0,W008
SHP001073,2026-05-17,Kolkata,Chennai,PrimeLogistics,FMCG,209.00216687914525,1372.9116326325143,212.20960810908124,31.28082289393936,36.84256008287238,-5.561737188933023,1,4.8399497618249585,W004
SHP001074,2026-06-24,Hyderabad,Bangalore,EcoTrans,Pharmaceuticals,13.96542271726831,774.4907200464895,56.499396037313666,20.738683485773905,21.518059878552194,-0.7793763927782891,1,5.0,W006
SHP001075,2026-01-23,Mumbai,Hyderabad,PrimeLogistics,FMCG,611.729368223774,672.7667541802691,363.5714952642218,17.011719661951116,17.862164959179683,-0.8504452972285677,1,5.0,W005
SHP001076,2026-01-16,Hyderabad,Kolkata,FastShip,Electronics,266.24726187472197,201.79546325407506,166.24190624115568,5.219773999787509,5.193266054433871,0.026507945353637652,1,4.264512276793589,W009
SHP001077,2026-04-02,Delhi,Ahmedabad,EcoTrans,Electronics,41.467614975700855,1902.0077955288364,157.02598973938558,54.68032402123113,50.08793175844095,4.592392262790177,0,3.9183773366363908,W004
SHP001078,2026-04-21,Pune,Hyderabad,EcoTrans,Pharmaceuticals,36.162361391223016,1958.7043807060008,138.41479310531363,65.79726061125464,48.82032868419137,16.976931927063276,0,2.6243216348636906,W007
SHP001079,2026-04-08,Pune,Kolkata,GlobalLine,FMCG,294.4513901083027,621.9395623335729,212.25678580323222,10.22939357709843,13.834121531590899,-3.6047279544924695,1,5.0,W008
SHP001080,2026-02-05,Chennai,Hyderabad,PrimeLogistics,Automotive,680.1402776405404,159.30576464362036,424.33379611380906,3.0247600742051333,4.008064482080026,-0.9833044078748925,1,4.2975915280362464,W007
SHP001081,2026-02-09,Kolkata,Ahmedabad,GlobalLine,FMCG,353.1559945472389,941.1982626422708,274.48791026938176,20.33429603939963,22.095568947253188,-1.7612729078535594,1,4.220963632073243,W001
SHP001082,2026-01-19,Mumbai,Bangalore,PrimeLogistics,Pharmaceuticals,113.52357600148679,1435.4462436951926,172.44899730535283,39.04735362306133,33.24886063386015,5.798492989201186,0,4.002104865970068,W003
SHP001083,2026-01-22,Bangalore,Pune,PrimeLogistics,Pharmaceuticals,41.33940864799043,508.963258951812,72.40921842971488,9.490222804217922,14.074418373664107,-4.584195569446186,1,3.907753632474096,W010
SHP001084,2026-04-19,Bangalore,Kolkata,PrimeLogistics,Textiles,225.0237443882088,544.7097725332484,156.23722235171203,14.331570896787717,12.86114268831565,1.4704282084720663,1,5.0,W008
SHP001085,2026-04-09,Hyderabad,Delhi,GlobalLine,Pharmaceuticals,34.58359216844694,1418.3403504239495,130.4797946940562,40.82155064837307,35.565532887604455,5.256017760768614,0,4.309646323605076,W010
SHP001086,2026-01-02,Ahmedabad,Pune,GlobalLine,Textiles,83.94456884951451,994.4914943241438,126.55432339402795,25.533910537840733,27.49156374560112,-1.9576532077603872,1,4.946902954980123,W005
SHP001087,2026-04-16,Hyderabad,Mumbai,FastShip,Textiles,923.8883755991446,420.03704715063895,625.6339803800272,10.966404966915938,11.72305532348891,-0.7566503565729725,1,5.0,W008
SHP001088,2026-04-05,Delhi,Hyderabad,PrimeLogistics,Electronics,142.18464511547705,962.308471233132,164.20768220977573,11.054948817413797,26.076251040409524,-15.021302222995727,1,4.819495388373715,W003
SHP001089,2026-05-15,Kolkata,Chennai,FastShip,Textiles,758.2061572156694,459.2475421788628,539.0229686097273,11.271412956336935,11.961158123249382,-0.6897451669124468,1,4.609495528225908,W010
SHP001090,2026-01-23,Chennai,Kolkata,FastShip,Textiles,223.4936851159037,1247.9304825279244,234.6501065057378,10.969918053839924,28.04372598229686,-17.073807928456937,1,5.0,W010
SHP001091,2026-03-21,Mumbai,Chennai,FastShip,Pharmaceuticals,26.3827368097386,918.867819409791,97.27385274650443,26.78705996883507,25.657179047969265,1.129880920865805,1,5.0,W008
SHP001092,2026-05-12,Ahmedabad,Kolkata,EcoTrans,Pharmaceuticals,46.431192787369966,718.2947332969549,63.01895669228256,17.022554798146018,20.008261539225224,-2.9857067410792055,1,4.162765269773377,W006
SHP001093,2026-03-17,Kolkata,Delhi,FastShip,Textiles,185.84812942077136,1639.492347982845,270.8673191651217,39.13913032963754,38.80564135128246,0.33348897835507785,1,5.0,W005
SHP001094,2026-05-25,Kolkata,Mumbai,PrimeLogistics,Textiles,273.81667917749553,574.8132711100907,183.70401561076477,7.872001527999202,15.027741045172073,-7.155739517172871,1,5.0,W003
SHP001095,2026-05-27,Mumbai,Pune,EcoTrans,Textiles,106.22946934634501,1372.2613874212834,151.49516010482424,26.96002024938073,31.636514005526923,-4.6764937561461934,1,4.271706013370318,W001
SHP001096,2026-03-15,Ahmedabad,Mumbai,GlobalLine,Textiles,498.8791179575222,948.7085713148633,309.3392845582398,44.27991354953689,25.56846374311187,18.711449806425023,0,2.6316774865420607,W002
SHP001097,2026-03-13,Kolkata,Delhi,EcoTrans,Automotive,572.9030797692737,263.2297375853589,272.5768701997641,5.238619275017919,6.10098241772157,-0.8623631427036518,1,4.546596136986571,W005
SHP001098,2026-01-04,Delhi,Hyderabad,GlobalLine,Textiles,430.7787726335027,889.9721218803378,284.82048931965,19.921892272817725,21.54288860863777,-1.6209963358200454,1,4.684281486258408,W003
SHP001099,2026-06-18,Ahmedabad,Bangalore,GlobalLine,Automotive,2607.4195460727465,643.8261837559893,1344.4019570228436,19.489383499861034,14.911454386046369,4.577929113814665,0,4.462881496884028,W004
SHP001100,2026-05-05,Bangalore,Ahmedabad,FastShip,Automotive,1271.608545126563,532.3143661792803,778.1834526244805,10.192496133580471,12.117842937528227,-1.9253468039477557,1,5.0,W002
SHP001101,2026-02-07,Bangalore,Ahmedabad,PrimeLogistics,Pharmaceuticals,42.2143316113375,745.3551789147413,92.50267158383119,14.590011843153205,18.890690457895012,-4.300678614741807,1,5.0,W007
SHP001102,2026-03-02,Ahmedabad,Hyderabad,GlobalLine,FMCG,154.73266749292702,320.91999255647323,103.79027783869498,9.230089037498,7.901977235945185,1.328111801552816,1,4.116950545263218,W010
SHP001103,2026-03-30,Mumbai,Pune,EcoTrans,Electronics,47.94475212045103,527.893490410783,53.53947718999702,18.6224229930736,13.13226376049906,5.490159232574539,0,4.807570259366852,W001
SHP001104,2026-02-12,Ahmedabad,Chennai,PrimeLogistics,Automotive,930.4029344568364,799.7613885458481,567.367019849193,21.62630065551196,19.435167113325374,2.191133542186588,0,5.0,W008
SHP001105,2026-05-17,Chennai,Kolkata,PrimeLogistics,Pharmaceuticals,19.49486988663999,1654.017935981635,141.84724941708978,57.20549982298874,45.03027944149195,12.175220381496793,0,2.5335544020666805,W005
SHP001106,2026-02-07,Pune,Mumbai,EcoTrans,Pharmaceuticals,41.42194490165545,1044.6178333636028,91.60622617022842,22.185449454248012,23.061602287145792,-0.8761528328977803,1,5.0,W007
SHP001107,2026-06-23,Hyderabad,Kolkata,FastShip,Electronics,64.23607076839045,934.9842112810401,128.20576896195794,20.61936732203867,22.83407236590598,-2.2147050438673084,1,4.607561876821187,W009
SHP001108,2026-06-13,Hyderabad,Ahmedabad,PrimeLogistics,Textiles,476.1759230209768,1926.6933979084893,440.01234983428697,48.68415093784731,51.72182919945062,-3.037678261603304,1,4.55324245374036,W005
SHP001109,2026-03-27,Kolkata,Bangalore,FastShip,Automotive,1908.795634918846,1736.1156881167087,1201.3051168924792,20.70764952329341,38.950534611251534,-18.242885087958125,1,4.800746541058743,W010
SHP001110,2026-04-11,Ahmedabad,Pune,GlobalLine,Textiles,250.26670329783317,1370.6311834546461,236.7972648930712,42.96212212422841,37.00342563791468,5.958696486313727,0,4.445124758280986,W004
SHP001111,2026-05-14,Hyderabad,Pune,GlobalLine,Automotive,320.2392289497854,1252.7097140759831,282.74867868808764,26.566220303475475,33.85017946678175,-7.283959163306278,1,5.0,W009
SHP001112,2026-01-03,Mumbai,Ahmedabad,FastShip,Electronics,64.12347032881728,1659.0952347343145,189.25375767092734,39.88173050971402,38.881339021674016,1.0003914880400018,1,3.742938818195947,W007
SHP001113,2026-01-26,Delhi,Pune,PrimeLogistics,Automotive,3523.258651063711,774.2068745182506,2051.1296746858543,21.933080321212778,19.75176129839423,2.181319022818549,0,5.0,W004
SHP001114,2026-03-14,Kolkata,Delhi,FastShip,Electronics,143.06446800337193,592.953425029345,130.90291726476372,13.473048176758875,13.469310629315247,0.0037375474436274203,1,4.227409321131515,W010
SHP001115,2026-01-24,Mumbai,Hyderabad,GlobalLine,Textiles,251.10810097881833,1599.1771479838897,245.93303749321387,47.20566415738762,39.0645753545888,8.141088802798826,0,3.5675596363775846,W002
SHP001116,2026-01-31,Delhi,Ahmedabad,GlobalLine,Pharmaceuticals,30.81278624245659,216.31165047278682,33.30612233398362,4.96021568620146,6.0427308711968495,-1.0825151849953896,1,5.0,W010
SHP001117,2026-02-17,Delhi,Pune,GlobalLine,Automotive,1583.4452554344834,1896.7797203965288,926.2802121481687,59.83140722227331,49.26281965062828,10.568587571645033,0,5.0,W005
SHP001118,2026-04-30,Delhi,Pune,PrimeLogistics,Automotive,720.3141070270476,954.237921414701,450.245318601989,32.0758363890981,23.901164118357205,8.174672270740896,0,4.24548346712339,W007
SHP001119,2026-06-27,Hyderabad,Bangalore,GlobalLine,Electronics,153.6995867135008,315.4354815498878,106.58893844460144,10.29943867023801,7.886464581597003,2.4129740886410067,0,4.704358732842572,W005
SHP001120,2026-01-16,Pune,Chennai,EcoTrans,Electronics,83.12118807211048,1130.3699536800502,104.29563054461222,42.300611273078935,29.92980323942804,12.370808033650896,0,4.074462870579458,W005
SHP001121,2026-03-09,Bangalore,Kolkata,FastShip,Pharmaceuticals,40.22768286081891,1376.3806134842453,152.96690479038017,33.973682296276806,30.290980647020717,3.6827016492560887,0,4.678869481881531,W004
SHP001122,2026-06-06,Pune,Delhi,PrimeLogistics,Electronics,59.81494046886287,1382.7467831043973,152.027766402863,29.21232091085757,36.48249354433344,-7.270172633475866,1,5.0,W003
SHP001123,2026-05-19,Pune,Delhi,FastShip,Pharmaceuticals,43.49250846271497,1477.334218586435,181.17724426816073,30.239469560933387,33.543380889517074,-3.3039113285836876,1,5.0,W005
SHP001124,2026-01-27,Mumbai,Delhi,FastShip,Textiles,106.47094536714951,435.6963969349799,107.40560366856968,15.39177071851681,11.948629450378046,3.4431412681387634,0,4.046983976437647,W005
SHP001125,2026-04-25,Mumbai,Kolkata,GlobalLine,Electronics,126.90174473213585,739.2556684532693,115.51065334792584,12.488084887699758,17.652754343414813,-5.164669455715055,1,4.282322042004459,W001
SHP001126,2026-06-20,Pune,Bangalore,GlobalLine,Automotive,727.9152237825616,951.9748979302725,424.318637067125,24.82558639367975,25.195458413463623,-0.3698720197838732,1,5.0,W007
SHP001127,2026-05-28,Mumbai,Hyderabad,PrimeLogistics,Pharmaceuticals,39.58524532506979,398.7477636790436,59.029514314784166,12.736513483667897,10.00083594608653,2.735677537581367,0,5.0,W007
SHP001128,2026-04-14,Delhi,Hyderabad,GlobalLine,Electronics,117.00737605555902,936.8256842464875,144.15715289198505,40.29964971058936,24.82964113110501,15.470008579484347,0,3.315438427924042,W007
SHP001129,2026-06-26,Ahmedabad,Mumbai,EcoTrans,Automotive,874.1916648160113,720.5816209212167,430.90251638969056,16.565474199518505,16.096352008037055,0.46912219148144985,1,4.9313230475995224,W005
SHP001130,2026-04-13,Mumbai,Pune,FastShip,Automotive,816.8378481172949,732.1113414160731,553.4700858317868,19.428707195051427,17.26037402001728,2.168333175034146,0,4.337792250720454,W009
SHP001131,2026-03-29,Delhi,Ahmedabad,PrimeLogistics,Automotive,402.2016862143652,707.2199098939968,288.65080145953266,16.14034445845591,15.865330216729713,0.27501424172619693,1,5.0,W004
SHP001132,2026-02-15,Mumbai,Kolkata,GlobalLine,Automotive,1818.148442060733,1531.2945705705883,1076.2090704809996,61.76994712382522,39.83863814186153,21.93130898196369,0,2.6288230774941037,W007
SHP001133,2026-01-28,Hyderabad,Chennai,FastShip,Pharmaceuticals,38.18492944788999,1577.9676405200667,174.40835047151185,34.133562671038554,38.10015487131828,-3.9665922002797274,1,5.0,W004
SHP001134,2026-02-05,Mumbai,Bangalore,FastShip,Textiles,100.25394348432933,1416.3222773968266,210.67008627248217,36.9743767309099,34.06822242654041,2.906154304369494,0,5.0,W004
SHP001135,2026-05-06,Pune,Mumbai,EcoTrans,Pharmaceuticals,37.65313155425423,1083.4966739561378,91.07716359751613,36.06922677994207,28.70821099728157,7.361015782660502,0,5.0,W009
SHP001136,2026-04-26,Mumbai,Delhi,EcoTrans,Electronics,135.79914692656627,1016.6048430299849,116.53536290780644,21.398943301359576,27.05036683854151,-5.651423537181934,1,5.0,W006
SHP001137,2026-01-11,Pune,Mumbai,GlobalLine,Textiles,302.78871380374784,237.47878970852057,183.38016407817716,4.895160593244208,5.590243618473605,-0.6950830252293967,1,5.0,W008
SHP001138,2026-06-23,Bangalore,Pune,GlobalLine,Electronics,107.7798234544735,1388.4327529196282,162.14132277357226,24.691976926670584,36.289751843648645,-11.59777491697806,1,4.552286019537479,W001
SHP001139,2026-02-06,Ahmedabad,Hyderabad,FastShip,Pharmaceuticals,21.41271465907385,193.4055753945915,28.46823527416887,6.534754447055603,4.898013126178845,1.6367413208767578,1,4.948955094659873,W010
SHP001140,2026-01-12,Chennai,Pune,GlobalLine,Electronics,221.18128081782683,1697.4916366843177,223.3981667154843,37.89243902265715,41.080167501872836,-3.1877284792156857,1,4.226099221845485,W003
SHP001141,2026-06-11,Mumbai,Chennai,FastShip,Pharmaceuticals,40.622178832320266,1152.7109285744004,146.66893521893113,25.14054905143968,25.396635454984718,-0.2560864035450372,1,5.0,W010
SHP001142,2026-02-13,Delhi,Ahmedabad,FastShip,Electronics,113.53826799393978,365.46907726001274,94.8713842234068,9.13315625382612,8.971328653589055,0.161827600237066,1,5.0,W008
SHP001143,2026-06-02,Chennai,Mumbai,GlobalLine,Pharmaceuticals,23.13338222313839,101.50007107711569,20.907823584004245,2.336333075340194,2.286334509902449,0.04999856543774506,1,5.0,W006
SHP001144,2026-06-23,Pune,Bangalore,FastShip,Textiles,219.95811096848138,496.43863500101895,185.5706658110602,7.99493468394842,11.156064054005611,-3.161129370057191,1,5.0,W009
SHP001145,2026-02-05,Hyderabad,Ahmedabad,GlobalLine,Electronics,64.18443434442713,980.4429167288279,112.7256153503799,28.576375193751392,22.577286981904425,5.999088211846967,0,3.9656681396560884,W010
SHP001146,2026-02-14,Hyderabad,Mumbai,FastShip,Automotive,2299.3323155916423,1358.5065338342317,1406.8164032853344,33.6592355981112,35.49601776082436,-1.8367821627131562,1,4.484487362426346,W003
SHP001147,2026-04-17,Bangalore,Pune,EcoTrans,Textiles,296.07617735054555,597.8665085630616,179.19751454125313,12.930582307634566,16.352199804745215,-3.421617497110649,1,5.0,W003
SHP001148,2026-04-23,Chennai,Hyderabad,FastShip,FMCG,158.0702351032898,266.6635192679322,117.82914467616021,9.060880421363604,7.007898720449092,2.052981700914512,0,5.0,W002
SHP001149,2026-06-11,Pune,Ahmedabad,GlobalLine,Electronics,66.7771140581179,295.59767493054375,59.534824393275414,4.70613783048699,7.396838989002261,-2.690701158515271,1,4.498075136484557,W008
SHP001150,2026-01-21,Mumbai,Delhi,GlobalLine,Electronics,152.44635653754975,716.4326344066258,129.11008555811955,20.196964506809554,15.872174171532803,4.3247903352767505,0,4.281928979430232,W010
SHP001151,2026-03-14,Pune,Hyderabad,PrimeLogistics,FMCG,339.97849740040493,965.4532209165185,246.42979034246773,32.62523244294284,26.332954817556892,6.292277625385946,0,3.3012151752459804,W004
SHP001152,2026-02-06,Kolkata,Hyderabad,PrimeLogistics,Pharmaceuticals,34.475099651628554,1856.015026201054,164.95081428867462,29.831729838393112,47.307130625329556,-17.475400786936444,1,5.0,W004
SHP001153,2026-02-14,Mumbai,Hyderabad,GlobalLine,Pharmaceuticals,77.90491098050182,1481.5492740756622,141.75133533998724,31.8811511769122,40.9220511452644,-9.040899968352196,1,4.755503855210763,W010
SHP001154,2026-01-23,Kolkata,Bangalore,PrimeLogistics,Electronics,73.81553297157556,600.5995468183116,84.81304113894944,16.130489031683055,13.65662032798314,2.4738687036999156,0,4.976855856728228,W009
SHP001155,2026-03-02,Chennai,Mumbai,FastShip,Textiles,181.30354947371364,536.8449046371019,160.83052675634394,9.729127219291003,12.627108880776987,-2.897981661485984,1,4.030297295929063,W006
SHP001156,2026-05-19,Chennai,Kolkata,GlobalLine,Automotive,2035.993860781247,824.1790758659976,1064.822043362852,27.900874363104247,21.72987358907027,6.171000774033978,0,4.305901089997686,W001
SHP001157,2026-02-19,Delhi,Ahmedabad,GlobalLine,Pharmaceuticals,34.25492540765093,1165.3195146137923,101.41567674130835,30.002218800699737,27.03869228213253,2.963526518567207,0,4.032084714321009,W008
SHP001158,2026-02-15,Bangalore,Pune,FastShip,Electronics,82.4043087176637,1765.4649324985633,203.96513083650257,61.039846891268105,43.66694772436121,17.372899166906898,0,3.7010671765023684,W006
SHP001159,2026-03-14,Chennai,Kolkata,EcoTrans,Automotive,2144.4564424680125,1179.8063870480585,979.6237534682782,24.413368414386806,26.43172609219981,-2.018357677813004,1,5.0,W010
SHP001160,2026-04-27,Mumbai,Delhi,FastShip,Textiles,182.5494514764626,1267.6279346204994,246.5826028364038,40.21307708312206,31.645152523732307,8.567924559389752,0,3.605016950359996,W003
SHP001161,2026-02-10,Mumbai,Kolkata,FastShip,Electronics,71.7037365276712,1041.7424496781696,140.77305208451006,31.5848261591579,25.484287959033484,6.100538200124415,0,4.1347250766042825,W004
SHP001162,2026-04-24,Hyderabad,Chennai,GlobalLine,Automotive,838.6133566830513,473.7082606393049,416.54263570871973,9.468110116044224,10.984718748595238,-1.516608632551014,1,4.451428175185593,W004
SHP001163,2026-01-29,Hyderabad,Delhi,FastShip,FMCG,1309.9337640005413,1342.178053616697,894.1438104796982,50.958969770323634,34.74004244709706,16.218927323226573,0,4.457976898007843,W007
SHP001164,2026-02-21,Pune,Delhi,FastShip,Pharmaceuticals,17.357392710163403,1786.8535166380561,167.56578604553673,42.39632258469807,48.13048541600568,-5.734162831307614,1,4.347705278099764,W010
SHP001165,2026-05-05,Mumbai,Kolkata,GlobalLine,FMCG,193.72276386703635,385.94144633791257,127.82790354347942,6.101180283557693,10.347034422827605,-4.245854139269912,1,4.768468027882991,W010
SHP001166,2026-04-27,Bangalore,Kolkata,EcoTrans,FMCG,58.67363470437808,1712.6584120344971,147.2242693664068,48.2798334687738,42.71837027558382,5.561463193189979,0,4.27995045074274,W008
SHP001167,2026-02-19,Hyderabad,Bangalore,GlobalLine,Automotive,402.42936531976164,611.3275300122197,265.2848683600516,14.951394943267381,13.611130044860385,1.3402648984069963,1,4.637724860925119,W003
SHP001168,2026-01-09,Mumbai,Chennai,GlobalLine,Electronics,190.88219140530097,1035.210748246187,191.82875430683785,21.339506524931476,25.339337070619347,-3.999830545687871,1,5.0,W008
SHP001169,2026-04-28,Pune,Delhi,EcoTrans,FMCG,210.40088118131249,316.1477217286439,108.94319785220826,8.921597863241118,8.184123100874698,0.7374747623664195,1,4.499871441146536,W005
SHP001170,2026-06-04,Bangalore,Ahmedabad,GlobalLine,Textiles,259.99266179333165,251.21748000688066,163.31389593648018,5.024473401834332,5.91968827064994,-0.8952148688156072,1,5.0,W009
SHP001171,2026-02-28,Delhi,Kolkata,PrimeLogistics,FMCG,457.15947685239723,1233.7736812018125,348.2880237859834,33.75681633567166,29.08627822863838,4.670538107033277,0,4.5465740054769626,W010
SHP001172,2026-05-02,Ahmedabad,Bangalore,FastShip,Pharmaceuticals,23.9536969329289,1211.9956634687085,127.04625346630885,40.585871675561364,30.120703368030032,10.465168307531332,0,3.2808783338425656,W004
SHP001173,2026-03-05,Hyderabad,Chennai,GlobalLine,Textiles,118.83334982072786,1287.3931637748808,169.84221421300973,32.578580367320725,35.52107809013177,-2.942497722811048,1,5.0,W003
SHP001174,2026-05-27,Mumbai,Kolkata,FastShip,Electronics,72.913844574649,208.55216675232697,68.79145677721347,6.520793008514199,5.251104629452994,1.269688379061205,1,5.0,W008
SHP001175,2026-05-10,Mumbai,Kolkata,PrimeLogistics,Pharmaceuticals,31.61631439372961,345.05992506161397,47.453024351406604,10.46760478051122,8.830027049216968,1.637577731294252,1,4.797355876738367,W002
SHP001176,2026-04-26,Ahmedabad,Delhi,FastShip,Textiles,156.23934851751363,1800.6900552258642,292.3458322441898,32.44162240323573,46.4979323807687,-14.056309977532969,1,5.0,W001
SHP001177,2026-06-27,Pune,Delhi,GlobalLine,Automotive,1182.2225958448903,1490.240018173988,740.0479861335999,36.183015572607566,34.57660691161815,1.6064086609894161,1,5.0,W005
SHP001178,2026-03-03,Delhi,Mumbai,PrimeLogistics,Automotive,534.3164010419532,517.473225209754,335.2485560990555,12.978717052338284,13.812400995474661,-0.8336839431363767,1,5.0,W003
SHP001179,2026-04-28,Mumbai,Kolkata,PrimeLogistics,FMCG,448.5049888835002,1344.0739274400944,345.1337130200823,35.245203885444475,31.77937894264801,3.4658249427964662,0,4.291974905182271,W007
SHP001180,2026-02-17,Hyderabad,Pune,PrimeLogistics,Electronics,84.33442784138109,619.0032787028957,94.9968650119045,18.978843019328128,15.309172065578997,3.669670953749131,0,5.0,W002
SHP001181,2026-04-09,Hyderabad,Kolkata,FastShip,Automotive,279.385498072583,1537.4233086410827,299.92709340769744,50.05916728608048,40.22062191958517,9.83854536649531,0,5.0,W007
SHP001182,2026-03-11,Chennai,Ahmedabad,FastShip,Textiles,132.46116592518268,520.351857632699,134.0142249380004,21.913122410473818,13.858760840518503,8.054361569955315,0,3.930090461642119,W006
SHP001183,2026-01-15,Hyderabad,Mumbai,FastShip,Pharmaceuticals,53.59920402601212,1045.9514429772064,141.63363590806418,27.29628887162257,28.039983795581666,-0.7436949239590973,1,4.286943141428448,W006
SHP001184,2026-04-30,Mumbai,Chennai,EcoTrans,FMCG,249.3539610098425,871.5560518635649,176.02215801577466,27.451678395015332,20.364600226165074,7.087078168850258,0,4.34685687076323,W009
SHP001185,2026-01-18,Chennai,Delhi,EcoTrans,FMCG,730.3350002532243,566.6999906927476,321.6613081320612,10.018107805325547,15.16846499303997,-5.150357187714423,1,4.860037728838996,W009
SHP001186,2026-01-30,Ahmedabad,Hyderabad,GlobalLine,FMCG,246.6492468473603,1724.7079017951362,253.27770195639394,36.89922582703214,48.01288785816549,-11.113662031133352,1,4.943166655459282,W006
SHP001187,2026-04-01,Kolkata,Hyderabad,PrimeLogistics,Automotive,987.4941795447503,1924.5060811349265,740.0041306799179,49.463366249001766,51.59260014445759,-2.129233895455826,1,4.172911779886171,W001
SHP001188,2026-01-17,Hyderabad,Bangalore,PrimeLogistics,Pharmaceuticals,24.1630291966001,545.519612888023,61.058154654193224,9.134595319765324,13.80763186612479,-4.673036546359466,1,5.0,W009
SHP001189,2026-05-15,Delhi,Kolkata,EcoTrans,Pharmaceuticals,15.922995896392973,953.3344864674765,72.60585056840321,22.08476014280719,23.464931699873564,-1.3801715570663724,1,5.0,W010
SHP001190,2026-04-05,Delhi,Bangalore,PrimeLogistics,Electronics,75.30518836125472,1403.1649226642828,175.88741150598813,44.434610685645396,32.974030346095184,11.460580339550212,0,4.7476151732598915,W002
SHP001191,2026-04-11,Bangalore,Chennai,FastShip,Electronics,88.78966622125411,696.1860722808846,111.5042162167164,6.8829317807754595,16.209166140780574,-9.326234360005115,1,5.0,W003
SHP001192,2026-03-12,Delhi,Pune,GlobalLine,Pharmaceuticals,27.870682133923914,1355.3820469073878,133.39367609471836,34.217928458034336,35.75236316320254,-1.5344347051682021,1,5.0,W003
SHP001193,2026-02-22,Mumbai,Chennai,PrimeLogistics,Textiles,234.69157961693674,1111.378291311516,245.27367614827077,25.40727484372717,25.00404724545965,0.4032275982675202,1,4.8314759624071,W003
SHP001194,2026-05-02,Hyderabad,Chennai,PrimeLogistics,Electronics,51.464917322143926,1211.0379358408788,143.40741838836078,29.46751629468869,33.82377206045581,-4.35625576576712,1,4.936740551523025,W005
SHP001195,2026-02-18,Delhi,Mumbai,GlobalLine,Textiles,244.48840559442684,477.23143184958315,160.25679073684805,16.62649217788891,12.624614188806877,4.001877989082033,0,4.598705866356515,W006
SHP001196,2026-04-16,Hyderabad,Pune,EcoTrans,Pharmaceuticals,68.4302036562652,679.9076072448323,82.45268558446357,10.642005412791294,17.664119072692994,-7.0221136599017004,1,4.667674451248969,W010
SHP001197,2026-06-20,Ahmedabad,Chennai,EcoTrans,Textiles,124.96542239534197,426.2489790500075,82.58507911903928,12.16637986818347,10.1191185194118,2.04726134877167,0,4.355800363498906,W003
SHP001198,2026-03-20,Bangalore,Ahmedabad,EcoTrans,FMCG,395.64442287683926,1344.388098677911,248.31744468856718,26.874453068271208,29.578497759889157,-2.7040446916179484,1,5.0,W008
SHP001199,2026-04-06,Kolkata,Ahmedabad,FastShip,FMCG,452.80190427287386,1944.718951754752,446.7869819553713,67.69319930044395,50.73531314682381,16.957886153620137,0,3.228062395390913,W006
SHP001200,2026-03-14,Ahmedabad,Delhi,GlobalLine,Textiles,142.46547979734112,1931.2535562575429,227.49287853594484,49.99974864328928,45.823388125200395,4.1763605180888845,0,4.242277210017136,W005
SHP001201,2026-02-16,Bangalore,Ahmedabad,GlobalLine,FMCG,153.2319630053979,1906.7885685450851,207.2607554694286,62.18431843568355,45.42417151770816,16.76014691797539,0,3.207436847683886,W004
SHP001202,2026-01-30,Mumbai,Chennai,GlobalLine,Pharmaceuticals,45.50684800147583,579.2803843248237,69.56875244152036,13.459127744588157,15.607441620954708,-2.148313876366551,1,5.0,W005
SHP001203,2026-04-05,Bangalore,Delhi,FastShip,Automotive,617.4842377970244,864.3598883450055,479.161752155201,33.017535411606914,24.00907295834908,9.008462453257835,0,3.991101569082557,W006
SHP001204,2026-02-07,Hyderabad,Chennai,GlobalLine,Textiles,118.05839330594651,1013.7890553601767,136.66577864569035,25.341006903421473,24.512542169820062,0.828464733601411,1,4.754036674419179,W005
SHP001205,2026-02-01,Mumbai,Kolkata,PrimeLogistics,FMCG,147.72963321809306,1650.46365437393,240.1976236913608,38.23598413222688,41.126830619941344,-2.8908464877144624,1,5.0,W008
SHP001206,2026-03-23,Bangalore,Mumbai,EcoTrans,Automotive,410.9140232709936,647.4890579770658,207.12240725780515,13.811219018129096,17.08276074653914,-3.2715417284100443,1,4.769366474750846,W008
SHP001207,2026-03-16,Bangalore,Ahmedabad,PrimeLogistics,Automotive,225.6030180108415,1759.4437700275168,273.05500198983776,45.792523438185185,42.244335388512745,3.54818804967244,0,4.385293800217741,W002
SHP001208,2026-05-03,Mumbai,Bangalore,FastShip,Automotive,456.7828674600054,701.7002764321594,353.54042968155545,13.74893924948756,16.65660766501204,-2.90766841552448,1,5.0,W001
SHP001209,2026-04-13,Chennai,Kolkata,EcoTrans,Electronics,83.01789695389434,1880.2035824265213,159.13151475608475,33.35078268537762,48.8560460634435,-15.505263378065884,1,4.717942599694203,W006
SHP001210,2026-01-15,Chennai,Hyderabad,GlobalLine,Automotive,842.5470046727817,211.21954015209525,421.1186306115807,5.489643458800314,4.846636420825796,0.6430070379745185,1,4.603981217592804,W004
SHP001211,2026-01-06,Delhi,Hyderabad,PrimeLogistics,Electronics,102.33229805095834,820.9766231275831,128.69707936676343,19.194848529765704,20.833908514062077,-1.6390599842963738,1,4.432124576070853,W009
SHP001212,2026-04-11,Chennai,Kolkata,EcoTrans,Textiles,116.99980010074934,1493.463513736321,162.5138227546084,40.575070982658225,34.581879151154595,5.99319183150363,0,3.386842181014213,W010
SHP001213,2026-05-11,Mumbai,Pune,EcoTrans,Pharmaceuticals,25.641091205834293,1219.7301254006834,94.31095133217997,25.965014263100592,28.3196469152619,-2.354632652161307,1,5.0,W003
SHP001214,2026-04-20,Hyderabad,Chennai,EcoTrans,Electronics,89.60322354832655,1221.8095959049936,111.39656667005704,38.297130094147256,30.897278654370535,7.399851439776722,0,4.5917876652715455,W005
SHP001215,2026-03-30,Hyderabad,Bangalore,PrimeLogistics,Textiles,117.49562743610353,1449.3292065213052,198.9792935464271,35.15837537944923,32.09765811268954,3.0607172667596956,0,3.8216457973750124,W002
SHP001216,2026-02-25,Ahmedabad,Hyderabad,PrimeLogistics,Pharmaceuticals,25.278419328386622,1371.8829220819225,126.98556720671208,44.3791125677952,35.04506688739884,9.334045680396358,0,3.937572674154783,W005
SHP001217,2026-02-11,Pune,Hyderabad,PrimeLogistics,FMCG,708.9145762124847,262.6391503632598,386.8679172073408,7.8298577221147445,6.973180285900186,0.8566774362145582,1,5.0,W010
SHP001218,2026-06-03,Delhi,Bangalore,GlobalLine,Automotive,361.433649147728,1422.4596732793161,285.234960428146,33.38680049383363,32.215546184142006,1.1712543096916264,1,4.531019369365121,W008
SHP001219,2026-05-15,Hyderabad,Mumbai,PrimeLogistics,Electronics,234.06788934037846,1068.4974690074805,219.30984188749719,26.999328766525753,26.059075172503025,0.9402535940227281,1,5.0,W001
SHP001220,2026-04-15,Kolkata,Chennai,GlobalLine,Textiles,82.20841169418333,1709.8638165174384,175.8039306312676,37.986459409776835,37.80123697207365,0.1852224377031817,1,4.580262736297263,W008
SHP001221,2026-05-26,Bangalore,Delhi,GlobalLine,Pharmaceuticals,46.07100291560048,1273.6197137583226,128.53349372079956,31.48364004066596,28.236180515358658,3.2474595253073026,0,4.917143464470659,W005
SHP001222,2026-05-22,Ahmedabad,Mumbai,EcoTrans,Textiles,258.5550549300786,592.1667737963596,156.41993604325322,12.009884829576514,13.79104757825178,-1.781162748675266,1,4.4883733883122074,W005
SHP001223,2026-05-07,Ahmedabad,Delhi,FastShip,Electronics,115.52195330240863,1005.8323634658235,158.26529703965056,7.390731925783128,22.304356811342554,-14.913624885559425,1,4.223053497776228,W003
SHP001224,2026-03-09,Kolkata,Pune,PrimeLogistics,Electronics,219.7943806249271,667.4770990363445,192.80724324776747,17.603414211120374,17.6751005196831,-0.07168630856272529,1,5.0,W005
SHP001225,2026-04-17,Bangalore,Kolkata,GlobalLine,Electronics,122.50311082641792,491.54018188063293,99.39260746130186,8.949039942204813,11.005586999107853,-2.0565470569030406,1,4.930100540494625,W002
SHP001226,2026-03-12,Ahmedabad,Mumbai,EcoTrans,Textiles,208.56089103785544,1815.8852633936883,227.57059198317128,52.72269055972342,45.01124976809272,7.7114407916307,0,4.929860583796491,W008
SHP001227,2026-05-25,Pune,Ahmedabad,EcoTrans,Pharmaceuticals,32.37732043594839,1593.036120064265,121.17011180610977,58.86156055404644,44.040749568083626,14.820810985962815,0,2.023222390822112,W002
SHP001228,2026-04-06,Mumbai,Ahmedabad,EcoTrans,FMCG,172.20384871096513,1591.6365369706741,193.08591142159935,38.97089284910951,40.31127461559134,-1.3403817664818263,1,4.339553858746919,W010
SHP001229,2026-01-15,Bangalore,Chennai,PrimeLogistics,FMCG,1197.9766956160474,1677.062098893342,733.7693139126972,40.13253292678043,45.47292385605069,-5.340390929270264,1,4.309283673734851,W006
SHP001230,2026-02-11,Mumbai,Chennai,EcoTrans,Pharmaceuticals,39.92374865031921,702.78491125443,61.932650971327476,16.425780229142493,17.699746363403694,-1.273966134261201,1,5.0,W006
SHP001231,2026-01-13,Kolkata,Bangalore,FastShip,Textiles,171.47982020974092,1082.5296874153278,217.7142379015183,16.410458204252187,26.721156915195337,-10.31069871094315,1,5.0,W004
SHP001232,2026-06-10,Bangalore,Ahmedabad,FastShip,Textiles,369.76407309053974,314.8895049052627,234.76090350351845,10.602182800763671,7.7532731085184645,2.848909692245207,0,4.403973919328481,W003
SHP001233,2026-05-20,Hyderabad,Ahmedabad,EcoTrans,Automotive,301.13112592709757,424.4445385557327,148.2742218103221,14.390563211895055,10.803389433560843,3.5871737783342112,0,4.902128251957071,W005
SHP001234,2026-06-25,Hyderabad,Mumbai,EcoTrans,FMCG,66.4981616934572,424.287127074244,58.97406424779707,11.333068667358173,11.504644074096998,-0.17157540673882465,1,4.149167070856292,W001
SHP001235,2026-02-05,Kolkata,Bangalore,PrimeLogistics,Pharmaceuticals,26.435884653453684,1251.428504710942,114.43369745713129,36.364674723881,34.733914502598964,1.6307602212820385,1,5.0,W006
SHP001236,2026-02-11,Delhi,Bangalore,GlobalLine,Textiles,276.71139742610455,1437.79828546611,257.926662314219,42.326712864609746,35.51286523177859,6.8138476328311555,0,4.317758159882352,W004
SHP001237,2026-02-18,Delhi,Kolkata,PrimeLogistics,Electronics,173.15829981933533,963.5171926151777,169.55939196455617,33.76670906784052,21.218881980427295,12.547827087413228,0,3.7757315830368374,W002
SHP001238,2026-02-03,Mumbai,Kolkata,EcoTrans,Automotive,350.72643843993706,821.9239092935298,202.83797617571474,19.168213987102444,22.918435314052598,-3.750221326950154,1,3.9752427419058374,W006
SHP001239,2026-02-05,Ahmedabad,Kolkata,EcoTrans,FMCG,414.34762816216653,1545.3391314834005,261.49043104225865,53.598930714172546,39.29947715233489,14.299453561837659,0,3.157811990989478,W005
SHP001240,2026-01-08,Delhi,Bangalore,GlobalLine,FMCG,211.54304007816623,121.899426700672,106.98260940026324,2.3552035006783085,2.907985020346458,-0.5527815196681494,1,4.803194208983495,W004
SHP001241,2026-03-20,Bangalore,Delhi,GlobalLine,Electronics,121.589980663792,221.68269534309817,84.22196784458438,4.136517897887939,6.155906340337051,-2.019388442449112,1,4.842792608316612,W007
SHP001242,2026-06-26,Delhi,Mumbai,FastShip,Pharmaceuticals,19.305410437601616,142.05545695604445,25.93032854849903,2.73590360333867,3.478022784969026,-0.7421191816303558,1,4.665281543183255,W007
SHP001243,2026-01-11,Chennai,Mumbai,FastShip,Textiles,120.33596831367495,441.35264915683285,118.90473508637758,16.244637917881583,11.206135175950388,5.038502741931195,0,4.825617403233722,W010
SHP001244,2026-01-16,Ahmedabad,Mumbai,EcoTrans,Electronics,172.75109176002064,318.52077997338586,98.78328453907771,5.359909885408093,7.8513090805093135,-2.491399195101221,1,5.0,W002
SHP001245,2026-03-19,Mumbai,Ahmedabad,FastShip,Electronics,94.99065212123247,1928.1532280344204,261.5368133060179,48.95305821692244,45.54741286458105,3.405645352341395,0,4.456389900320079,W010
SHP001246,2026-02-22,Chennai,Delhi,EcoTrans,Electronics,45.38101506636441,1088.3433994768434,89.46793205520277,19.715515706730024,24.04323511332753,-4.327719406597506,1,4.537968596329467,W002
SHP001247,2026-02-07,Kolkata,Hyderabad,EcoTrans,Automotive,454.08212097725146,1759.183277714178,325.42079208811896,37.473207184266656,39.601331641969246,-2.12812445770259,1,5.0,W003
SHP001248,2026-05-09,Chennai,Hyderabad,FastShip,Electronics,190.8968580113414,1916.8202299228926,268.8779491461917,55.557159083096195,45.021496670956324,10.535662412139871,0,4.334902110251772,W010
SHP001249,2026-01-04,Chennai,Pune,GlobalLine,Automotive,1115.5086445180236,540.0076834490989,562.6402188357047,11.251793228411062,14.505589080584691,-3.2537958521736297,1,4.95226367785695,W003
SHP001250,2026-05-18,Mumbai,Pune,FastShip,FMCG,169.98018383396084,1883.2986552134628,265.0163985154126,52.6952647160041,52.483692613099144,0.21157210290495243,1,5.0,W009
SHP001251,2026-05-02,Hyderabad,Pune,GlobalLine,Pharmaceuticals,29.73278067005664,906.5363820854168,84.05669635541065,16.503140446287343,21.47023858547337,-4.967098139186028,1,5.0,W002
SHP001252,2026-02-16,Hyderabad,Chennai,PrimeLogistics,FMCG,368.7258816481775,647.0747787771161,243.40540461989738,20.944872579780068,16.7657584877234,4.179114092056668,0,5.0,W009
SHP001253,2026-02-28,Pune,Mumbai,EcoTrans,Electronics,57.08337873461456,1916.245719927884,167.6506148851406,37.649754824825244,47.415391816567734,-9.76563699174249,1,4.918346022499247,W008
SHP001254,2026-01-29,Bangalore,Kolkata,EcoTrans,Automotive,2504.4206583858295,906.3391343377698,1048.7121811926452,19.957747254626224,22.258271932134836,-2.300524677508612,1,5.0,W009
SHP001255,2026-01-11,Delhi,Chennai,PrimeLogistics,Electronics,208.63059799904596,1392.0875071111127,243.6637429606547,35.44750393943426,38.223009650159625,-2.775505710725362,1,5.0,W007
SHP001256,2026-03-14,Ahmedabad,Kolkata,EcoTrans,Pharmaceuticals,31.865631293643098,1595.9628119784434,123.07751302691601,48.22828975849399,38.21273340482672,10.015556353667272,0,3.9579108119155646,W004
SHP001257,2026-05-22,Pune,Bangalore,PrimeLogistics,FMCG,943.253826013481,1628.0961933190551,683.1362391598186,48.24180082405487,39.70654567806882,8.53525514598605,0,4.852664820947746,W002
SHP001258,2026-05-02,Hyderabad,Delhi,FastShip,Pharmaceuticals,37.48827842829388,809.93556310867,98.0036883484408,13.507757217435701,18.28359935659097,-4.775842139155268,1,5.0,W002
SHP001259,2026-04-12,Ahmedabad,Kolkata,FastShip,Electronics,232.80103020881955,227.4780919967696,164.54555873802104,4.719567471434605,6.058239929732029,-1.3386724582974239,1,4.809297734764293,W003
SHP001260,2026-04-12,Pune,Hyderabad,FastShip,FMCG,415.94574355045165,1805.0961951485301,436.0621644902454,85.41492450770009,49.26311276707694,36.15181174062315,0,1.0,W002
SHP001261,2026-04-04,Chennai,Bangalore,GlobalLine,Textiles,83.44100577255217,847.0238256721019,107.02484260373097,18.11788902095539,20.092422632225407,-1.9745336112700187,1,5.0,W007
SHP001262,2026-02-01,Chennai,Ahmedabad,PrimeLogistics,Pharmaceuticals,30.86098444628093,232.73764930085719,38.784920574639415,4.6830680912681935,5.361558679787025,-0.6784905885188319,1,4.91024271256376,W005
SHP001263,2026-05-29,Kolkata,Ahmedabad,PrimeLogistics,Automotive,2042.0208631798105,1781.5291166397915,1208.603335019706,35.69057073559784,44.1485844016468,-8.458013666048963,1,5.0,W008
SHP001264,2026-06-20,Pune,Chennai,EcoTrans,FMCG,314.68070491866405,1549.3182004640303,239.7182713320484,48.58322394458885,40.320205483815954,8.263018460772898,0,4.075961832129723,W008
SHP001265,2026-01-28,Delhi,Chennai,PrimeLogistics,Pharmaceuticals,41.16149274947004,1106.3246013667535,116.34200875479893,39.3794006670896,27.794329261373527,11.585071405716072,0,3.365620622782533,W004
SHP001266,2026-06-10,Bangalore,Mumbai,FastShip,Electronics,248.43626987006405,1456.8909781451305,309.7969769555518,14.884787847539325,33.403755277850514,-18.51896743031119,1,4.4159110860749,W002
SHP001267,2026-05-08,Mumbai,Bangalore,PrimeLogistics,Textiles,113.40936843968261,1316.476738409325,191.68071761758705,38.896293560752014,32.26525139333824,6.631042167413774,0,4.212048697025225,W006
SHP001268,2026-02-09,Kolkata,Hyderabad,FastShip,Electronics,83.5305952355035,1905.721527815977,254.43189277469614,55.97680424576908,43.04309076072424,12.93371348504484,0,3.7110228728115517,W009
SHP001269,2026-05-07,Ahmedabad,Delhi,EcoTrans,Pharmaceuticals,37.40326154257183,626.3483528522862,62.726528441487986,13.859259875328917,14.84493630638533,-0.9856764310564134,1,5.0,W008
SHP001270,2026-05-10,Kolkata,Hyderabad,EcoTrans,Textiles,357.36685034727805,520.837742833316,169.87165337689618,15.571589432122396,12.73734608792825,2.834243344194146,0,4.412944958537543,W009
SHP001271,2026-01-05,Mumbai,Kolkata,FastShip,Pharmaceuticals,33.73486212090308,1252.373228114116,143.39778788977497,45.579844128261406,33.76767534155374,11.812168786707666,0,2.9986651879974984,W008
SHP001272,2026-03-22,Pune,Chennai,PrimeLogistics,Electronics,76.36544429655808,603.5663444670402,95.80331719382598,11.685598232304375,14.90500401135702,-3.2194057790526447,1,4.93673371012647,W001
SHP001273,2026-02-15,Kolkata,Pune,GlobalLine,Pharmaceuticals,25.393228700685782,474.2118973965706,49.75009466995259,13.0064915324354,11.080752940111084,1.9257385923243149,1,3.897227116731651,W007
SHP001274,2026-02-04,Kolkata,Pune,PrimeLogistics,Pharmaceuticals,58.77218768268532,952.9322729263012,117.04642999267885,11.260310501678433,22.128243412737596,-10.867932911059164,1,4.259427137689142,W002
SHP001275,2026-05-26,Ahmedabad,Hyderabad,PrimeLogistics,Pharmaceuticals,36.51286711681799,1152.9224710609,122.96954948404331,26.143472294823766,30.255207100456705,-4.111734805632938,1,4.723145503462075,W009
SHP001276,2026-02-10,Mumbai,Kolkata,EcoTrans,Pharmaceuticals,27.393854332389825,1640.3878839377842,134.2060433340466,23.43323361429047,37.42642803750163,-13.993194423211161,1,4.9938507753459715,W010
SHP001277,2026-04-07,Hyderabad,Ahmedabad,EcoTrans,Automotive,967.524068100432,373.0064878500042,454.89193774001944,8.376524587385015,9.400640984879349,-1.0241163974943337,1,4.757522786600869,W001
SHP001278,2026-01-08,Mumbai,Bangalore,EcoTrans,Automotive,1508.385128206345,1251.8116202194553,702.5018365719462,27.321509223798085,31.937364251175133,-4.615855027377048,1,4.870995731901195,W010
SHP001279,2026-01-07,Hyderabad,Chennai,FastShip,Pharmaceuticals,28.335708780151045,913.2367696353233,107.98573610048156,18.49432701309489,21.536713378142224,-3.042386365047335,1,5.0,W006
SHP001280,2026-04-02,Pune,Bangalore,FastShip,FMCG,275.35221277017246,1250.943029782047,311.7134209598466,52.14981997349974,31.945113009542172,20.204706963957566,0,2.4827328016385195,W004
SHP001281,2026-03-02,Kolkata,Hyderabad,FastShip,Electronics,57.353217963824825,599.0038634955399,91.99757479790186,12.86064047782577,15.852215972407805,-2.991575494582035,1,4.618325406642444,W005
SHP001282,2026-01-30,Hyderabad,Delhi,FastShip,Textiles,196.8189736314155,1474.8033308359638,275.56290982761294,27.779825740807272,35.007387772881984,-7.227562032074712,1,5.0,W006
SHP001283,2026-01-10,Ahmedabad,Hyderabad,PrimeLogistics,Textiles,516.0075594839866,1778.3644319419975,439.9230674395108,45.192285820939254,42.46646135371283,2.725824467226424,0,4.335079859492107,W009
SHP001284,2026-04-18,Kolkata,Mumbai,PrimeLogistics,Textiles,280.0488896663116,838.2091812114799,244.45104732918662,14.630998758127808,22.083906726783237,-7.452907968655429,1,4.7724005475919204,W001
SHP001285,2026-03-23,Pune,Kolkata,PrimeLogistics,Automotive,425.2403469222628,434.56964709332243,285.3676804668958,7.921848239029707,10.21778376668109,-2.295935527651382,1,3.9010432772129944,W010
SHP001286,2026-01-26,Ahmedabad,Mumbai,GlobalLine,Automotive,588.7136989186865,1965.9470194076985,441.79535218500075,46.18628308358418,44.19428236892402,1.9920007146601577,1,4.393365854079312,W008
SHP001287,2026-05-09,Hyderabad,Delhi,EcoTrans,Automotive,388.5214935586873,920.5030153928564,207.40051650717788,33.53294285887372,23.103962061066678,10.42898079780704,0,3.3610887492277035,W007
SHP001288,2026-02-21,Ahmedabad,Hyderabad,FastShip,Textiles,197.84857995229785,297.2948336107624,136.1637031027716,4.6297431837171805,6.720697393820409,-2.090954210103228,1,5.0,W004
SHP001289,2026-03-15,Kolkata,Mumbai,EcoTrans,Textiles,137.78099048575652,1919.8870784521557,202.52153024316684,38.84572758508861,44.89266008523413,-6.046932500145516,1,4.461047069424207,W007
SHP001290,2026-02-27,Delhi,Pune,FastShip,Textiles,142.46538314951698,1034.5643229755651,167.04245950779966,33.30172976385868,26.927855443013033,6.373874320845648,0,4.390114035932123,W006
SHP001291,2026-03-11,Delhi,Hyderabad,PrimeLogistics,Pharmaceuticals,43.27548367726948,1604.72592748676,152.7130796518999,34.57961689437357,39.14144032844725,-4.5618234340736805,1,4.735892992575109,W004
SHP001292,2026-03-30,Delhi,Pune,EcoTrans,Textiles,137.58959385317283,600.1677321780343,100.40369155720462,12.164696610305826,14.685183503364337,-2.5204868930585107,1,5.0,W005
SHP001293,2026-04-21,Hyderabad,Delhi,PrimeLogistics,Pharmaceuticals,56.04355841519434,1176.2430016645906,133.57452740894954,19.93200567751983,29.37657114537222,-9.444565467852392,1,4.795288713484591,W005
SHP001294,2026-06-09,Ahmedabad,Hyderabad,GlobalLine,Electronics,112.70422114400904,1369.5432577200197,179.04984936706683,33.9128306980537,30.604812283466543,3.30801841458716,0,4.310607208180048,W009
SHP001295,2026-02-17,Ahmedabad,Delhi,PrimeLogistics,Automotive,263.2448633926596,360.23660563404815,176.72445896078187,5.489955439968117,8.198722844134783,-2.7087674041666663,1,5.0,W009
SHP001296,2026-06-07,Pune,Kolkata,FastShip,Textiles,182.90713768988812,590.7022799856106,165.81206649281626,20.139590854374333,16.51136672911251,3.6282241252618235,0,4.877481884147491,W004
SHP001297,2026-04-04,Ahmedabad,Delhi,GlobalLine,FMCG,788.8080966447937,176.9674285885115,377.7486523589894,3.63652524030932,4.1089047128533,-0.47237947254398005,1,5.0,W005
SHP001298,2026-04-22,Pune,Bangalore,FastShip,FMCG,274.3615124357784,757.9054964970679,244.71650211294275,10.973608785835571,19.899480139588505,-8.925871353752934,1,5.0,W007
SHP001299,2026-03-10,Kolkata,Pune,GlobalLine,Automotive,301.49976516062634,259.36010324882295,188.4017382601697,7.229423528073518,5.903838597307505,1.3255849307660128,1,5.0,W010
SHP001300,2026-03-02,Pune,Delhi,FastShip,FMCG,148.95052789580612,725.1108863582424,155.52962094159432,12.827746026653834,17.092805316671885,-4.265059290018051,1,4.1228575735887505,W004
SHP001301,2026-01-08,Chennai,Ahmedabad,EcoTrans,Pharmaceuticals,37.95583760909277,1892.7739125982562,131.56906138777327,68.7356671249961,47.35419366115643,21.38147346383967,0,3.2468638971813872,W008
SHP001302,2026-05-24,Pune,Chennai,FastShip,FMCG,363.2864467477032,193.4011948807124,240.01547734795017,5.899593130165126,5.2453845763551366,0.6542085538099895,1,4.763504819055381,W003
SHP001303,2026-03-11,Bangalore,Mumbai,EcoTrans,Automotive,1251.7353172335559,934.1555635628512,541.3044989470364,29.163055150687484,25.708599025340906,3.454456125346578,0,4.414701017686431,W009
SHP001304,2026-02-15,Mumbai,Pune,PrimeLogistics,Electronics,98.92001374178682,1410.6600355246476,177.895520475241,47.424592331714386,32.08697460106606,15.337617730648326,0,4.048268303228136,W001
SHP001305,2026-01-22,Hyderabad,Kolkata,EcoTrans,Electronics,197.16233735379262,1735.9167604852257,206.5037739367724,38.557109411802365,38.32303385224848,0.2340755595538866,1,4.617639997590005,W007
SHP001306,2026-04-04,Delhi,Kolkata,GlobalLine,FMCG,923.4432858816283,1174.5592181301354,572.2547924157087,26.34896098860514,28.308544662170323,-1.9595836735651844,1,4.664139605370961,W002
SHP001307,2026-05-27,Delhi,Hyderabad,EcoTrans,Pharmaceuticals,22.130304064015803,1211.731155761537,90.75496529068344,23.173158305931384,26.906555182799348,-3.733396876867964,1,5.0,W002
SHP001308,2026-03-02,Delhi,Ahmedabad,EcoTrans,Automotive,728.4931020731152,1410.4329162375502,423.7568877204618,31.111957024553472,36.93740669188558,-5.825449667332105,1,4.851066597521569,W010
SHP001309,2026-04-10,Chennai,Kolkata,GlobalLine,FMCG,525.318153788405,1962.8945157878352,419.17416809529203,37.58921111243875,43.29792398821019,-5.70871287577144,1,4.792477699781182,W002
SHP001310,2026-02-14,Chennai,Bangalore,PrimeLogistics,Pharmaceuticals,26.120896456796892,1199.3121623266045,109.71620219052096,39.10073746490169,33.1731468617593,5.9275906031423915,0,4.290378910759898,W005
SHP001311,2026-05-31,Mumbai,Kolkata,EcoTrans,Electronics,143.04607309825326,1252.7672015862408,149.68440084800895,38.64119232178007,32.35649560040626,6.284696721373805,0,4.806754912733274,W006
SHP001312,2026-05-20,Pune,Chennai,GlobalLine,Automotive,4700.949126026787,1974.186635117489,2624.945466754013,48.56819371723674,52.63512902958867,-4.06693531235193,1,5.0,W003
SHP001313,2026-04-03,Ahmedabad,Hyderabad,EcoTrans,Automotive,1065.4630227476794,1076.7533216766192,560.6736337771329,20.88646078574068,26.555645735472385,-5.669184949731704,1,5.0,W001
SHP001314,2026-06-15,Mumbai,Ahmedabad,FastShip,FMCG,1543.7596292001988,172.58528913904303,964.5494384111746,5.015585168100954,4.654324900428901,0.3612602676720531,1,4.4002420769557204,W005
SHP001315,2026-05-22,Pune,Bangalore,EcoTrans,Electronics,56.31535390257619,334.58079008839843,51.167813968492666,8.808359588968363,8.151162607077534,0.657196981890829,1,4.628479512209485,W009
SHP001316,2026-03-02,Ahmedabad,Chennai,FastShip,Pharmaceuticals,29.83630884993637,1368.4432558081467,152.5397689476742,21.486703101409915,35.3897390025581,-13.903035901148186,1,4.533814378409007,W005
SHP001317,2026-03-19,Delhi,Ahmedabad,GlobalLine,Automotive,220.45381174651266,1740.796305964377,270.9099268907531,33.35408720851598,41.46702016058719,-8.112932952071212,1,5.0,W004
SHP001318,2026-02-11,Ahmedabad,Hyderabad,EcoTrans,Pharmaceuticals,43.862553128912154,1868.5345774550474,138.2930019807173,57.067320913861806,47.5761694346918,9.491151479170007,0,3.7733302381188247,W001
SHP001319,2026-03-12,Delhi,Ahmedabad,PrimeLogistics,Pharmaceuticals,36.725824100667054,744.4865194166442,82.67431861612539,18.812269910391848,19.259447813590022,-0.44717790319817396,1,5.0,W007
SHP001320,2026-03-27,Pune,Ahmedabad,FastShip,FMCG,624.4633062056245,1721.0286594287727,514.478084886193,40.30530420304502,43.22709599149462,-2.921791788449603,1,4.986307839798128,W005
SHP001321,2026-05-10,Delhi,Chennai,PrimeLogistics,Textiles,521.1277122621347,1224.6373683962331,413.02553710949985,36.48810329080492,31.140124524230256,5.347978766574666,0,3.6885604970790435,W009
SHP001322,2026-03-25,Ahmedabad,Hyderabad,FastShip,Electronics,140.1078287276697,251.3257451660551,106.66868521604559,8.283836172658141,6.365059633807762,1.9187765388503788,1,4.339724728635271,W003
SHP001323,2026-06-11,Ahmedabad,Pune,GlobalLine,Electronics,50.572012913543745,1534.2578049262652,152.4287960849516,51.30953473988248,39.62170499345056,11.687829746431923,0,3.701225062730455,W007
SHP001324,2026-02-21,Kolkata,Bangalore,FastShip,Electronics,101.86537048939292,1423.3636486060893,192.85928461211054,42.73880215402425,39.36405864691168,3.3747435071125693,0,5.0,W003
SHP001325,2026-03-05,Bangalore,Ahmedabad,PrimeLogistics,Automotive,632.8095739684286,746.7311915873433,411.8185722074371,14.86107324954184,17.75457432151734,-2.893501071975498,1,4.367707442701048,W008
SHP001326,2026-05-03,Bangalore,Chennai,GlobalLine,Textiles,201.87551969551956,1957.65434436845,237.3542928019188,54.73144147311909,54.0149425383245,0.7164989347945934,1,5.0,W006
SHP001327,2026-03-14,Chennai,Mumbai,PrimeLogistics,Automotive,782.0500578584506,1297.0656973306325,526.9153881781781,43.82617574086809,30.87918354530642,12.946992195561666,0,3.672750511066181,W003
SHP001328,2026-04-11,Pune,Ahmedabad,GlobalLine,Electronics,391.86298722036787,1201.119101384964,279.5611027157964,27.470244652463517,29.069180597658438,-1.5989359451949205,1,4.93629656380502,W001
SHP001329,2026-05-23,Chennai,Mumbai,PrimeLogistics,FMCG,352.19056611677945,617.859722749261,266.5108149234858,14.2450225706891,15.390857091391247,-1.145834520702147,1,5.0,W005
SHP001330,2026-06-29,Bangalore,Mumbai,PrimeLogistics,Textiles,74.71116556754865,825.7202361860108,115.21742921966847,24.887510771020303,18.7332778386052,6.154232932415102,0,3.91020235912449,W007
SHP001331,2026-06-03,Kolkata,Delhi,FastShip,Automotive,2295.2835234926697,963.114376284808,1534.1629806220292,19.44645717256611,21.809454703465118,-2.3629975308990083,1,5.0,W003
SHP001332,2026-05-26,Delhi,Mumbai,PrimeLogistics,Pharmaceuticals,48.28101675224222,502.2618790777348,65.7341458920126,10.56906120169478,12.00293087616322,-1.4338696744684398,1,4.977696733908499,W008
SHP001333,2026-01-31,Chennai,Pune,GlobalLine,FMCG,740.9203811933879,1910.9367637651337,525.0868437544668,26.563594088728006,51.43218262120676,-24.868588532478757,1,4.718897151889868,W005
SHP001334,2026-03-15,Ahmedabad,Chennai,GlobalLine,Pharmaceuticals,37.40076570229938,698.5157228605707,75.70856192931731,17.462638426741236,19.35137489048821,-1.888736463746973,1,5.0,W004
SHP001335,2026-06-03,Chennai,Ahmedabad,EcoTrans,FMCG,223.8705800085803,1852.747902974756,236.72899795498128,41.83030402815185,49.37443579038383,-7.544131762231977,1,5.0,W007
SHP001336,2026-02-16,Pune,Ahmedabad,GlobalLine,Electronics,29.081983329587146,982.2303151107903,88.52673198885452,26.48907849423524,24.585390073888323,1.903688420346917,1,5.0,W005
SHP001337,2026-03-09,Chennai,Hyderabad,PrimeLogistics,FMCG,471.712000916828,802.9978833239571,346.00196179455304,7.227602772038874,21.444157303445923,-14.216554531407049,1,5.0,W006
SHP001338,2026-05-30,Ahmedabad,Mumbai,FastShip,Pharmaceuticals,53.040652722046566,488.5582435163121,76.17478847848336,15.665444451299914,12.125562519997558,3.5398819313023555,0,4.258489325361644,W003
SHP001339,2026-03-24,Pune,Hyderabad,GlobalLine,Pharmaceuticals,25.966698848846143,858.1768588917778,89.473300858085,18.02330901997947,20.042968104219348,-2.0196590842398763,1,4.405732273019449,W007
SHP001340,2026-06-02,Kolkata,Mumbai,FastShip,Textiles,530.5167696446845,234.9466785337206,340.03845492513955,7.82953109418634,6.158653988546538,1.6708771056398017,1,4.852189873828178,W001
SHP001341,2026-01-14,Hyderabad,Delhi,PrimeLogistics,Automotive,778.346056006115,1879.4746621502115,579.0263950710612,44.89713315251417,47.84848034178359,-2.95134718926942,1,4.680793790665231,W010
SHP001342,2026-06-21,Mumbai,Delhi,EcoTrans,Textiles,333.6140733044729,1460.7126225374611,223.53328355221208,37.41557150998393,34.68865641628005,2.72691509370388,0,4.547829298039906,W010
SHP001343,2026-04-08,Kolkata,Chennai,EcoTrans,FMCG,513.0887618305885,1892.26695476674,348.6628065084707,36.6447214210566,47.76114937561392,-11.116427954557317,1,4.00937818972311,W009
SHP001344,2026-01-11,Bangalore,Chennai,GlobalLine,Textiles,157.23424583152666,1003.7445587573425,162.18425411431963,27.44680234168216,28.02048234594291,-0.5736800042607477,1,5.0,W008
SHP001345,2026-03-28,Ahmedabad,Delhi,FastShip,Automotive,1842.6200049921797,846.6064534835708,1296.4544331557877,22.281678267843038,20.7373849571363,1.5442933107067383,1,5.0,W009
SHP001346,2026-04-21,Bangalore,Chennai,FastShip,Automotive,1857.3256831889305,1906.1248248442828,1231.1172721159724,28.46811595926297,50.46805882781037,-21.999942868547397,1,5.0,W001
SHP001347,2026-02-02,Ahmedabad,Pune,EcoTrans,Automotive,1329.5470750035247,1355.850259234384,633.975481376192,46.3101483245645,33.74391817724574,12.566230147318763,0,3.05458879523579,W007
SHP001348,2026-03-14,Kolkata,Hyderabad,EcoTrans,Textiles,459.21063146381516,476.9078257106325,248.6075948921226,10.18790308732793,11.955509400293657,-1.767606312965727,1,5.0,W006
SHP001349,2026-04-22,Bangalore,Chennai,PrimeLogistics,FMCG,169.67175268901548,877.4736231927346,172.0440129683579,12.528026539746625,22.165702565691944,-9.63767602594532,1,4.439576423217215,W009
SHP001350,2026-06-18,Ahmedabad,Mumbai,GlobalLine,FMCG,329.423483668177,1042.5434091510092,231.69514321692154,24.67782083856752,23.724967197286585,0.9528536412809352,1,5.0,W001
SHP001351,2026-02-28,Bangalore,Mumbai,PrimeLogistics,Automotive,527.608460056489,1827.063694638242,463.40665751359694,69.14257664140669,48.62733534373841,20.515241297668283,0,3.1504336608910317,W003
SHP001352,2026-04-30,Pune,Mumbai,PrimeLogistics,Electronics,94.79657153213961,1658.8764513007986,212.14404230109383,29.29587243309192,38.209176020307034,-8.913303587215115,1,4.501534186798937,W008
SHP001353,2026-04-02,Ahmedabad,Chennai,PrimeLogistics,Electronics,141.675689052894,160.58111089632501,84.24853297105332,3.3756374998208147,3.7966977650197884,-0.42106026519897366,1,4.6896331266987215,W003
SHP001354,2026-02-01,Hyderabad,Mumbai,GlobalLine,Automotive,671.4135333403693,1616.09205958127,470.864830576164,18.540791561267266,35.60998083015253,-17.069189268885264,1,4.264436797313241,W003
SHP001355,2026-02-13,Kolkata,Hyderabad,GlobalLine,Textiles,232.1956850767398,1433.984657921033,241.01378019926537,30.847601881259994,37.81535943229622,-6.967757551036225,1,5.0,W001
SHP001356,2026-05-15,Bangalore,Kolkata,FastShip,FMCG,421.28492703989593,277.2460309717402,292.7288503436068,9.079929727441506,7.696211234979094,1.3837184924624122,1,5.0,W008
SHP001357,2026-06-23,Delhi,Chennai,FastShip,Automotive,1030.2633664624673,1238.6577759899096,733.5811035147,39.728571396344,34.183334427122446,5.5452369692215555,0,4.446549444141116,W002
SHP001358,2026-04-11,Hyderabad,Kolkata,FastShip,Automotive,618.272454960226,1405.2096386323328,535.3965766626685,34.512183388585875,35.83019258725663,-1.318009198670758,1,4.671687964600148,W003
SHP001359,2026-01-08,Delhi,Kolkata,PrimeLogistics,Pharmaceuticals,51.84239179864639,1708.4532126842655,165.53232716182674,39.295353205874385,38.53959893467368,0.7557542712007077,1,5.0,W005
SHP001360,2026-06-02,Mumbai,Chennai,FastShip,Textiles,660.1967845712533,606.1175187170453,490.6000874198396,20.486976263116492,16.70714357404123,3.7798326890752634,0,4.509113356554453,W008
SHP001361,2026-03-25,Bangalore,Delhi,FastShip,Automotive,2984.635587829943,1004.2902133406759,1744.7415120628782,22.813741069848884,27.685876115053496,-4.872135045204612,1,5.0,W006
SHP001362,2026-01-15,Delhi,Hyderabad,PrimeLogistics,Electronics,85.14477802600241,797.6302474194551,105.76087291554065,26.89435928875154,18.028981772487228,8.865377516264314,0,4.093890234889398,W007
SHP001363,2026-03-07,Bangalore,Delhi,PrimeLogistics,Electronics,187.59645175855172,1427.4076199207163,238.12161496479666,26.21273566538245,35.62114432269387,-9.408408657311423,1,4.9887655116627165,W001
SHP001364,2026-02-23,Bangalore,Kolkata,PrimeLogistics,Automotive,1997.6876093024239,955.5038676436126,1111.6972989348806,23.48120185538851,22.784878843374756,0.6963230120137531,1,4.720885976038008,W003
SHP001365,2026-01-31,Kolkata,Chennai,PrimeLogistics,Automotive,613.0851704857921,1564.5475911622102,458.4672934501835,26.98080933938069,36.693609002199885,-9.712799662819194,1,5.0,W010
SHP001366,2026-02-03,Hyderabad,Pune,FastShip,Automotive,719.1787421723303,346.4418901810511,460.46693387029444,10.891239504745515,8.675452549604023,2.2157869551414926,0,5.0,W009
SHP001367,2026-02-21,Ahmedabad,Chennai,PrimeLogistics,Pharmaceuticals,24.011615050717992,377.4321206250056,44.463128308009686,6.81611276680328,9.004998930228286,-2.188886163425006,1,5.0,W005
SHP001368,2026-05-25,Pune,Mumbai,PrimeLogistics,Automotive,1327.3913830775004,824.0909758624467,837.8139813890216,21.550416351085293,19.792186400500885,1.7582299505844077,1,3.91954314764743,W010
SHP001369,2026-02-17,Pune,Hyderabad,PrimeLogistics,Electronics,137.97913941097053,1470.872381702505,188.4116894375879,38.656529487823796,39.82814714427552,-1.1716176564517227,1,5.0,W001
SHP001370,2026-05-12,Hyderabad,Chennai,GlobalLine,FMCG,800.1862193770854,1658.5566251574369,522.5600139031197,67.1609361817955,38.69247796570156,28.468458216093943,0,2.5153997085814694,W008
SHP001371,2026-05-15,Delhi,Chennai,PrimeLogistics,Pharmaceuticals,94.28548074288686,1902.5393446544435,236.9213991378563,69.9415276538007,51.85238228342321,18.089145370377494,0,3.055382932880002,W002
SHP001372,2026-05-03,Kolkata,Delhi,GlobalLine,Automotive,789.1596892984069,1040.6062967437113,510.94514929047483,22.142643013332293,26.04741025021908,-3.904767236886787,1,5.0,W004
SHP001373,2026-05-14,Pune,Bangalore,FastShip,Textiles,300.4366945198068,412.9946168866757,213.37185151739615,7.526636770692927,9.742211603538406,-2.215574832845479,1,5.0,W002
SHP001374,2026-01-12,Delhi,Hyderabad,PrimeLogistics,Pharmaceuticals,24.94797269878093,798.9096441713219,84.95413860105684,15.785203627665336,18.055031413802546,-2.26982778613721,1,5.0,W002
SHP001375,2026-04-29,Kolkata,Bangalore,EcoTrans,Textiles,378.04857398953254,498.35575201223077,209.52721847395443,15.572830709714573,12.806419946175618,2.766410763538955,0,4.084227609017317,W002
SHP001376,2026-05-09,Mumbai,Delhi,PrimeLogistics,FMCG,278.8019985870693,1890.3717820122927,336.0025615458302,55.58899384259496,43.947641784408724,11.641352058186236,0,3.558224545728712,W003
SHP001377,2026-04-11,Mumbai,Delhi,PrimeLogistics,Automotive,2258.240033563542,938.2820942045715,1381.9497707361852,27.177510091488884,22.81804691061462,4.359463180874265,0,4.845173211791707,W006
SHP001378,2026-05-31,Ahmedabad,Pune,PrimeLogistics,Textiles,106.4481432730155,1954.426458637709,221.80334799736576,54.09616257636303,48.402969095915324,5.693193480447704,0,5.0,W005
SHP001379,2026-03-29,Bangalore,Delhi,GlobalLine,Electronics,126.66724521080343,210.76468733847838,88.18895558654224,6.439310688849268,5.588302328911849,0.8510083599374187,1,5.0,W010
SHP001380,2026-03-08,Delhi,Kolkata,FastShip,Electronics,157.5970253684933,1726.9417432888483,240.16182095751802,39.00678816189521,41.59585625604444,-2.5890680941492334,1,5.0,W007
SHP001381,2026-01-30,Mumbai,Bangalore,PrimeLogistics,Pharmaceuticals,32.20684811183296,1723.2573672871595,175.68662904885855,46.690938071199284,43.28907997302622,3.401858098173065,0,4.512300514125615,W007
SHP001382,2026-06-18,Ahmedabad,Bangalore,EcoTrans,Pharmaceuticals,59.21928545083705,468.5885168244547,54.57814976000273,15.80122370258597,11.72923171864888,4.071991983937091,0,4.663989757861525,W005
SHP001383,2026-01-23,Bangalore,Delhi,FastShip,FMCG,416.29610325927536,1583.4924183944051,377.02428480817076,47.36753025259109,35.31249399917331,12.055036253417775,0,4.202607310936818,W002
SHP001384,2026-01-05,Chennai,Ahmedabad,FastShip,FMCG,175.4657954236868,877.9510814918874,203.82980561652795,11.094901933367991,20.884593890740344,-9.789691957372353,1,5.0,W008
SHP001385,2026-06-16,Bangalore,Pune,GlobalLine,Pharmaceuticals,55.67308135606061,1833.7216030377,166.3651598142146,46.53301966548545,45.4264970836679,1.1065225818175506,1,5.0,W009
SHP001386,2026-02-18,Delhi,Chennai,PrimeLogistics,FMCG,345.20796126345374,1997.3729064123308,346.28441589182137,52.39230501618638,52.6545033322708,-0.26219831608442234,1,4.876059940460668,W008
SHP001387,2026-04-19,Mumbai,Delhi,GlobalLine,FMCG,256.10669585018013,1405.1620918711747,230.55926605405142,35.54078076509888,35.63400939183681,-0.09322862673793253,1,4.567495178494578,W008
SHP001388,2026-05-05,Ahmedabad,Mumbai,PrimeLogistics,Textiles,151.52767101121222,873.630103337863,151.64065362026767,22.24182774816851,22.023171669819483,0.2186560783490279,1,4.26669593825932,W004
SHP001389,2026-02-21,Kolkata,Hyderabad,PrimeLogistics,Electronics,126.47870506540777,1532.4816004387058,188.4928964765032,29.230897708635474,38.01598674417994,-8.785089035544466,1,5.0,W006
SHP001390,2026-01-03,Delhi,Pune,PrimeLogistics,Pharmaceuticals,27.66933164150324,602.3681660663262,68.60347518892843,15.466980175915882,15.12231188886105,0.3446682870548319,1,5.0,W008
SHP001391,2026-05-29,Kolkata,Mumbai,PrimeLogistics,Pharmaceuticals,17.927969217766744,1903.251246047352,187.17808249614987,62.08558400719182,45.130715259426076,16.954868747765744,0,3.1897782295635695,W008
SHP001392,2026-05-12,Ahmedabad,Delhi,FastShip,Textiles,351.9974242690969,1674.4675727138285,395.96681326546474,28.438349202204144,38.73582861882506,-10.297479416620916,1,5.0,W001
SHP001393,2026-04-19,Hyderabad,Kolkata,FastShip,Automotive,521.4114207172813,1478.5796703639016,430.2159908348393,23.99543610231692,32.536788845483244,-8.541352743166325,1,4.589420145902332,W007
SHP001394,2026-05-02,Delhi,Kolkata,EcoTrans,Pharmaceuticals,45.314140652250806,298.5165510848858,37.48098693881841,6.150341251933171,7.24780368594221,-1.0974624340090386,1,4.983978814659757,W007
SHP001395,2026-01-06,Bangalore,Chennai,GlobalLine,Pharmaceuticals,22.787754200482546,952.2308438000729,89.78345562894839,15.512916139124462,21.785364255847302,-6.27244811672284,1,5.0,W006
SHP001396,2026-04-23,Chennai,Hyderabad,GlobalLine,Textiles,169.4065140941395,586.8843553892378,128.49944379963023,11.039903582948599,15.979470730245117,-4.939567147296518,1,5.0,W006
SHP001397,2026-06-04,Ahmedabad,Delhi,EcoTrans,Pharmaceuticals,35.17993361118191,1645.0460798404763,138.3455440848201,64.93715673991606,45.32880270113392,19.608354038782146,0,3.0524505778239384,W007
SHP001398,2026-06-22,Hyderabad,Ahmedabad,PrimeLogistics,FMCG,566.0827774225755,784.2700168639823,377.7014472750008,19.344656537721306,20.50032887192539,-1.155672334204084,1,5.0,W010
SHP001399,2026-02-23,Kolkata,Pune,FastShip,Pharmaceuticals,29.227029856508707,313.2580367840184,45.62106008073006,7.41832699304255,8.046064734848969,-0.6277377418064187,1,5.0,W003
SHP001400,2026-02-14,Chennai,Delhi,PrimeLogistics,Electronics,32.15785064854024,182.4546392992656,32.72026985196752,3.666922271495557,4.210155042004982,-0.5432327705094249,1,5.0,W007
SHP001401,2026-05-07,Kolkata,Delhi,GlobalLine,Textiles,49.034987391563135,1916.4374499244773,167.68661710560687,45.94251055638974,48.102552317952366,-2.160041761562624,1,5.0,W001
SHP001402,2026-01-05,Hyderabad,Bangalore,EcoTrans,FMCG,892.6860176755458,1865.139682861922,493.86605837348105,48.59613677291393,46.22199389494547,2.3741428779684597,0,4.374782409901958,W003
SHP001403,2026-05-09,Mumbai,Ahmedabad,FastShip,Automotive,623.5927363835872,1134.6094565185654,486.1998261056272,22.29962726826504,25.477916133094766,-3.1782888648297245,1,5.0,W007
SHP001404,2026-01-30,Chennai,Mumbai,GlobalLine,Pharmaceuticals,66.05073574212716,459.1328372183447,69.32957452890572,4.897565945799696,12.085265844940748,-7.187699899141053,1,5.0,W005
SHP001405,2026-03-29,Hyderabad,Ahmedabad,FastShip,Textiles,321.22486676724213,1884.3065267894572,386.4620947901735,25.52956692846031,42.29980875380417,-16.770241825343863,1,5.0,W005
SHP001406,2026-02-08,Delhi,Pune,FastShip,Pharmaceuticals,35.13780975805073,279.4786090220651,52.59729677020631,9.705834718610696,7.739996962494054,1.9658377561166418,1,4.601726351403994,W008
SHP001407,2026-01-29,Delhi,Ahmedabad,FastShip,Textiles,93.39599463576526,1305.0618728573309,191.2773798504249,14.129578932598594,28.97594279857396,-14.846363865975366,1,4.374987233607976,W001
SHP001408,2026-05-10,Delhi,Bangalore,FastShip,FMCG,413.8967870944262,757.3040839400855,311.2776588008354,15.333987410563033,18.792017714264713,-3.4580303037016797,1,4.844531241824453,W006
SHP001409,2026-02-10,Kolkata,Pune,PrimeLogistics,Textiles,266.2355824873084,319.78292493142146,190.15138801980734,8.358055261866495,8.442323289770272,-0.08426802790377685,1,5.0,W008
SHP001410,2026-01-26,Bangalore,Pune,EcoTrans,Automotive,2743.1258230577027,1670.782531952936,1178.857064605685,49.55282546894164,41.81722394341077,7.735601525530875,0,5.0,W003
SHP001411,2026-02-01,Chennai,Kolkata,PrimeLogistics,Electronics,119.1628365677607,820.4056415618925,133.33530330919535,31.220837516167595,21.10493168072366,10.115905835443936,0,3.983560085364302,W004
SHP001412,2026-05-02,Hyderabad,Bangalore,GlobalLine,Electronics,164.88718233898828,1666.9740117461483,211.5785519595249,23.252949565397774,37.69756170895287,-14.444612143555094,1,4.4357046634514825,W005
SHP001413,2026-04-06,Pune,Bangalore,GlobalLine,FMCG,593.5084738725527,196.62254078410567,295.05513429301357,5.663704484746912,4.64925226816068,1.014452216586232,1,4.327257143597746,W009
SHP001414,2026-04-18,Chennai,Delhi,PrimeLogistics,Pharmaceuticals,38.854575976014694,354.48831686000074,57.23054025714913,8.657191015139068,9.509226181051472,-0.8520351659124046,1,4.387500055669975,W007
SHP001415,2026-04-28,Hyderabad,Mumbai,PrimeLogistics,FMCG,670.8228178631562,1069.4045413084318,428.59455817801035,24.143338488836026,28.268588718766548,-4.125250229930522,1,4.2552343233098515,W001
SHP001416,2026-05-13,Delhi,Mumbai,EcoTrans,Automotive,693.8390656018087,813.4473818393683,350.03889634447387,16.821170269746535,19.570480911453377,-2.749310641706842,1,4.285547696744136,W007
SHP001417,2026-02-12,Pune,Mumbai,PrimeLogistics,Electronics,182.00809116915508,1646.275350026402,244.65866116767296,44.62657994411098,38.246613181389606,6.379966762721374,0,4.807133589461463,W003
SHP001418,2026-05-28,Mumbai,Pune,EcoTrans,Pharmaceuticals,55.790745277452736,567.9143947960292,67.3580658065871,14.123066171561163,12.849761006219177,1.273305165341986,1,4.957543367451133,W007
SHP001419,2026-06-24,Kolkata,Pune,EcoTrans,Automotive,603.7642526402826,940.0966624143423,293.0574634902333,26.357483613968817,22.88002042618373,3.4774631877850872,0,4.3152929923899705,W001
SHP001420,2026-03-13,Bangalore,Pune,PrimeLogistics,Pharmaceuticals,64.85448606115294,727.5589333894549,101.59645414992416,19.175390781990696,19.813777715463335,-0.6383869334726384,1,4.745453097344216,W004
SHP001421,2026-05-20,Ahmedabad,Hyderabad,EcoTrans,Pharmaceuticals,44.37855031480524,300.87666481915625,40.61656168987692,5.621131959933131,7.135917501665735,-1.5147855417326035,1,4.977997227529087,W004
SHP001422,2026-03-19,Delhi,Mumbai,EcoTrans,Pharmaceuticals,31.893667234342907,141.0912856774082,23.073055042268507,2.8157869229894117,3.528168797212831,-0.7123818742234191,1,4.804215011321981,W003
SHP001423,2026-05-14,Kolkata,Delhi,FastShip,Textiles,416.53586193438656,1586.5520364244724,404.7042787700025,29.578816246016498,40.518962559247925,-10.940146313231427,1,4.678282466484862,W009
SHP001424,2026-03-21,Hyderabad,Ahmedabad,GlobalLine,Electronics,63.85042400720779,407.60165909948097,61.29758281077076,15.993482289548183,9.517221848565383,6.4762604409828,0,4.774601891937553,W001
SHP001425,2026-05-19,Kolkata,Delhi,EcoTrans,Pharmaceuticals,56.78700040264262,1164.4587811877998,98.25518182317255,30.829075416109763,27.45246671122959,3.376608704880173,0,5.0,W009
SHP001426,2026-01-29,Mumbai,Ahmedabad,EcoTrans,Automotive,554.1284601958607,1587.0379693634657,340.35423878149993,30.157315325404255,41.56205820961964,-11.404742884215388,1,4.819185945313727,W009
SHP001427,2026-04-01,Delhi,Mumbai,FastShip,Pharmaceuticals,64.89954973986802,1901.3012355204914,202.363364695537,25.851134843651387,47.61688128659015,-21.765746442938763,1,5.0,W005
SHP001428,2026-05-27,Mumbai,Kolkata,EcoTrans,FMCG,95.77548557610619,145.5533500154102,48.709943148684204,2.0834870526372717,3.9181810329999287,-1.834693980362657,1,5.0,W010
SHP001429,2026-05-25,Chennai,Bangalore,EcoTrans,Automotive,543.3058778800607,827.8927238221105,306.47699921608216,16.92386836098832,23.01813258189372,-6.094264220905401,1,3.9735627898253822,W010
SHP001430,2026-06-22,Bangalore,Pune,PrimeLogistics,Textiles,108.74694560502277,1708.4464740577394,207.08188034528712,51.45851607966693,43.24438342971608,8.214132649950848,0,3.758822955996086,W004
SHP001431,2026-01-27,Hyderabad,Kolkata,GlobalLine,Automotive,2853.5587975520193,1583.3921870544725,1464.9055610917194,43.11186786243989,41.633418552387916,1.478449310051971,1,4.565743807204582,W008
SHP001432,2026-01-26,Bangalore,Pune,PrimeLogistics,Pharmaceuticals,57.13172425741078,427.95731451432164,62.21079009560269,12.554605633101872,10.572866018209723,1.981739614892149,1,3.794375422257481,W002
SHP001433,2026-01-24,Mumbai,Kolkata,GlobalLine,Pharmaceuticals,41.776881421601985,589.7349096934083,64.34299749718747,13.611252573551182,14.675131177389904,-1.063878603838722,1,4.250066180368742,W004
SHP001434,2026-04-25,Delhi,Chennai,PrimeLogistics,Textiles,195.66759632040183,616.53538077924,151.17917752412163,15.3491471557026,16.221515094846445,-0.8723679391438459,1,5.0,W009
SHP001435,2026-05-13,Pune,Ahmedabad,EcoTrans,Textiles,322.6658609622559,362.7235025878363,176.88354112681532,11.9698301900898,9.766762558456369,2.203067631633431,0,4.49929600221667,W008
SHP001436,2026-06-12,Pune,Chennai,PrimeLogistics,Pharmaceuticals,29.58856128175981,338.75617660120724,42.75124153760737,12.322594578917743,8.97330246833481,3.349292110582933,0,4.585005719142738,W003
SHP001437,2026-02-06,Bangalore,Kolkata,PrimeLogistics,FMCG,479.91136603131633,1404.096552499491,350.18318491122415,45.71345797252428,33.51671966914081,12.19673830338347,0,3.2146233645941344,W009
SHP001438,2026-05-16,Delhi,Pune,GlobalLine,Pharmaceuticals,52.120859052459394,1407.1293962255472,146.73948052767847,27.158340409506376,33.547042243111036,-6.38870183360466,1,4.8501519716678425,W008
SHP001439,2026-01-09,Bangalore,Hyderabad,EcoTrans,Electronics,220.826166964696,521.1298977733625,123.3275220492087,12.077702160421806,12.223773968564428,-0.14607180814262222,1,5.0,W010
SHP001440,2026-04-15,Delhi,Mumbai,EcoTrans,Textiles,209.83805637728457,379.10348086778055,125.78611021469752,9.846453879246294,10.495428084705328,-0.6489742054590337,1,5.0,W005
SHP001441,2026-01-11,Bangalore,Mumbai,EcoTrans,Automotive,2711.1743186714443,1973.4530635732165,1204.2205292235324,61.24554060048353,52.48626434770746,8.759276252776068,0,3.615630381948471,W006
SHP001442,2026-03-19,Kolkata,Chennai,FastShip,FMCG,244.5398197637726,900.6161883063244,246.8865565356908,23.24772887740154,22.325463692820456,0.9222651845810823,1,4.914034413706784,W003
SHP001443,2026-05-31,Pune,Mumbai,EcoTrans,Automotive,3435.028236467119,793.9639830692065,1481.414692149067,13.344811427662648,20.781089847867225,-7.436278420204577,1,5.0,W004
SHP001444,2026-02-16,Ahmedabad,Mumbai,FastShip,Textiles,280.2092094927482,1559.9598650026817,291.7649314894658,32.62823331921808,36.29550541145824,-3.667272092240154,1,5.0,W006
SHP001445,2026-01-18,Mumbai,Kolkata,PrimeLogistics,Textiles,208.1575512505797,128.42627668697136,119.86470739140658,1.8750869136644546,3.2214684725992013,-1.3463815589347468,1,5.0,W005
SHP001446,2026-05-25,Ahmedabad,Bangalore,PrimeLogistics,Pharmaceuticals,38.490434267063875,1326.1566841761548,135.5204260327355,30.805780199847515,36.578195644992434,-5.772415445144919,1,5.0,W010
SHP001447,2026-02-03,Bangalore,Hyderabad,PrimeLogistics,Pharmaceuticals,42.64442818170339,1163.7780145962693,133.15896478583133,24.533497738367053,30.761946767243547,-6.2284490288764935,1,4.499189067254801,W008
SHP001448,2026-02-08,Hyderabad,Mumbai,PrimeLogistics,Pharmaceuticals,37.84111346970752,1673.719773150378,159.75726484772943,45.230801895433345,44.62775085967276,0.6030510357605863,1,5.0,W004
SHP001449,2026-04-12,Hyderabad,Kolkata,FastShip,Pharmaceuticals,24.932916244103865,792.3787453912662,88.35196938488231,32.311271645166585,20.457821635516325,11.85345000965026,0,4.217480515481809,W005
SHP001450,2026-06-15,Delhi,Ahmedabad,GlobalLine,Electronics,177.051059520575,476.9791922677692,126.53151968974437,21.048788828066538,12.759117283070978,8.28967154499556,0,3.3090019400664263,W010
SHP001451,2026-06-11,Kolkata,Hyderabad,FastShip,Textiles,277.64776240594625,877.755349676546,270.6912775048614,26.048063151698035,20.166782378087632,5.881280773610403,0,4.822333362193814,W002
SHP001452,2026-02-19,Mumbai,Hyderabad,GlobalLine,Pharmaceuticals,25.38118879940503,1640.9292123709317,154.3012216203088,57.78836929981258,45.86325836088024,11.925110938932342,0,3.298053927573398,W009
SHP001453,2026-01-05,Delhi,Pune,GlobalLine,Electronics,89.61766215964346,1711.1462172939216,176.89120786954936,33.44097508944593,43.713920527246835,-10.272945437800907,1,5.0,W005
SHP001454,2026-02-22,Chennai,Ahmedabad,PrimeLogistics,Electronics,103.34920020805325,1948.4993398366203,208.02399745167145,48.86032345203084,49.577167304066954,-0.7168438520361136,1,5.0,W009
SHP001455,2026-06-05,Hyderabad,Chennai,FastShip,Pharmaceuticals,38.25218014561408,730.9403925652589,86.69511214692326,15.875781573965694,19.804250359080946,-3.9284687851152515,1,5.0,W001
SHP001456,2026-03-29,Pune,Delhi,PrimeLogistics,Electronics,102.32965802722232,1631.4313587458312,207.5602487764369,23.896163319899454,35.9406824751102,-12.044519155210747,1,4.840086861055622,W009
SHP001457,2026-03-23,Pune,Bangalore,FastShip,Electronics,107.94187870785518,600.3908760963506,115.29998478086078,8.322231911029888,15.366761886122756,-7.044529975092868,1,5.0,W002
SHP001458,2026-05-19,Bangalore,Chennai,GlobalLine,FMCG,202.18513957321994,1154.1328407205012,190.43970103695034,33.536937082196886,29.308637255614535,4.228299826582351,0,4.4881583723098455,W005
SHP001459,2026-01-23,Bangalore,Chennai,PrimeLogistics,FMCG,363.4632889862811,1793.437063172726,379.468839982265,37.31019638143976,41.43601146776064,-4.125815086320884,1,5.0,W001
SHP001460,2026-06-07,Hyderabad,Delhi,FastShip,Electronics,61.34616531781827,260.1140624434545,65.63192809491797,5.9988757741795835,6.84449620903578,-0.8456204348561966,1,5.0,W005
SHP001461,2026-04-10,Delhi,Chennai,GlobalLine,Pharmaceuticals,53.710758472842386,1678.752732561516,146.38072229686696,47.99527613624532,37.165342703403134,10.82993343284219,0,3.4090268251184974,W006
SHP001462,2026-03-08,Pune,Ahmedabad,FastShip,Electronics,83.57630175292712,1160.9305073834216,175.0834180700516,32.80389270187662,28.26735573423724,4.536536967639382,0,4.411212501054117,W004
SHP001463,2026-03-03,Chennai,Kolkata,PrimeLogistics,Electronics,111.97739415011618,957.842284326944,158.67023360237226,17.287122992875666,21.776654347361816,-4.48953135448615,1,4.159552458626755,W005
SHP001464,2026-01-16,Hyderabad,Chennai,PrimeLogistics,Electronics,78.21943246948842,1752.8212743916097,201.40927302099365,34.98600122049964,45.02041589619933,-10.034414675699693,1,5.0,W008
SHP001465,2026-01-08,Pune,Hyderabad,GlobalLine,Electronics,72.53793031180824,998.3073560730077,120.2476425808897,24.97963432184602,27.200912247374017,-2.221277925527996,1,4.3680595854629445,W005
SHP001466,2026-05-22,Delhi,Bangalore,GlobalLine,Automotive,2150.272434173731,581.651930600969,1083.7306505445365,3.949544812751658,13.737906860871066,-9.788362048119408,1,5.0,W010
SHP001467,2026-04-15,Ahmedabad,Mumbai,GlobalLine,FMCG,1135.8100749363703,835.5479670451818,603.1774416786329,19.925370118875787,19.215266398908195,0.7101037199675915,1,5.0,W006
SHP001468,2026-05-19,Bangalore,Ahmedabad,GlobalLine,Textiles,132.0274346361515,1537.7393292117922,195.34298429589205,49.726821589642626,35.98951121853775,13.737310371104876,0,4.577548065504293,W007
SHP001469,2026-05-23,Ahmedabad,Mumbai,FastShip,Pharmaceuticals,114.9729746730251,1034.4022019849695,170.48947938529037,21.06457108386471,27.197574053630042,-6.133002969765332,1,5.0,W010
SHP001470,2026-03-16,Bangalore,Mumbai,FastShip,Pharmaceuticals,30.346553319266967,358.18368524242896,48.03505000071833,6.684890573543626,9.97773598993991,-3.2928454163962844,1,4.880623698968283,W005
SHP001471,2026-06-03,Kolkata,Ahmedabad,PrimeLogistics,Automotive,2685.5473411139374,1906.1623720114915,1688.9569000380418,45.327217240900794,45.98318218073754,-0.6559649398367497,1,4.193845132010292,W004
SHP001472,2026-05-30,Kolkata,Mumbai,GlobalLine,Textiles,305.67138461872617,1828.6649175809146,321.28838127533203,32.51624899457494,46.35554109247736,-13.839292097902423,1,4.493677779278455,W010
SHP001473,2026-01-18,Kolkata,Mumbai,PrimeLogistics,Electronics,38.157522962047864,995.1096744957324,115.47649166519358,19.528690573969964,22.63644166092236,-3.1077510869523977,1,4.934011178984106,W003
SHP001474,2026-05-23,Kolkata,Chennai,GlobalLine,Textiles,261.64678678935957,512.5667676715766,167.48630714954732,13.495954937455677,12.30030695127928,1.1956479861763967,1,4.293498538229345,W009
SHP001475,2026-03-23,Hyderabad,Pune,EcoTrans,Pharmaceuticals,57.03505111875778,161.0082029159107,36.20095252899404,4.203141670589758,4.279226631225171,-0.07608496063541281,1,5.0,W005
SHP001476,2026-03-04,Hyderabad,Bangalore,GlobalLine,Pharmaceuticals,41.20341671566979,1485.1641113760388,151.34345129315633,32.62759401540003,35.63790831107107,-3.0103142956710442,1,5.0,W010
SHP001477,2026-03-26,Mumbai,Pune,GlobalLine,Electronics,87.54176885007787,436.38225960395505,71.26211814235094,10.611724219717404,11.981234899742516,-1.3695106800251118,1,5.0,W010
SHP001478,2026-05-02,Mumbai,Delhi,GlobalLine,Pharmaceuticals,49.68227946125272,1377.2448846211498,121.66283642008496,26.36292801268678,38.437843420297966,-12.074915407611186,1,5.0,W009
SHP001479,2026-06-28,Ahmedabad,Pune,PrimeLogistics,Textiles,167.39600468099286,1169.1519323501855,179.3464292526368,37.02299542915332,32.1887797507691,4.8342156783842185,0,4.324415818732192,W002
SHP001480,2026-06-16,Delhi,Hyderabad,FastShip,Pharmaceuticals,29.900393859894024,1160.4549004436085,136.1756708375481,28.539405621241556,29.842383358178946,-1.3029777369373896,1,5.0,W002
SHP001481,2026-04-01,Pune,Ahmedabad,EcoTrans,Pharmaceuticals,33.8769516656759,1097.3747600625884,88.61201023435652,32.84321905443071,27.089511560564652,5.7537074938660595,0,4.4991491009258935,W003
SHP001482,2026-06-28,Mumbai,Delhi,PrimeLogistics,Automotive,3191.5019391044825,701.7625318479105,1729.1919214102365,9.967229325122986,15.597713617007223,-5.630484291884237,1,5.0,W004
SHP001483,2026-04-24,Mumbai,Bangalore,FastShip,Automotive,1456.5534553603907,1394.2975898609427,1058.6082073994496,26.67659470336966,34.88736329418805,-8.21076859081839,1,5.0,W006
SHP001484,2026-02-19,Delhi,Ahmedabad,EcoTrans,FMCG,661.772322931124,677.0698118232584,358.9069779830762,14.9270849024925,16.009191798919257,-1.0821068964267582,1,4.305109928403666,W004
SHP001485,2026-05-07,Hyderabad,Mumbai,EcoTrans,Pharmaceuticals,62.76691070788553,1346.0129318094678,118.13445258027947,45.549204203217805,29.87123195169957,15.677972251518234,0,4.1846738694057795,W010
SHP001486,2026-02-23,Mumbai,Bangalore,PrimeLogistics,Electronics,148.4692451959177,891.823215185701,168.37911461798058,17.922266907366083,20.834780905849357,-2.9125139984832735,1,4.769846618712818,W005
SHP001487,2026-05-26,Ahmedabad,Delhi,GlobalLine,Textiles,328.50970756150707,1673.0329180832223,291.1115253934191,38.66158153294216,42.720414425557976,-4.058832892615818,1,4.5279362217687895,W010
SHP001488,2026-05-25,Bangalore,Mumbai,GlobalLine,Electronics,150.2391187307288,419.46806320001946,118.93820008969466,8.119637278978031,10.782570810922705,-2.662933531944674,1,5.0,W003
SHP001489,2026-03-08,Chennai,Hyderabad,EcoTrans,FMCG,348.58883023034457,707.2744384653354,183.19939909551823,9.522989559017901,16.675610451534624,-7.1526208925167225,1,4.543287436841348,W001
SHP001490,2026-06-27,Kolkata,Pune,PrimeLogistics,Electronics,99.54049698400475,426.2185869441333,84.92091278672429,11.547012321128616,10.943399559463826,0.6036127616647899,1,4.76359485010658,W007
SHP001491,2026-06-14,Mumbai,Ahmedabad,EcoTrans,Pharmaceuticals,41.61728494609874,238.63983255880666,36.093043751922636,6.820491886948388,5.956023229393539,0.8644686575548493,1,5.0,W007
SHP001492,2026-03-12,Delhi,Pune,PrimeLogistics,Pharmaceuticals,56.64743388698251,1395.4827608624316,169.15433065729485,26.872184605016766,32.64594223340867,-5.773757628391902,1,5.0,W006
SHP001493,2026-05-13,Mumbai,Pune,GlobalLine,Electronics,118.2658633196254,1177.6098670354452,154.98031719511448,20.676532053075412,26.132506102090304,-5.455974049014891,1,5.0,W005
SHP001494,2026-04-18,Ahmedabad,Bangalore,FastShip,Pharmaceuticals,35.71180424831214,855.4245516902286,106.13492988185003,23.402172970948524,22.8217963831526,0.580376587795925,1,5.0,W004
SHP001495,2026-03-27,Delhi,Hyderabad,FastShip,FMCG,274.48132042021524,1788.5171080911168,318.90962316694777,53.27040182000717,42.35440740522733,10.915994414779846,0,3.1876994648343038,W007
SHP001496,2026-01-20,Chennai,Delhi,GlobalLine,Automotive,801.7373973269263,540.4015274715014,479.7532295398899,22.33050533172166,14.592732432410944,7.737772899310716,0,4.7151464923960935,W005
SHP001497,2026-01-17,Delhi,Mumbai,PrimeLogistics,Pharmaceuticals,14.077345585372434,1839.4060743148298,156.91028817825216,38.713909041362335,45.08509503561567,-6.371185994253338,1,4.987141517556449,W001
SHP001498,2026-06-01,Hyderabad,Ahmedabad,EcoTrans,FMCG,90.52512287864766,969.5005616358326,104.79362587144654,13.14668839484389,22.14292151801881,-8.99623312317492,1,5.0,W002
SHP001499,2026-05-02,Chennai,Bangalore,FastShip,Automotive,816.7155570626368,1290.6229982923408,641.8743792729977,46.290896166095536,33.6541562306931,12.636739935402439,0,2.5671119063382077,W009
SHP001500,2026-03-02,Delhi,Ahmedabad,PrimeLogistics,Electronics,73.82973243925869,814.3238283172611,115.4114171815724,19.304139111647718,20.332661223055958,-1.0285221114082397,1,4.908377378395359,W008
SHP001501,2026-05-29,Delhi,Mumbai,FastShip,Electronics,48.83673198736772,135.28436565368784,45.576426559300614,3.9078195251084074,3.160432802558615,0.7473867225497925,1,5.0,W007
SHP001502,2026-03-22,Delhi,Ahmedabad,GlobalLine,Electronics,119.58778374584278,1549.0416308318202,172.74788938861505,24.534853919199232,36.25557736823518,-11.720723449035948,1,5.0,W008
SHP001503,2026-01-15,Kolkata,Hyderabad,PrimeLogistics,Electronics,58.51213963249098,403.2968731802518,63.681639874156,7.6073241259867315,10.780654163300285,-3.173330037313554,1,5.0,W002
SHP001504,2026-06-23,Mumbai,Hyderabad,FastShip,Automotive,1139.7293159546314,729.3062477839306,696.3556342735737,19.028643476205794,18.54065969153031,0.4879837846754853,1,5.0,W007
SHP001505,2026-04-13,Delhi,Hyderabad,PrimeLogistics,FMCG,134.3914724951853,1129.5723292248178,159.14877610699745,36.78341679291017,29.452099028873484,7.331317764036683,0,5.0,W010
SHP001506,2026-06-18,Mumbai,Kolkata,PrimeLogistics,Pharmaceuticals,42.87633541530807,1601.7742041776771,154.45979074838812,18.194387150442115,37.75464645286691,-19.560259302424793,1,5.0,W007
SHP001507,2026-06-08,Delhi,Chennai,FastShip,Pharmaceuticals,35.3583010950507,1619.1994237938056,179.5065524916902,55.38497687887421,43.133109994546324,12.251866884327889,0,4.261874996215177,W009
SHP001508,2026-03-26,Chennai,Mumbai,FastShip,Electronics,78.53372632166342,621.687399546941,107.7869172130224,7.29310999960952,14.475395944074386,-7.182285944464866,1,4.866431257029123,W010
SHP001509,2026-01-18,Chennai,Hyderabad,GlobalLine,Textiles,244.59860954240742,1969.9134230181082,253.0171954757734,44.87971114529833,51.600236222273345,-6.720525076975015,1,5.0,W005
SHP001510,2026-04-01,Pune,Chennai,PrimeLogistics,FMCG,303.13219944020386,122.3536792972956,180.60959683528154,3.942258542814799,3.059867168197577,0.8823913746172223,1,5.0,W004
SHP001511,2026-02-05,Mumbai,Delhi,GlobalLine,Automotive,1481.210143009698,1663.8663051130727,793.6773731855553,43.027264250455694,41.30797200571072,1.7192922447449774,1,4.020082608666974,W010
SHP001512,2026-04-22,Hyderabad,Bangalore,GlobalLine,FMCG,196.6503413325451,957.5397777927849,170.8768087925059,23.3241074914095,23.5497365499739,-0.22562905856440096,1,5.0,W008
SHP001513,2026-03-21,Hyderabad,Bangalore,EcoTrans,Electronics,174.657195814411,784.8797553835856,125.82548293487766,21.186430558219598,19.19589120619617,1.9905393520234291,1,5.0,W009
SHP001514,2026-05-31,Bangalore,Mumbai,GlobalLine,Textiles,177.99036866332426,1674.966793266723,205.55451166749125,29.505967202127113,37.93588760172276,-8.429920399595648,1,4.920125751004207,W009
SHP001515,2026-01-14,Pune,Bangalore,GlobalLine,FMCG,180.20346292651487,1092.5092015369219,160.0085325093904,28.32321725532221,26.11050897669511,2.2127082786270975,0,4.687530678446012,W004
SHP001516,2026-01-18,Hyderabad,Delhi,PrimeLogistics,Pharmaceuticals,82.15106963144103,1958.7120233980775,233.8269835453518,57.70844520187914,47.31156202773411,10.396883174145024,0,3.4870662845912834,W010
SHP001517,2026-06-27,Hyderabad,Ahmedabad,EcoTrans,Textiles,179.1746896460357,1825.6912538864256,192.66422337754773,54.43665765346505,50.860982067215154,3.5756755862498935,0,4.69257730262853,W005
SHP001518,2026-04-18,Hyderabad,Delhi,FastShip,Pharmaceuticals,33.549773658218136,1111.0111542903069,126.22595548980017,20.042234986060222,25.93207345073896,-5.889838464678739,1,5.0,W001
SHP001519,2026-05-07,Chennai,Mumbai,GlobalLine,FMCG,125.49701318510017,1915.6806215845766,195.63954518967506,48.28825922946343,44.44066724960975,3.847591979853675,0,4.36814002743328,W008
SHP001520,2026-06-09,Chennai,Delhi,PrimeLogistics,Automotive,386.96733925016554,542.1874595531017,260.0937435810263,17.083502576039443,14.766363303787527,2.317139272251916,0,5.0,W007
SHP001521,2026-02-22,Pune,Delhi,FastShip,Automotive,1313.3825439437187,416.1871401907857,875.4049854591937,8.414199201835348,9.780539527455597,-1.3663403256202482,1,4.094204089832505,W001
SHP001522,2026-01-19,Hyderabad,Mumbai,FastShip,FMCG,181.19966483924247,1731.7464378822278,254.4298328466764,48.768522892623515,43.97574269446603,4.792780198157487,0,4.139751361116709,W005
SHP001523,2026-04-23,Chennai,Pune,EcoTrans,Electronics,93.55818587676427,1027.3752945034541,118.99488777459023,31.478780264884367,25.81377856716037,5.665001697723998,0,5.0,W001
SHP001524,2026-02-20,Chennai,Bangalore,GlobalLine,FMCG,256.7102355237228,1409.5364990896087,222.1605358526402,30.807318883729295,37.95411453180177,-7.146795648072477,1,4.943203919149018,W005
SHP001525,2026-02-14,Hyderabad,Ahmedabad,GlobalLine,FMCG,239.01655925762586,290.69824068060245,146.58390875946554,10.436222260202964,7.930477111039236,2.5057451491637277,0,5.0,W004
SHP001526,2026-01-06,Bangalore,Ahmedabad,EcoTrans,Electronics,80.73360332771911,795.880711397101,90.22769058603652,24.266466639083195,20.404711431187586,3.8617552078956088,0,4.4875120448091215,W001
SHP001527,2026-06-23,Bangalore,Kolkata,FastShip,Automotive,112.9192087089074,1995.2761167576023,258.9609638725727,49.45149968446283,46.03179719673368,3.419702487729154,0,5.0,W004
SHP001528,2026-03-20,Ahmedabad,Delhi,EcoTrans,Automotive,1136.1509618494943,1576.0346211067347,624.0891532698133,47.615080980603175,41.367981641234394,6.247099339368781,0,4.170275360293666,W003
SHP001529,2026-05-15,Pune,Hyderabad,FastShip,Electronics,96.93294865268999,347.86570944764844,100.26366820694327,9.681039873094964,9.465406397722042,0.21563347537292188,1,5.0,W003
SHP001530,2026-02-03,Chennai,Delhi,PrimeLogistics,Automotive,1658.791543399154,1136.1894190539192,921.4554584358671,46.67010754417242,30.07836352388545,16.591744020286967,0,3.3806503892782658,W006
SHP001531,2026-06-03,Pune,Hyderabad,GlobalLine,Electronics,14.748039197766062,426.399308007757,39.64990925943421,12.813472309022483,9.787192843691088,3.0262794653313954,0,4.460811301162183,W010
SHP001532,2026-05-31,Chennai,Ahmedabad,EcoTrans,FMCG,216.1129278089106,1222.1203497033114,178.80737447709308,32.378750028915185,28.0156971971996,4.363052831715585,0,4.884465539296448,W006
SHP001533,2026-03-05,Mumbai,Pune,EcoTrans,FMCG,206.51299199128997,1882.1769443730443,229.80917101852978,37.23392980244926,49.28815770110016,-12.0542278986509,1,4.9229799849865135,W009
SHP001534,2026-05-30,Ahmedabad,Delhi,FastShip,Pharmaceuticals,26.673803023711514,1162.6735569459713,119.642370023737,16.84848404783279,28.7056654200364,-11.857181372203609,1,5.0,W010
SHP001535,2026-01-17,Bangalore,Hyderabad,PrimeLogistics,Textiles,257.68910242500857,714.8579919247344,218.49683323397898,17.988093108562037,16.171131038673323,1.8169620698887137,1,4.690674714680031,W006
SHP001536,2026-05-08,Ahmedabad,Delhi,EcoTrans,Automotive,1299.2132021346133,257.5615897684795,585.8331157928122,6.001425669905452,6.395672604077041,-0.39424693417158885,1,5.0,W009
SHP001537,2026-06-27,Ahmedabad,Hyderabad,PrimeLogistics,Pharmaceuticals,36.64089275354466,966.2977529604565,101.91387339802166,13.599390452007276,25.28071451353842,-11.681324061531145,1,5.0,W005
SHP001538,2026-05-29,Pune,Hyderabad,FastShip,FMCG,428.7720918918958,1948.4275489496515,423.5767950491638,71.93503563712143,51.236943690332744,20.698091946788686,0,2.447744155227939,W004
SHP001539,2026-02-21,Ahmedabad,Pune,GlobalLine,Pharmaceuticals,39.79503071690818,1484.9140580024248,151.24190160885948,40.003456919201184,40.107257408224726,-0.10380048902354133,1,4.182160515499889,W004
SHP001540,2026-03-20,Pune,Chennai,GlobalLine,Automotive,904.4593731284489,803.6083333559922,466.95699502119766,37.26665614064878,20.20589498980908,17.060761150839696,0,3.632177623136018,W005
SHP001541,2026-05-21,Delhi,Bangalore,FastShip,Automotive,819.9094201302195,905.5167409801976,562.7284505461905,17.85444567089432,24.259677077455095,-6.405231406560773,1,5.0,W008
SHP001542,2026-05-13,Hyderabad,Delhi,FastShip,Pharmaceuticals,51.72270927413603,1720.7257620770586,208.2293450110126,34.135594666480856,39.220965405857264,-5.085370739376408,1,5.0,W009
SHP001543,2026-06-09,Hyderabad,Chennai,PrimeLogistics,Pharmaceuticals,33.88377262518888,1025.7741646563568,105.7554908651558,23.59449561868336,24.1150050914853,-0.5205094728019404,1,5.0,W007
SHP001544,2026-04-15,Hyderabad,Ahmedabad,PrimeLogistics,Automotive,1843.588683618867,565.1000861559071,967.851798444255,9.658083904630598,15.309983240716795,-5.651899336086197,1,5.0,W005
SHP001545,2026-04-08,Mumbai,Bangalore,PrimeLogistics,FMCG,240.63921025178865,1263.1158193739768,227.26614391892497,28.706253052065218,31.794872288541086,-3.088619236475868,1,4.175193535283193,W005
SHP001546,2026-06-15,Delhi,Chennai,FastShip,Automotive,1828.0176416950815,166.62340313556552,1009.8170601370437,2.8943081030139344,3.6920553619046044,-0.79774725889067,1,5.0,W009
SHP001547,2026-05-12,Delhi,Ahmedabad,EcoTrans,FMCG,273.8491385250563,960.6963915769313,182.18142638484582,33.92020351799919,25.245361098014925,8.674842419984266,0,3.8285191094174493,W002
SHP001548,2026-01-31,Delhi,Chennai,FastShip,Textiles,163.61003481148526,1156.5089368637769,201.95193821573724,27.88370592794888,28.513667563453158,-0.6299616355042765,1,5.0,W004
SHP001549,2026-03-27,Chennai,Pune,EcoTrans,Automotive,1918.2827179679837,1505.6131066785883,955.4474698870351,58.73032489530409,37.94918816230258,20.78113673300151,0,3.3132382960007747,W005
SHP001550,2026-06-24,Kolkata,Delhi,GlobalLine,Textiles,236.71705824067504,921.3154467975203,188.71275432753,20.075150112985952,24.4936076033774,-4.418457490391447,1,5.0,W005
SHP001551,2026-01-03,Kolkata,Bangalore,EcoTrans,Pharmaceuticals,50.968705943624784,1910.9110620356678,138.0846818251964,58.63661380397818,48.88328563113449,9.753328172843688,0,3.1050819881298275,W007
SHP001552,2026-05-29,Mumbai,Kolkata,GlobalLine,Pharmaceuticals,26.713746034406427,271.6052645682388,35.52494182674704,7.164831611385853,6.75597571871614,0.40885589266971234,1,4.533626870392246,W004
SHP001553,2026-02-28,Chennai,Kolkata,GlobalLine,Textiles,302.29498635848404,1820.209057698612,291.3910489009409,60.15471843560631,50.4533493859209,9.701369049685411,0,3.824322286192217,W010
SHP001554,2026-05-22,Ahmedabad,Hyderabad,PrimeLogistics,Automotive,1830.7262866201906,402.6377709639711,1028.8624469030046,14.270726112199053,9.828948560755505,4.441777551443549,0,5.0,W002
SHP001555,2026-03-22,Chennai,Kolkata,PrimeLogistics,FMCG,344.48766427174695,299.1630177874545,231.25802520180574,10.10494483600011,7.13760703638012,2.9673377996199894,0,5.0,W008
SHP001556,2026-04-26,Mumbai,Chennai,GlobalLine,Textiles,247.18160322908827,924.7350554503628,214.50219356059458,29.709538098604828,23.619392689021254,6.090145409583574,0,4.585078356869009,W003
SHP001557,2026-03-20,Mumbai,Kolkata,EcoTrans,Automotive,553.6553301659665,1821.3086464698242,387.9539119457671,33.57866415261905,50.73964936287716,-17.16098521025811,1,4.830871677876462,W004
SHP001558,2026-04-18,Pune,Hyderabad,PrimeLogistics,Textiles,360.21300879554684,1982.522576297282,370.51363464870826,25.227908940522173,50.20345190131238,-24.975542960790204,1,5.0,W005
SHP001559,2026-03-25,Mumbai,Hyderabad,FastShip,FMCG,264.2066495096747,1575.8597155651385,317.60414599301436,41.58254411197893,38.53743302195169,3.045111090027241,0,5.0,W003
SHP001560,2026-03-26,Pune,Chennai,GlobalLine,Pharmaceuticals,30.91365498938726,1430.3576926587007,131.1255867645412,36.178250407218954,36.69927548847753,-0.5210250812585784,1,4.554782123528669,W002
SHP001561,2026-05-17,Pune,Delhi,PrimeLogistics,Electronics,75.73898233397225,1356.4775283450467,174.27108746316637,28.21976866484031,33.128626237798876,-4.908857572958567,1,5.0,W006
SHP001562,2026-05-26,Ahmedabad,Hyderabad,EcoTrans,Electronics,56.29592047100221,1755.2553880656037,150.39911172973405,67.18656452269389,47.76496339636506,19.421601126328824,0,3.1758614192793027,W003
SHP001563,2026-01-27,Bangalore,Mumbai,PrimeLogistics,Electronics,82.79987183460328,840.1434125148926,119.74245613154726,17.862789730361172,23.16649937808614,-5.303709647724968,1,4.768291214441952,W003
SHP001564,2026-02-20,Delhi,Kolkata,EcoTrans,FMCG,174.77361091807552,652.4133451922804,121.36624367586799,18.342164230844,17.886992441919364,0.45517178892463406,1,5.0,W004
SHP001565,2026-03-16,Delhi,Kolkata,FastShip,Automotive,1165.1109355544877,495.82119903407545,750.3521930406138,16.46179769891562,12.55939670479628,3.9024009941193416,0,4.195746310994236,W009
SHP001566,2026-01-03,Bangalore,Chennai,PrimeLogistics,Pharmaceuticals,48.681279981694416,799.7897259647903,94.51408499913816,30.93578104814476,22.199473559370954,8.736307488773807,0,3.953415610789205,W003
SHP001567,2026-01-29,Bangalore,Hyderabad,PrimeLogistics,Pharmaceuticals,26.14505242483079,1186.552409806291,128.16474302587991,36.090873412874174,29.48723501067499,6.603638402199184,0,4.561281623083794,W002
SHP001568,2026-04-10,Chennai,Delhi,GlobalLine,Automotive,1240.4214699814204,1671.2031476598106,805.8400705991634,49.113221587821805,42.47337635255916,6.639845235262648,0,4.251378257307422,W007
SHP001569,2026-06-20,Ahmedabad,Delhi,EcoTrans,Textiles,385.9171907226217,947.6171835378567,231.41435927070088,9.615766486008429,23.522730224602643,-13.906963738594214,1,5.0,W004
SHP001570,2026-05-09,Ahmedabad,Bangalore,GlobalLine,Electronics,51.77875358752655,364.45682524017536,49.578627975390475,7.317866443931647,8.554436048037223,-1.2365696041055756,1,5.0,W003
SHP001571,2026-04-25,Delhi,Ahmedabad,PrimeLogistics,Textiles,190.00595462118557,488.72786715437405,138.11509068483414,11.043776511412872,10.79301259395419,0.25076391745868243,1,5.0,W004
SHP001572,2026-05-15,Hyderabad,Kolkata,PrimeLogistics,Pharmaceuticals,41.6152632424166,1266.9091349707778,125.99668594791393,34.64769571057454,30.040528771340508,4.60716693923403,0,4.523031359547752,W008
SHP001573,2026-05-28,Mumbai,Pune,FastShip,Automotive,1952.91999985954,934.9516242565486,1210.5039444348981,17.889513849860077,23.126491808703697,-5.236977958843621,1,5.0,W008
SHP001574,2026-03-30,Kolkata,Chennai,GlobalLine,Pharmaceuticals,25.219265711408966,229.86190575156996,33.820067599912704,5.532941280514148,5.323162680838332,0.2097785996758157,1,5.0,W004
SHP001575,2026-02-15,Pune,Chennai,PrimeLogistics,FMCG,326.3947788269542,1482.054858307308,301.9236209507608,38.616007968569086,34.24466994000865,4.371338028560437,0,3.948478122619139,W010
SHP001576,2026-01-25,Pune,Hyderabad,FastShip,FMCG,292.0795702478295,1965.8847832941294,334.5816319005463,58.549247908240076,50.199399400114935,8.349848508125142,0,5.0,W003
SHP001577,2026-03-12,Kolkata,Pune,FastShip,FMCG,206.57051643580346,1154.5351959900531,224.78614053049938,34.56428648549887,31.91257244483182,2.6517140406670485,0,5.0,W008
SHP001578,2026-04-16,Delhi,Chennai,FastShip,Electronics,57.300561503612705,539.0689520556803,86.28605137339461,11.547601557309985,14.731088030326351,-3.183486473016366,1,5.0,W009
SHP001579,2026-03-25,Pune,Chennai,GlobalLine,Automotive,645.7711500470747,436.3787380138221,367.3848584052304,4.84937830682862,10.553783522174347,-5.704405215345727,1,5.0,W004
SHP001580,2026-05-10,Mumbai,Kolkata,FastShip,Electronics,135.49811141165674,1259.9750117751041,196.7632722161859,28.75208979393737,29.3065034315609,-0.5544136376235294,1,5.0,W008
SHP001581,2026-04-08,Hyderabad,Pune,PrimeLogistics,FMCG,223.0855794586084,414.2617185525821,167.9742572141776,8.243788394214953,9.682921557610962,-1.4391331633960096,1,3.6997124902353344,W007
SHP001582,2026-01-10,Mumbai,Chennai,FastShip,FMCG,780.9739285883406,1201.2607085337395,627.9499406464116,30.05319369983067,32.682080655569564,-2.6288869557388956,1,4.983759482078953,W006
SHP001583,2026-06-21,Ahmedabad,Chennai,PrimeLogistics,Electronics,261.3294781541949,1159.7530422863174,253.22884527734345,17.780884499283218,26.586705727167892,-8.805821227884675,1,4.456804061061227,W002
SHP001584,2026-05-21,Chennai,Pune,PrimeLogistics,FMCG,447.4518357665876,1525.995563323823,368.14435157825596,38.93807316682045,40.071686083707746,-1.1336129168872944,1,4.722363455993414,W008
SHP001585,2026-03-13,Bangalore,Delhi,FastShip,Textiles,119.78279493481196,1611.0453851147229,232.45514140747363,48.743767268130064,41.12253056147447,7.621236706655594,0,4.106422730396957,W002
SHP001586,2026-02-15,Kolkata,Mumbai,PrimeLogistics,FMCG,88.77728814369313,1234.9636718579209,156.63684444436348,21.24639945571693,32.34355030071992,-11.09715084500299,1,4.847183778796603,W002
SHP001587,2026-06-21,Mumbai,Pune,EcoTrans,FMCG,621.109548885891,1608.9091467914582,351.1590023235011,35.297087333820016,44.65408918186316,-9.35700184804314,1,5.0,W008
SHP001588,2026-04-02,Bangalore,Delhi,FastShip,Textiles,196.74270733356875,1442.8540355370992,267.9730983446185,24.948979917248913,32.479021975005104,-7.530042057756191,1,5.0,W004
SHP001589,2026-04-24,Mumbai,Ahmedabad,FastShip,Pharmaceuticals,28.357807864589844,1656.734129367836,163.0572222869887,48.94401483682362,38.17155020159082,10.7724646352328,0,3.423701581002834,W005
SHP001590,2026-04-24,Mumbai,Hyderabad,FastShip,Electronics,42.168736584462955,762.535340601659,103.6987255714059,21.568869599324625,17.219350672427,4.349518926897623,0,4.342169377411814,W007
SHP001591,2026-02-21,Chennai,Bangalore,GlobalLine,FMCG,195.07978611282306,1575.1436004401796,227.84029535810848,26.047848859230847,40.742970266528076,-14.69512140729723,1,4.76277650425276,W002
SHP001592,2026-01-05,Pune,Mumbai,FastShip,Automotive,1365.9431452314916,1683.0979681294984,1021.4917903973294,46.41661902150585,42.858491406415304,3.558127615090548,0,4.967252076503031,W004
SHP001593,2026-06-24,Delhi,Bangalore,FastShip,FMCG,273.17559017502015,1038.6814471778932,240.1681763334401,18.99353667470738,28.800377481356414,-9.806840806649035,1,5.0,W003
SHP001594,2026-01-12,Pune,Kolkata,FastShip,Automotive,653.1816300472691,1061.8389685726725,446.9926414597244,29.846435783331106,29.252054744370767,0.5943810389603392,1,5.0,W006
SHP001595,2026-05-24,Chennai,Hyderabad,GlobalLine,Textiles,157.8906841164129,790.4457109210406,135.22630866961845,18.250636345268628,19.79287695984405,-1.542240614575423,1,5.0,W007
SHP001596,2026-04-20,Delhi,Bangalore,GlobalLine,Electronics,127.06990513838404,1790.869006191186,213.04495676146624,43.46093174239106,44.50574378479629,-1.0448120424052263,1,5.0,W006
SHP001597,2026-03-24,Bangalore,Mumbai,PrimeLogistics,Automotive,824.5896172793176,344.74484014967743,518.2464572135751,10.360455464878902,8.7994365637521,1.5610189011268023,1,4.844629537294215,W001
SHP001598,2026-04-10,Chennai,Kolkata,GlobalLine,Electronics,71.70851337661334,812.4326432416055,103.38740352591451,24.16530665188941,21.741954515293443,2.423352136595966,0,3.896536319361644,W005
SHP001599,2026-06-16,Hyderabad,Mumbai,FastShip,FMCG,214.92992625104432,1646.727121307407,293.1353790861011,50.30025280712287,45.60977097111362,4.690481836009248,0,4.153686139391804,W007
SHP001600,2026-03-19,Ahmedabad,Mumbai,GlobalLine,Automotive,879.5730644339789,1062.352281970158,481.30350794682374,12.886049031925879,29.551622490246583,-16.665573458320704,1,5.0,W002
SHP001601,2026-06-03,Hyderabad,Pune,PrimeLogistics,FMCG,367.58457125492305,1211.918625842815,295.28681226089594,28.137542505929872,33.2808975700549,-5.143355064125025,1,4.763491166364523,W006
SHP001602,2026-02-14,Hyderabad,Ahmedabad,PrimeLogistics,Electronics,39.96102103993961,1133.1486662454458,111.96563637824865,25.798343818511672,31.266937510511745,-5.4685936920000735,1,4.8953121933440435,W006
SHP001603,2026-01-05,Ahmedabad,Chennai,GlobalLine,Textiles,406.2036475326902,1075.9400764605261,300.4284439311294,14.198638819810503,24.02886606335685,-9.830227243546348,1,5.0,W010
SHP001604,2026-01-04,Chennai,Mumbai,FastShip,Automotive,731.8674361867266,251.79800680358562,496.2319062497377,5.059073574994423,5.678391666587209,-0.6193180915927856,1,5.0,W004
SHP001605,2026-04-20,Chennai,Hyderabad,FastShip,Electronics,58.8609295590435,225.7205712778436,53.748238669826456,5.582779548770384,5.139007989022984,0.44377155974740035,1,5.0,W003
SHP001606,2026-04-06,Ahmedabad,Bangalore,GlobalLine,FMCG,101.46321439113021,1218.642980773518,156.8160724004036,20.376801148103958,31.608478414681446,-11.231677266577488,1,5.0,W007
SHP001607,2026-02-22,Mumbai,Bangalore,PrimeLogistics,Automotive,188.5686720699589,1700.115457116628,239.64351458022202,30.26122759533525,37.46089752142742,-7.19966992609217,1,4.433415752063969,W003
SHP001608,2026-03-13,Hyderabad,Pune,FastShip,Textiles,261.8027527692917,1791.2187589886378,352.6666766285922,40.11075817542147,40.23142574530424,-0.1206675698827695,1,4.510988488238716,W007
SHP001609,2026-06-15,Kolkata,Ahmedabad,FastShip,FMCG,134.86113997600782,1461.9156617288043,225.4608224221239,41.37037313964623,35.01133727812486,6.35903586152137,0,4.637132999751996,W006
SHP001610,2026-03-29,Chennai,Delhi,FastShip,FMCG,250.42598109213785,898.5514941030848,240.1625499758924,22.39701409689961,24.474469186174264,-2.077455089274654,1,5.0,W004
SHP001611,2026-06-05,Pune,Kolkata,EcoTrans,FMCG,488.2012932382038,922.8523868440492,253.5950276604213,20.97974961566763,25.31065902584685,-4.3309094101792205,1,5.0,W008
SHP001612,2026-06-11,Mumbai,Delhi,PrimeLogistics,Electronics,91.19142947725129,1357.1826153633076,163.1783688239549,42.80919915272562,32.46389764598074,10.345301506744882,0,3.397651896946597,W004
SHP001613,2026-01-14,Bangalore,Delhi,GlobalLine,Electronics,129.552418364419,524.4838353662876,97.7872597269997,12.0907561374263,14.291974691929555,-2.2012185545032548,1,4.858511861509625,W003
SHP001614,2026-06-01,Chennai,Delhi,FastShip,Pharmaceuticals,55.68550415576701,1434.552670826811,173.08147877461164,41.354531389958666,38.90182158400224,2.452709805956424,0,3.769574728728657,W008
SHP001615,2026-03-21,Bangalore,Pune,GlobalLine,FMCG,88.30856317177333,1793.7646226571073,175.11548562452714,38.807154799842344,41.071921548579276,-2.264766748736932,1,5.0,W007
SHP001616,2026-02-15,Chennai,Bangalore,EcoTrans,Textiles,307.5741793615327,469.7765832166738,159.10856992340874,15.539391319674788,13.003125998472814,2.5362653212019737,0,4.1592723200197295,W008
SHP001617,2026-06-12,Chennai,Bangalore,PrimeLogistics,Electronics,84.05492497301063,1881.2993748432077,221.8086019320512,65.7378297956795,46.55754560145645,19.180284194223056,0,3.971106200229933,W006
SHP001618,2026-04-12,Pune,Delhi,PrimeLogistics,Pharmaceuticals,47.212667646511555,1225.1613428155147,143.91368619101132,22.31572247643407,29.577026698231858,-7.26130422179779,1,4.656633802216324,W007
SHP001619,2026-05-10,Pune,Ahmedabad,GlobalLine,Pharmaceuticals,42.631731849514544,1355.0115893293237,132.6910128352761,44.04420283775202,36.714465662890206,7.329737174861812,0,4.8126757606614525,W001
SHP001620,2026-04-08,Pune,Ahmedabad,FastShip,Automotive,1048.4164557686586,782.9455497462544,764.311210396785,22.67806896383505,20.506864334540182,2.1712046292948664,0,3.9805270321716075,W010
SHP001621,2026-05-18,Bangalore,Hyderabad,GlobalLine,Automotive,497.1277186963636,1223.3615209261668,333.5999147300671,27.998001503373338,27.298202262272497,0.6997992411008411,1,5.0,W007
SHP001622,2026-04-29,Kolkata,Chennai,EcoTrans,Pharmaceuticals,44.122188272942765,1766.1459705546094,143.7389262030021,64.35383277339189,42.63812320876321,21.715709564628675,0,2.9019674572601195,W009
SHP001623,2026-06-05,Ahmedabad,Mumbai,EcoTrans,FMCG,449.84645798576116,855.9693162070001,271.9862586047288,23.57247700352419,22.440688429412486,1.131788574111706,1,3.425466743060329,W008
SHP001624,2026-02-20,Bangalore,Delhi,FastShip,Electronics,56.68412958310027,1176.286551361305,136.63052141360347,40.80716757523971,29.189546409659645,11.617621165580065,0,3.5443688987820443,W009
SHP001625,2026-04-06,Ahmedabad,Chennai,PrimeLogistics,Pharmaceuticals,20.51860367897687,1855.881103359728,184.21694772101824,54.760534574915965,47.2258100749368,7.534724499979163,0,4.482902036739931,W006
SHP001626,2026-04-09,Ahmedabad,Bangalore,FastShip,Pharmaceuticals,39.87704067841127,1453.5486540985512,159.16361308563538,37.128552788917894,38.196597492797885,-1.0680447038799912,1,4.773654925745233,W001
SHP001627,2026-02-01,Pune,Kolkata,GlobalLine,FMCG,164.32824289867912,143.86241304836335,86.80465021405038,3.423813619638705,3.7300256551761546,-0.3062120355374498,1,5.0,W007
SHP001628,2026-03-07,Hyderabad,Kolkata,PrimeLogistics,Automotive,336.00913120449854,1880.5754369487317,326.9688967813626,45.6423021754573,49.47017958553708,-3.827877410079779,1,5.0,W001
SHP001629,2026-06-16,Pune,Chennai,GlobalLine,FMCG,391.15136519101844,163.46571249712545,191.5886518189591,3.936154531294332,3.6444290512135744,0.2917254800807574,1,5.0,W008
SHP001630,2026-01-09,Hyderabad,Pune,FastShip,FMCG,93.95745819605877,1111.4606831137949,155.49716578336088,27.0872785501011,30.53135961806763,-3.444081067966529,1,4.934599703136522,W005
SHP001631,2026-06-04,Ahmedabad,Hyderabad,GlobalLine,Automotive,1340.3854007128157,875.6214629176409,706.7601453152679,10.57324005895855,19.953608920630483,-9.380368861671933,1,4.465110478445425,W004
SHP001632,2026-06-04,Bangalore,Mumbai,FastShip,Electronics,46.48977428027454,1274.2712968862184,156.78693551676628,32.04848056746217,31.031280433888043,1.0172001335741285,1,5.0,W007
SHP001633,2026-04-12,Delhi,Hyderabad,GlobalLine,Pharmaceuticals,83.02245106478186,1910.327311673429,205.78591649522753,35.11661579031173,42.485829913336254,-7.369214123024527,1,4.820433488851461,W003
SHP001634,2026-04-20,Kolkata,Pune,EcoTrans,Textiles,70.60940953924943,697.5833871973,80.5453612762421,21.71567758834659,18.805184312127235,2.9104932762193556,0,4.521196182058314,W009
SHP001635,2026-06-18,Pune,Kolkata,EcoTrans,Pharmaceuticals,28.11134957515162,1494.8366329482405,104.60112008513178,52.64770686306805,39.96595355495286,12.68175330811519,0,2.8120421452774296,W002
SHP001636,2026-01-28,Hyderabad,Ahmedabad,GlobalLine,Automotive,1334.304691023465,1345.9768733899423,796.776794134931,30.7997781479168,31.303272881025105,-0.5034947331083046,1,4.772414108023118,W004
SHP001637,2026-04-12,Kolkata,Mumbai,GlobalLine,Pharmaceuticals,54.86433173866612,1863.6119117304295,177.53806467507428,51.74469203160306,49.428244966799184,2.3164470648038744,0,5.0,W001
SHP001638,2026-01-25,Delhi,Ahmedabad,PrimeLogistics,Textiles,161.10403510599343,489.1228973844172,128.25516786157027,11.538602525717677,12.621996360749392,-1.0833938350317158,1,5.0,W007
SHP001639,2026-06-17,Kolkata,Pune,PrimeLogistics,FMCG,663.1039874032614,1573.7438071194636,481.8761546950428,36.0659434052602,37.68149610476358,-1.6155526995033824,1,5.0,W003
SHP001640,2026-04-06,Bangalore,Pune,GlobalLine,FMCG,1008.7036917763186,408.2361850833442,516.5968046490711,13.085212928791718,11.185630509384065,1.8995824194076523,1,4.454973454640544,W008
SHP001641,2026-02-16,Delhi,Kolkata,GlobalLine,FMCG,93.10882157464977,1738.5682693568692,198.7931141834082,34.403091001798124,38.481140144787176,-4.078049142989052,1,4.2037585138608975,W004
SHP001642,2026-01-16,Bangalore,Ahmedabad,GlobalLine,Automotive,2749.9211706302594,889.7559028508534,1542.1766066954513,27.895586526564262,21.228720456647043,6.666866069917219,0,4.927170085077505,W007
SHP001643,2026-04-23,Delhi,Ahmedabad,GlobalLine,Electronics,66.78530991188707,1686.1171359018867,177.09344956334652,28.7646027706828,40.42394220876211,-11.659339438079307,1,4.642368740342411,W005
SHP001644,2026-01-22,Pune,Mumbai,EcoTrans,Electronics,103.2489993663369,496.61717655739557,77.43058376758569,12.543742595979241,11.181754086297433,1.361988509681808,1,5.0,W006
SHP001645,2026-01-08,Chennai,Kolkata,PrimeLogistics,Electronics,107.93882954650226,1886.7626072981525,227.85890768309466,52.29810951665772,48.303597549896296,3.994511966761422,0,4.6199533035512585,W001
SHP001646,2026-01-16,Kolkata,Ahmedabad,FastShip,Textiles,209.46592638999513,158.49448083541853,147.2015656003835,4.761902811689712,4.347949320017478,0.41395349167223383,1,5.0,W001
SHP001647,2026-01-25,Chennai,Hyderabad,FastShip,Pharmaceuticals,40.63695432886961,638.4556196841282,88.07433055126933,13.7170462164838,16.37366775310482,-2.656621536621019,1,4.799254159196256,W010
SHP001648,2026-05-14,Kolkata,Chennai,PrimeLogistics,Automotive,783.3792444789411,1281.0961982821057,503.17657784198656,26.54531196475316,30.222449628125798,-3.677137663372637,1,5.0,W010
SHP001649,2026-04-20,Hyderabad,Bangalore,EcoTrans,Automotive,1790.5642955001326,531.583268790198,779.5408400155053,13.56397409080534,13.629128753624375,-0.06515466281903493,1,5.0,W004
SHP001650,2026-04-03,Pune,Chennai,FastShip,Automotive,1290.1459840905945,1839.3986763896787,1003.2685397300464,42.232048742031445,42.98671951222504,-0.7546707701935915,1,4.8564452475688284,W006
SHP001651,2026-01-26,Mumbai,Kolkata,PrimeLogistics,FMCG,429.96852570243874,1356.1481149688618,323.3705815761048,29.84993620932049,36.64252898869365,-6.792592779373159,1,4.78954953071253,W001
SHP001652,2026-06-04,Delhi,Ahmedabad,EcoTrans,FMCG,129.8439538831633,1369.0740973659106,146.18755241423867,32.475193873238,33.74456434383154,-1.2693704705935431,1,4.668417704936909,W006
SHP001653,2026-04-26,Ahmedabad,Kolkata,PrimeLogistics,FMCG,375.14078929617773,885.6445604204064,279.9197933528751,23.987505712126296,23.217847577565777,0.7696581345605189,1,5.0,W001
SHP001654,2026-06-13,Hyderabad,Mumbai,EcoTrans,Electronics,87.24092615945705,1258.4177818106732,113.0975011582934,32.78604120256215,32.42489141977208,0.36114978279007204,1,4.28082798125415,W006
SHP001655,2026-06-23,Ahmedabad,Delhi,PrimeLogistics,Pharmaceuticals,55.80126694313577,978.7391206236325,111.66664368070239,23.356920922873066,22.888595456999578,0.46832546587348745,1,4.914585065807019,W010
SHP001656,2026-01-21,Hyderabad,Chennai,PrimeLogistics,Electronics,104.93367798574118,909.150265677973,129.1023209893434,11.162540401268211,24.219603286034413,-13.057062884766202,1,4.814371314664803,W007
SHP001657,2026-03-17,Chennai,Pune,GlobalLine,Textiles,320.5429893377916,1152.1705131594324,263.4450715712936,28.4971900494257,31.548999255061474,-3.0518092056357737,1,4.855695984999235,W010
SHP001658,2026-05-10,Mumbai,Bangalore,PrimeLogistics,Electronics,140.8211121994184,1909.657399978132,222.17272970212147,42.82917156690558,46.330223705535495,-3.501052138629916,1,5.0,W005
SHP001659,2026-06-22,Ahmedabad,Delhi,PrimeLogistics,Electronics,62.89849883597298,1263.3954312091523,143.9750893876769,24.3458304246394,33.30362031829741,-8.957789893658013,1,5.0,W008
SHP001660,2026-06-19,Chennai,Delhi,GlobalLine,FMCG,504.5218392619441,488.48676837539347,316.55135816792887,8.70878208072267,11.521916518017651,-2.8131344372949805,1,5.0,W002
SHP001661,2026-01-28,Pune,Hyderabad,FastShip,FMCG,256.7967638921073,635.1407184004813,219.53494131604862,13.815356299006117,17.085584906137473,-3.270228607131356,1,4.603416470561826,W006
SHP001662,2026-04-09,Kolkata,Delhi,EcoTrans,Pharmaceuticals,51.8168855057575,566.0899461733618,66.15388799247457,11.78600448937997,12.48195353717074,-0.695949047790771,1,5.0,W002
SHP001663,2026-06-20,Bangalore,Hyderabad,PrimeLogistics,Electronics,93.03822372673054,936.6683703971794,139.13201295842234,26.50096590516071,23.90941022539584,2.5915556797648733,0,5.0,W006
SHP001664,2026-02-27,Delhi,Pune,EcoTrans,Pharmaceuticals,17.178824782820122,1488.3430802894839,98.57623584918458,23.912173981076336,32.843558217256906,-8.93138423618057,1,4.938053818382399,W007
SHP001665,2026-06-17,Pune,Ahmedabad,GlobalLine,FMCG,169.26592559590318,922.4171029117748,148.84695418389018,27.078015505242366,23.328760105027264,3.7492554002151017,0,4.843786702839957,W005
SHP001666,2026-01-30,Kolkata,Mumbai,FastShip,Electronics,69.00398923545124,229.05978802336986,58.42422296334958,6.638057742132221,5.738693854181833,0.899363887950388,1,4.885680785283403,W006
SHP001667,2026-06-01,Chennai,Pune,FastShip,Textiles,119.72255661945096,776.739215224,159.49126659515542,31.045614342391804,19.898080237153867,11.147534105237938,0,3.15380462060649,W006
SHP001668,2026-02-02,Hyderabad,Chennai,FastShip,Automotive,1476.9792651801085,188.72585398171483,984.8225142803312,3.3939398968223213,4.507228515495517,-1.1132886186731956,1,4.926403624615994,W001
SHP001669,2026-06-01,Chennai,Ahmedabad,PrimeLogistics,Pharmaceuticals,33.75023118308155,1784.471813999189,183.66558473308558,42.91694601712474,41.02147656027096,1.8954694568537747,1,3.9038040181314724,W006
SHP001670,2026-04-04,Bangalore,Hyderabad,GlobalLine,Electronics,138.09803510276703,438.64288793200853,111.62152766009599,7.59776137511725,10.712157884386457,-3.1143965092692065,1,4.82129247591465,W007
SHP001671,2026-01-03,Ahmedabad,Bangalore,GlobalLine,Automotive,2127.7894912931856,789.9445499303082,1228.889909459592,20.224841458562487,21.86396944334807,-1.6391279847855813,1,4.8634893912920365,W004
SHP001672,2026-05-08,Ahmedabad,Delhi,EcoTrans,FMCG,276.52967263920067,1739.0807336305893,230.72557887076323,44.69347156280475,38.305416389778706,6.388055173026046,0,3.5886662789941774,W001
SHP001673,2026-06-03,Hyderabad,Bangalore,FastShip,Automotive,846.7570923942637,310.02859239179713,583.2187212652794,8.827194554218508,8.217893859540125,0.6093006946783834,1,5.0,W010
SHP001674,2026-05-03,Chennai,Kolkata,EcoTrans,Pharmaceuticals,44.21717961778972,914.8232864826131,85.18728264737553,26.697097895628072,22.16691650902851,4.530181386599562,0,4.090252571523932,W001
SHP001675,2026-03-27,Bangalore,Ahmedabad,GlobalLine,FMCG,398.14196407698313,764.0218463853919,282.13881150094664,20.81522245210215,21.08530323426647,-0.2700807821643174,1,5.0,W001
SHP001676,2026-02-15,Ahmedabad,Hyderabad,PrimeLogistics,Automotive,698.9035197032142,922.8415597746738,504.4874796548076,21.510659917824544,22.79487463014969,-1.284214712325145,1,5.0,W003
SHP001677,2026-01-06,Pune,Bangalore,PrimeLogistics,Pharmaceuticals,27.86240911885661,908.3192690870566,100.12392200180793,19.706203069241127,23.28061245490413,-3.574409385663003,1,4.438757838138567,W006
SHP001678,2026-04-11,Pune,Mumbai,EcoTrans,Automotive,2157.3363072825828,1014.7271573194505,896.0360260095503,27.169577187470356,27.301431527798027,-0.13185434032767063,1,5.0,W004
SHP001679,2026-06-29,Pune,Mumbai,GlobalLine,Automotive,2472.0046184158846,1596.9429672125334,1296.6292292628932,59.30684377229519,42.449604981107925,16.857238791187264,0,2.75688919036265,W010
SHP001680,2026-01-14,Kolkata,Chennai,GlobalLine,Textiles,354.5318751110517,1136.4274813082277,249.2613044544022,26.664585524719154,28.08724502139386,-1.4226594966747044,1,5.0,W003
SHP001681,2026-04-24,Ahmedabad,Bangalore,GlobalLine,FMCG,397.69110844424915,464.56575489447783,239.8392047899643,14.969131832409474,11.630821771321747,3.3383100610877268,0,4.1936145608347175,W004
SHP001682,2026-02-20,Mumbai,Chennai,FastShip,FMCG,284.71162610777003,891.7464613097367,234.522931047736,11.581298938746151,20.146883861244746,-8.565584922498594,1,4.632628393263645,W007
SHP001683,2026-04-20,Bangalore,Mumbai,FastShip,Automotive,952.9745843001203,1539.9304319369903,723.9714053675906,47.106617577046045,40.383927189612,6.722690387434042,0,4.963397681049146,W008
SHP001684,2026-02-15,Mumbai,Delhi,EcoTrans,Textiles,207.9230947371699,793.5868176046156,130.95073766517143,20.6046775258441,20.666802082289244,-0.06212455644514492,1,4.88022207053145,W007
SHP001685,2026-02-08,Pune,Delhi,FastShip,Electronics,128.2558488081593,1960.8977589619192,263.311626473995,37.19728781343988,52.75793369222095,-15.560645878781074,1,4.053003203578892,W004
SHP001686,2026-04-12,Ahmedabad,Bangalore,GlobalLine,Pharmaceuticals,150.84280876678628,1867.8046370396778,242.38221096997646,54.92899672296983,49.89803253086912,5.030964192100704,0,3.5840745829576255,W002
SHP001687,2026-04-29,Pune,Bangalore,PrimeLogistics,Automotive,884.1828335326694,1020.0048249436022,614.2699605489468,17.561021239479242,27.923825684266177,-10.362804444786935,1,4.858595002478727,W001
SHP001688,2026-01-31,Delhi,Mumbai,FastShip,Pharmaceuticals,35.82285671389477,1737.3702955997737,176.01581808505782,43.91232981797631,44.70478201178954,-0.792452193813233,1,4.832416513386808,W009
SHP001689,2026-02-27,Mumbai,Hyderabad,PrimeLogistics,Automotive,322.00248133684164,1819.667434437702,362.14276693014983,35.27162665704652,42.62787971764219,-7.3562530605956695,1,5.0,W002
SHP001690,2026-06-01,Bangalore,Kolkata,PrimeLogistics,Pharmaceuticals,27.64166290780028,739.1005525790486,83.0055030451916,18.045546729202893,16.402650533489624,1.64289619571327,1,4.441672253476837,W005
SHP001691,2026-05-27,Bangalore,Mumbai,EcoTrans,Electronics,126.16819515873007,211.32268664925732,64.12246851278152,5.372378835327967,5.915209713229749,-0.5428308779017819,1,5.0,W009
SHP001692,2026-02-17,Pune,Ahmedabad,FastShip,Pharmaceuticals,29.01031370548021,447.059792828326,61.64947107390813,14.501851825104454,11.782992413202907,2.7188594119015477,0,4.467798755528696,W009
SHP001693,2026-05-18,Ahmedabad,Mumbai,FastShip,FMCG,126.97792538604764,1159.5205473520014,190.3792707292302,36.5932784051821,26.661101480886824,9.932176924295273,0,3.158237317100192,W002
SHP001694,2026-02-16,Bangalore,Mumbai,PrimeLogistics,Automotive,522.0267040359433,861.7151729003396,381.8994114474289,20.69283994067081,21.452597807134662,-0.7597578664638505,1,5.0,W002
SHP001695,2026-01-11,Bangalore,Hyderabad,GlobalLine,FMCG,755.9258365581077,1137.4467273094256,473.36950773644634,22.82307900911622,25.387857563873748,-2.5647785547575275,1,4.2401055983240035,W002
SHP001696,2026-05-24,Kolkata,Ahmedabad,FastShip,Electronics,71.76165760758506,1998.7367333791192,225.93087303873824,38.798421919900605,54.57946242217484,-15.781040502274237,1,5.0,W002
SHP001697,2026-05-10,Kolkata,Bangalore,GlobalLine,Pharmaceuticals,59.453306727245824,1778.3997662587326,160.31627669980472,44.410134964852304,42.748175627406226,1.6619593374460777,1,4.67928992834687,W001
SHP001698,2026-03-05,Kolkata,Mumbai,EcoTrans,Textiles,185.64677775903604,1236.6517437186035,174.55877926630203,35.54332038257283,30.03758615418599,5.505734228386839,0,5.0,W008
SHP001699,2026-02-05,Ahmedabad,Hyderabad,EcoTrans,Textiles,119.5972598129623,1447.715320274338,159.8589123314776,34.56348536099548,37.80726938280715,-3.2437840218116705,1,5.0,W006
SHP001700,2026-06-05,Chennai,Pune,FastShip,Electronics,69.75015887110602,1537.3075897967835,174.6779005449854,60.752300035827616,41.553465542000666,19.19883449382695,0,3.3501254514788754,W004
SHP001701,2026-01-10,Chennai,Delhi,EcoTrans,FMCG,626.3351188881264,1821.8830498019495,390.5775659999351,42.80877331663005,46.57576211733919,-3.766988800709136,1,5.0,W003
SHP001702,2026-06-04,Chennai,Hyderabad,EcoTrans,Automotive,1573.4503056700817,330.8712221215657,734.0805730270915,3.7220874130777992,8.234609455260893,-4.512522042183093,1,4.2888827492465635,W003
SHP001703,2026-06-09,Pune,Mumbai,EcoTrans,Automotive,1759.6606028065798,1141.587168305088,900.3018163629924,26.44275725957902,26.349819100809118,0.09293815876990408,1,5.0,W007
SHP001704,2026-06-16,Bangalore,Kolkata,PrimeLogistics,Electronics,135.43821197918516,1390.3447795362376,201.0507025384208,37.45341772759901,35.29929215938834,2.1541255682106737,0,4.921542986602522,W005
SHP001705,2026-06-23,Pune,Hyderabad,GlobalLine,Textiles,91.6388501091925,1752.5602792264592,183.4952402948126,40.80497334810941,47.05657322578065,-6.2515998776712465,1,4.527114176963361,W004
SHP001706,2026-01-19,Kolkata,Pune,GlobalLine,Automotive,1083.782472674975,1533.3143154973284,634.7942421134945,35.47034410773626,37.814404266612314,-2.3440601588760543,1,4.760015926925637,W010
SHP001707,2026-06-18,Bangalore,Kolkata,GlobalLine,Automotive,760.933204747171,1329.603166141219,527.478346625057,38.288490434564594,34.67474830450513,3.613742130059464,0,4.617550521153319,W007
SHP001708,2026-04-08,Mumbai,Hyderabad,GlobalLine,Electronics,102.12535774379619,576.3904694039035,104.8416935149566,20.449288764442507,15.153670688726056,5.295618075716451,0,5.0,W005
SHP001709,2026-02-01,Delhi,Pune,PrimeLogistics,Electronics,76.60799228136196,1590.4389299343852,188.60150822505463,38.494107062376465,39.50145621438633,-1.0073491520098656,1,4.855041457068069,W006
SHP001710,2026-06-13,Delhi,Chennai,EcoTrans,Automotive,1791.658983704036,659.2113140393483,866.3971887995433,12.805666621831831,17.654948583866517,-4.849281962034686,1,5.0,W003
SHP001711,2026-02-27,Kolkata,Mumbai,FastShip,Pharmaceuticals,47.04487961190937,831.5783518967821,115.33020383049832,16.405014446593455,23.034495867948603,-6.629481421355148,1,4.759611719247698,W004
SHP001712,2026-04-07,Delhi,Ahmedabad,FastShip,FMCG,680.3267678905522,1598.5042155397057,544.9648353551886,35.89511064249495,36.76975391013605,-0.8746432676411047,1,4.805760046614259,W009
SHP001713,2026-03-20,Ahmedabad,Mumbai,EcoTrans,Textiles,176.1684837032722,492.3750133665896,118.53441479703157,11.816684587171473,10.906118696459153,0.91056589071232,1,4.576043475877883,W005
SHP001714,2026-05-22,Kolkata,Hyderabad,FastShip,Electronics,171.0625882161025,171.22711805235275,129.02535352726977,2.2394945877626724,3.9104599197111725,-1.6709653319485,1,5.0,W003
SHP001715,2026-03-23,Pune,Delhi,EcoTrans,Textiles,187.69905197503098,751.4949735630614,128.73708183576102,29.06339657971463,20.721482233331194,8.341914346383437,0,4.293012004734982,W009
SHP001716,2026-06-02,Pune,Chennai,GlobalLine,Automotive,1532.8614019457204,1780.8965171012067,876.1179534210413,59.87589992598675,43.252021004164185,16.623878921822566,0,4.044667303121134,W001
SHP001717,2026-06-25,Bangalore,Pune,GlobalLine,FMCG,74.44875510518226,1973.7425920565208,207.65555638799248,43.00918850962265,48.57357068488031,-5.564382175257656,1,4.530503401885416,W007
SHP001718,2026-05-26,Kolkata,Mumbai,EcoTrans,FMCG,577.2582898143083,290.3217198509268,257.25323223929155,8.954412812995285,7.089028375030195,1.8653844379650897,1,3.8919931030796526,W010
SHP001719,2026-04-18,Ahmedabad,Delhi,PrimeLogistics,Automotive,1298.3146639449694,1905.5396953239226,969.7161801194542,56.40754449725289,46.17343856237596,10.234105934876936,0,4.362704373253952,W008
SHP001720,2026-05-09,Kolkata,Bangalore,PrimeLogistics,Textiles,158.01019010742104,1997.361711371163,269.48409682658166,45.219329272488224,53.47105945594468,-8.25173018345646,1,5.0,W004
SHP001721,2026-03-20,Delhi,Chennai,PrimeLogistics,Automotive,2540.985507833649,1407.4163648960055,1375.6949052327911,36.0804009173169,33.80647043906998,2.2739304782469176,0,4.566877636780064,W002
SHP001722,2026-06-12,Delhi,Mumbai,GlobalLine,Electronics,76.36520804069538,1820.4300072335188,166.7916269106031,52.41499300955822,42.45025102913808,9.964741980420143,0,3.238638761903318,W003
SHP001723,2026-05-28,Mumbai,Delhi,EcoTrans,Textiles,92.9730603140094,412.05802772399346,63.978506715822704,10.77379631753849,10.30770481103721,0.4660915065012805,1,4.6056166821039355,W008
SHP001724,2026-01-03,Pune,Hyderabad,GlobalLine,Pharmaceuticals,35.72411734428604,1485.6061710896033,132.03082132174174,43.672157997425266,38.5082989051982,5.163859092227064,0,3.6480405083796192,W008
SHP001725,2026-05-12,Delhi,Kolkata,FastShip,Textiles,129.05783041274094,982.1061985432854,186.38752051485753,18.7573416580059,26.91788208410745,-8.160540426101552,1,4.510373833497816,W004
SHP001726,2026-01-02,Pune,Hyderabad,EcoTrans,FMCG,328.94074353490635,756.6036593625251,177.7996853836475,26.02626965467033,19.5326632671457,6.493606387524629,0,3.5128491364354897,W009
SHP001727,2026-06-25,Mumbai,Hyderabad,PrimeLogistics,FMCG,204.11288395468685,491.67770453231174,152.50478360329674,15.670488984659258,11.040997376894016,4.629491607765242,0,4.004031657780779,W009
SHP001728,2026-02-27,Bangalore,Mumbai,EcoTrans,FMCG,548.9889618212218,691.6707255852682,259.1076495768961,31.820006508305937,18.805112343004716,13.014894165301222,0,3.57273463337781,W009
SHP001729,2026-04-01,Mumbai,Kolkata,PrimeLogistics,Pharmaceuticals,16.918121821088352,465.80683933246496,52.76180668000385,14.56224860381212,10.6028525296161,3.95939607419602,0,4.758701694187194,W003
SHP001730,2026-04-06,Delhi,Chennai,GlobalLine,Textiles,146.63413656511307,496.79033885876925,108.69102942932031,17.86219742710675,12.345917941093658,5.516279486013092,0,4.231376820290712,W002
SHP001731,2026-03-16,Kolkata,Chennai,EcoTrans,Automotive,3110.7915456998085,1456.7032282453688,1362.1968643860275,46.007808843242984,34.86473487662274,11.143073966620243,0,2.98018103189698,W004
SHP001732,2026-01-01,Pune,Delhi,EcoTrans,Textiles,146.6198177430278,1971.3819510446406,208.70130696234858,40.07541330242275,45.31798660647901,-5.242573304056258,1,4.846475829537449,W001
SHP001733,2026-04-29,Ahmedabad,Mumbai,EcoTrans,Electronics,177.89988262635393,1499.825419735132,167.49426405677679,37.56357290303999,36.589434279785706,0.9741386232542837,1,5.0,W010
SHP001734,2026-04-28,Hyderabad,Bangalore,EcoTrans,Electronics,102.20790516655448,1694.3310459017132,171.65346809920328,35.316105877048116,42.452263237267786,-7.13615736021967,1,5.0,W001
SHP001735,2026-03-31,Bangalore,Kolkata,EcoTrans,Electronics,45.87673963480594,920.2620815505611,84.27588667034689,23.869608321096237,21.66473227870361,2.204876042392627,0,4.638220704202245,W002
SHP001736,2026-04-21,Ahmedabad,Delhi,FastShip,Textiles,158.87417351242055,520.3208769463685,159.41921335352401,12.805459575019887,12.402387482899668,0.4030720921202189,1,4.4281746543611185,W009
SHP001737,2026-02-09,Pune,Mumbai,PrimeLogistics,Electronics,123.97272748523793,662.5559693573556,128.0486901116698,21.105593482403144,17.418023883485315,3.687569598917829,0,5.0,W003
SHP001738,2026-06-18,Kolkata,Delhi,PrimeLogistics,Pharmaceuticals,59.55650082175373,1754.5398070736742,201.00903870503618,66.18708757750281,44.694479191119996,21.492608386382813,0,2.3742189296792935,W006
SHP001739,2026-03-18,Hyderabad,Chennai,GlobalLine,Textiles,336.46840093445553,527.5767581839789,209.46369692233372,11.767152610227322,12.02637234092524,-0.25921973069791804,1,4.408229314594538,W005
SHP001740,2026-01-28,Ahmedabad,Hyderabad,PrimeLogistics,FMCG,262.90968952097506,790.8927226651983,208.77812399900006,19.630957508754005,22.112589197776185,-2.48163168902218,1,4.796944821488299,W003
SHP001741,2026-04-01,Pune,Mumbai,EcoTrans,FMCG,350.94799288088973,1182.4388008672788,216.77660342442147,18.71325006058891,31.38161447262772,-12.668364412038812,1,5.0,W002
SHP001742,2026-02-18,Kolkata,Mumbai,GlobalLine,Pharmaceuticals,33.36554856118721,1347.7731422677882,122.91971151660402,30.862797643354902,36.038742213791835,-5.175944570436933,1,5.0,W007
SHP001743,2026-03-26,Mumbai,Bangalore,GlobalLine,Pharmaceuticals,44.80938993580587,413.00797289021665,50.36820829843456,9.733122551329236,10.211346213810666,-0.47822366248142956,1,5.0,W005
SHP001744,2026-01-31,Pune,Chennai,PrimeLogistics,FMCG,497.77174148948797,1847.1081949343818,439.21720160932483,56.32242672425166,41.74536193780017,14.577064786451494,0,3.764777679042939,W006
SHP001745,2026-04-13,Pune,Delhi,FastShip,Electronics,101.99967486014631,1784.7953446972183,240.47737290084683,47.76866872974362,49.781941043169404,-2.0132723134257873,1,4.714274697672874,W001
SHP001746,2026-02-02,Bangalore,Chennai,FastShip,FMCG,591.278934565254,1949.7004484907784,518.9536596595768,57.6241216915117,53.29667678015419,4.327444911357503,0,4.807225379438389,W001
SHP001747,2026-06-23,Hyderabad,Chennai,FastShip,Pharmaceuticals,24.42810451044876,1110.7462955433466,117.81471340649968,30.965921524099976,29.71613131101551,1.2497902130844665,1,5.0,W008
SHP001748,2026-03-16,Kolkata,Chennai,FastShip,Pharmaceuticals,39.365860834543,128.17730862024496,38.14541618793537,3.1918597920065492,3.5416380309158857,-0.34977823890933646,1,5.0,W004
SHP001749,2026-06-08,Bangalore,Pune,GlobalLine,FMCG,778.1796423739668,1975.1360570146032,535.9445754674535,64.13470082321798,47.386353679426115,16.748347143791868,0,3.8862314467360513,W005
SHP001750,2026-01-30,Kolkata,Pune,GlobalLine,Pharmaceuticals,43.38581636293701,1879.8705040937036,182.51502431511358,57.42588169473971,46.169702076204885,11.256179618534823,0,4.0590139269714705,W004
SHP001751,2026-05-02,Delhi,Pune,GlobalLine,FMCG,134.16704791590132,422.4745355209586,90.7965208211784,10.976374510741733,11.115063361400427,-0.13868885065869385,1,4.8533300676806315,W010
SHP001752,2026-06-11,Bangalore,Delhi,FastShip,FMCG,253.5031923366968,665.9650298933074,218.64338555440727,14.618177797237742,16.24138443807598,-1.6232066408382373,1,5.0,W007
SHP001753,2026-01-10,Kolkata,Delhi,GlobalLine,Pharmaceuticals,36.51477751501518,740.2330969089767,74.31212223775056,12.157558606945175,16.58282654715232,-4.425267940207144,1,5.0,W001
SHP001754,2026-06-07,Chennai,Mumbai,FastShip,Pharmaceuticals,47.3018215103895,331.07449795733385,54.9305084228645,7.386008219281272,9.2201715625302,-1.834163343248929,1,5.0,W007
SHP001755,2026-05-15,Kolkata,Pune,GlobalLine,FMCG,613.3131872558173,1581.9281845386806,431.2940901536563,46.74047878767954,38.88268196660051,7.8577968210790345,0,3.570730035751716,W006
SHP001756,2026-04-20,Ahmedabad,Mumbai,PrimeLogistics,Electronics,125.63543521016099,1847.2464969007297,250.88157203477348,59.819620679522174,51.603024826305735,8.21659585321644,0,3.9407777754560542,W005
SHP001757,2026-01-29,Kolkata,Bangalore,EcoTrans,Automotive,751.9250639304009,287.0313431018825,371.59926754479727,7.916253848057459,6.8244994959259735,1.0917543521314856,1,4.8765341889813145,W007
SHP001758,2026-03-05,Hyderabad,Mumbai,GlobalLine,Electronics,82.17747820957989,553.5578994766208,88.6148491296875,9.846872654761917,14.056709388967509,-4.209836734205592,1,4.786714373584713,W001
SHP001759,2026-01-14,Hyderabad,Delhi,EcoTrans,Pharmaceuticals,31.27599480179448,277.5205470007486,32.06297696367394,8.377428605196286,6.256708804196769,2.1207198009995167,0,4.608078601913384,W005
SHP001760,2026-06-05,Delhi,Kolkata,GlobalLine,Automotive,762.7468554433564,1733.1026399702305,564.1831799131896,32.41929181351827,46.72019479135238,-14.300902977834106,1,4.553613346361924,W008
SHP001761,2026-04-04,Hyderabad,Bangalore,FastShip,Electronics,238.99888571621943,1987.4082975043323,309.56541232530435,48.56691340614045,44.31076251225822,4.256150893882229,0,5.0,W001
SHP001762,2026-06-24,Bangalore,Chennai,EcoTrans,Automotive,1567.6331372014104,1708.0626817462041,810.3180486251325,57.63986769236369,47.35449175528897,10.285375937074718,0,3.983014579292894,W010
SHP001763,2026-05-16,Hyderabad,Delhi,EcoTrans,FMCG,184.16310251235944,1141.428123465455,154.42155838917228,26.357727192308023,31.122807060551203,-4.7650798682431805,1,4.8659386454910765,W010
SHP001764,2026-04-09,Delhi,Mumbai,GlobalLine,Textiles,157.29260727726944,1528.4179945855462,184.6447073482889,50.66826018823394,36.56676849536275,14.101491692871186,0,2.879912248577417,W002
SHP001765,2026-01-11,Chennai,Delhi,PrimeLogistics,Electronics,106.34366174985797,950.3302473859211,153.97134037860073,22.93541367051743,23.57505102709925,-0.6396373565818188,1,4.653592695974954,W002
SHP001766,2026-05-20,Hyderabad,Bangalore,PrimeLogistics,FMCG,255.06024377472158,107.11567995144114,150.6721689146656,3.2950321755712904,2.4254139336477727,0.8696182419235177,1,4.043325553691509,W009
SHP001767,2026-02-09,Mumbai,Bangalore,GlobalLine,Pharmaceuticals,26.53655441881478,1571.971082957749,151.4490785188971,30.621308478464783,35.5307004197057,-4.909391941240919,1,5.0,W009
SHP001768,2026-03-06,Hyderabad,Bangalore,PrimeLogistics,Electronics,92.40812500156458,702.1960484076124,116.09324626447331,18.854986369628403,15.785504390368757,3.0694819792596455,0,4.326902027205491,W007
SHP001769,2026-01-18,Ahmedabad,Chennai,FastShip,FMCG,529.2177457691114,914.6276758485732,435.31447632733375,22.881288504000388,22.585571278710407,0.29571722528998023,1,5.0,W010
SHP001770,2026-03-12,Bangalore,Chennai,FastShip,Textiles,166.1322311454419,1710.4616110097336,248.61431059674058,59.820372123354424,44.037104030184125,15.7832680931703,0,2.491841670408071,W001
SHP001771,2026-06-27,Chennai,Pune,PrimeLogistics,Pharmaceuticals,27.790311278037393,1523.3196001491542,151.2833490701293,36.72043352405597,37.6067211893138,-0.8862876652578322,1,5.0,W009
SHP001772,2026-05-12,Delhi,Bangalore,PrimeLogistics,Textiles,73.5418834472074,743.4912484683588,111.31750572148545,19.349562040087594,18.7830886869402,0.5664733531473942,1,5.0,W007
SHP001773,2026-05-24,Pune,Chennai,EcoTrans,FMCG,470.07268981078056,1158.7161853670834,262.2403246642309,26.581077679297575,29.82656762467018,-3.2454899453726043,1,5.0,W003
SHP001774,2026-01-01,Bangalore,Hyderabad,GlobalLine,Textiles,159.55829243670533,961.2695034284313,163.77650488611116,22.83460768535955,21.698945332669016,1.1356623526905345,1,4.863911705725484,W001
SHP001775,2026-05-12,Ahmedabad,Kolkata,EcoTrans,Automotive,806.6344681555888,627.7516940067846,372.3853327908405,17.855493778483147,16.260145762097387,1.5953480163857598,1,5.0,W004
SHP001776,2026-03-17,Kolkata,Hyderabad,FastShip,FMCG,544.4527522630196,1068.7607069821652,455.95803223548006,27.470607973994642,26.315526838013366,1.155081135981277,1,4.372116511363678,W004
SHP001777,2026-01-12,Chennai,Bangalore,FastShip,FMCG,1003.6606128114133,1868.067851367588,770.3304176130953,55.91080030364658,44.81189315262924,11.098907151017343,0,3.6877717258011713,W005
SHP001778,2026-02-04,Kolkata,Ahmedabad,FastShip,FMCG,101.12093586212677,888.6484451148182,135.73761231677366,30.69371769993594,24.657253709371474,6.036463990564467,0,4.271525831834094,W004
SHP001779,2026-05-17,Delhi,Mumbai,EcoTrans,Textiles,217.72062171302068,145.52663173611265,107.83974145893366,2.4600713156328156,3.7088165558373327,-1.2487452402045172,1,4.742678595949394,W006
SHP001780,2026-03-25,Delhi,Pune,EcoTrans,FMCG,361.07810342124964,500.97282739636927,171.5596812436544,14.950287133354916,11.889831532701262,3.060455600653654,0,5.0,W007
SHP001781,2026-06-06,Kolkata,Bangalore,FastShip,Electronics,161.793048528083,618.7547117841328,148.48057809744256,21.788687747716022,14.121441609154335,7.667246138561687,0,4.408526134554884,W006
SHP001782,2026-02-26,Kolkata,Delhi,EcoTrans,Electronics,169.80278584554645,454.37092375771357,96.40982660014782,14.880149514276097,12.37625227910251,2.5038972351735875,0,5.0,W009
SHP001783,2026-06-18,Delhi,Pune,PrimeLogistics,Automotive,375.3160935514092,1960.956449914365,401.5180665897169,39.72328806433162,46.6916973824714,-6.968409318139784,1,5.0,W010
SHP001784,2026-05-22,Chennai,Ahmedabad,PrimeLogistics,FMCG,476.45793791600113,664.453044768197,315.81542311441444,16.62124743149143,15.359310982751559,1.2619364487398705,1,4.586896398170953,W006
SHP001785,2026-03-10,Chennai,Hyderabad,PrimeLogistics,FMCG,529.7888265107835,1991.6565518774096,427.13558961328005,42.43371507074355,49.46918517814962,-7.03547010740607,1,5.0,W008
SHP001786,2026-03-01,Pune,Bangalore,GlobalLine,Pharmaceuticals,46.6774084774542,1543.99460082884,142.42300372286005,41.615087988536594,38.17236307631235,3.442724912224243,0,4.69187168234001,W002
SHP001787,2026-05-07,Bangalore,Kolkata,GlobalLine,FMCG,462.2383695997455,611.7781445429389,307.45561582114436,15.01788787204369,15.919435228036019,-0.9015473559923279,1,5.0,W004
SHP001788,2026-05-26,Ahmedabad,Hyderabad,GlobalLine,Automotive,653.3337985279825,617.809221176393,359.10537223881346,12.90186378960217,14.012733131638583,-1.1108693420364126,1,4.598282862914371,W001
SHP001789,2026-03-21,Bangalore,Delhi,PrimeLogistics,Textiles,261.1392126165762,294.91066462893957,181.52506820832983,10.177714322728491,7.552132981208483,2.625581341520008,0,4.783404884351612,W004
SHP001790,2026-01-18,Bangalore,Mumbai,PrimeLogistics,FMCG,384.50021825168506,432.8322410379439,248.2558095827862,10.153092706391345,11.20645331355924,-1.053360607167896,1,4.719455434509501,W008
SHP001791,2026-06-15,Pune,Mumbai,GlobalLine,Electronics,78.6282299944181,362.2524569820039,70.66264326082606,2.906284261973696,9.26526891890444,-6.358984656930744,1,4.908084709839939,W010
SHP001792,2026-01-26,Pune,Chennai,FastShip,Electronics,70.17560735531771,392.55126721479945,77.82456629318084,6.239868546361494,10.115691143382586,-3.8758225970210916,1,5.0,W001
SHP001793,2026-06-14,Mumbai,Bangalore,GlobalLine,Electronics,178.42736407235716,1735.6245532825526,239.61340232491114,26.649924192077673,43.94670821837194,-17.296784026294265,1,4.316756839682316,W005
SHP001794,2026-02-06,Mumbai,Ahmedabad,FastShip,Electronics,50.010332286239404,1770.8928895023525,181.58056166048098,64.94173346721242,49.457312208785176,15.48442125842724,0,4.019785661319698,W009
SHP001795,2026-03-28,Delhi,Bangalore,GlobalLine,Pharmaceuticals,38.0864836350326,1021.0783141718493,92.78756768359443,21.438950848728503,24.166403741146453,-2.7274528924179506,1,5.0,W010
SHP001796,2026-04-24,Bangalore,Chennai,EcoTrans,Pharmaceuticals,53.89119214233232,885.4914928304266,76.01368749506733,28.2624738815144,23.274904066440257,4.987569815074142,0,5.0,W003
SHP001797,2026-03-04,Mumbai,Hyderabad,EcoTrans,Textiles,48.350944528244646,1227.2150766771854,98.454413944339,37.613082221666,33.92949557460528,3.6835866470607144,0,3.7856607254501413,W002
SHP001798,2026-01-06,Mumbai,Delhi,EcoTrans,Electronics,149.49981215875576,954.3917166817988,136.288246689477,27.48696792680112,21.922087944862003,5.564879981939118,0,3.8575963515698253,W009
SHP001799,2026-04-17,Bangalore,Mumbai,GlobalLine,Electronics,167.83277988370628,347.86162563698554,117.61611002783931,6.53297627300374,7.795617395871644,-1.2626411228679038,1,4.087097129053506,W004
SHP001800,2026-04-20,Pune,Delhi,EcoTrans,Automotive,2202.44194444343,541.9298102313157,995.6324332926619,10.647523411453616,13.577516565477284,-2.929993154023668,1,5.0,W004
SHP001801,2026-06-25,Pune,Hyderabad,FastShip,Pharmaceuticals,81.48195707366278,292.9916340472246,74.37243103590635,6.418109158418534,6.578140770379196,-0.16003161196066262,1,5.0,W003
SHP001802,2026-01-29,Chennai,Mumbai,EcoTrans,Automotive,1034.2963979198216,1022.4421932151579,492.35019967375314,13.217830364304877,22.998935283079923,-9.781104918775046,1,5.0,W002
SHP001803,2026-06-07,Hyderabad,Mumbai,EcoTrans,Electronics,114.62646999861413,311.4972108073453,65.87368484893433,7.860363001384226,7.7371444121584645,0.12321858922576112,1,4.839834282348656,W001
SHP001804,2026-06-04,Bangalore,Delhi,PrimeLogistics,Textiles,279.64095365335777,1984.8731001793296,302.37974852664684,56.73949178760315,44.29807518144066,12.441416606162491,0,4.0943553880712775,W006
SHP001805,2026-06-03,Bangalore,Pune,PrimeLogistics,FMCG,371.7799692928925,1615.2290576547327,353.26088508475334,53.22990321926892,38.583423249329186,14.646479969939733,0,4.210264232608322,W005
SHP001806,2026-06-09,Kolkata,Bangalore,FastShip,Automotive,6117.561115760844,1664.5608021427092,4199.369783150005,37.21316074956962,40.72556970161077,-3.512408952041156,1,5.0,W008
SHP001807,2026-06-19,Hyderabad,Bangalore,FastShip,Electronics,74.70147811277032,174.84130949040465,59.920690896278295,5.9165497667407,4.487102278000683,1.429447488740017,1,4.355782434931237,W003
SHP001808,2026-06-17,Bangalore,Chennai,GlobalLine,Pharmaceuticals,59.52578009939393,842.4256606472771,101.83620324137529,16.038014320111227,21.573532671360677,-5.535518351249451,1,5.0,W008
SHP001809,2026-05-03,Delhi,Mumbai,PrimeLogistics,Automotive,1332.0441746065615,506.4534539494636,764.4238937588202,12.007505684901124,12.028745154624467,-0.021239469723342452,1,5.0,W003
SHP001810,2026-01-24,Hyderabad,Delhi,GlobalLine,Pharmaceuticals,49.5931291278571,655.6463758950522,70.78089947836698,7.657881346824783,14.469195027852614,-6.811313681027831,1,4.238201094665917,W006
SHP001811,2026-03-23,Ahmedabad,Chennai,PrimeLogistics,Pharmaceuticals,36.28333668055916,587.1949021932992,77.23366024259433,15.722440587077296,14.648403428255163,1.074037158822133,1,4.476943218297644,W010
SHP001812,2026-06-12,Hyderabad,Delhi,GlobalLine,Pharmaceuticals,39.65331016478097,827.5411739265707,93.67325700812111,27.49173310805608,21.13294569232395,6.358787415732131,0,3.6194791262066777,W007
SHP001813,2026-05-21,Ahmedabad,Kolkata,PrimeLogistics,Textiles,173.54620453670495,1059.7217650942814,206.01745690956022,27.1360426951958,24.410030503704288,2.726012191491513,0,5.0,W009
SHP001814,2026-02-28,Pune,Mumbai,PrimeLogistics,Textiles,412.66641855816783,1391.3827491672062,339.0111955638991,24.53327234458404,33.23077855518686,-8.697506210602818,1,5.0,W010
SHP001815,2026-06-27,Chennai,Pune,FastShip,FMCG,153.20063973957556,115.7791981343265,112.72167645036514,2.6114261823039904,2.847035707161426,-0.23560952485743547,1,4.339765934489864,W006
SHP001816,2026-01-01,Chennai,Ahmedabad,FastShip,Automotive,1430.5213198317915,1601.140841230222,1069.445063615903,37.24251055632937,36.30689793911293,0.9356126172164423,1,4.918428747786152,W009
SHP001817,2026-05-02,Bangalore,Mumbai,FastShip,Automotive,645.6732030619436,457.8590592499552,431.4010869540062,11.33450205006141,12.252023669079222,-0.9175216190178119,1,5.0,W006
SHP001818,2026-02-05,Kolkata,Chennai,GlobalLine,Textiles,123.15308005581467,714.7974476750725,114.9885567991716,24.865203573227166,18.564366473378172,6.300837099848994,0,4.298125495659034,W007
SHP001819,2026-03-04,Chennai,Ahmedabad,GlobalLine,Electronics,123.80344562010058,222.04697130909966,74.79081158640511,5.04413031933679,5.7592097097847414,-0.7150793904479515,1,4.782446574693931,W003
SHP001820,2026-01-31,Bangalore,Kolkata,FastShip,Pharmaceuticals,46.91691841698781,721.6640510749346,98.15323411174079,19.19605352238419,16.79271605541874,2.40333746696545,0,5.0,W006
SHP001821,2026-01-14,Delhi,Pune,FastShip,Pharmaceuticals,34.862782313190024,1572.1727566437805,166.25539188161994,28.827999391153813,40.5599204384959,-11.731921047342087,1,5.0,W010
SHP001822,2026-02-10,Mumbai,Bangalore,EcoTrans,FMCG,239.35596793124466,390.0406620011533,136.72845095690573,11.233056071192959,9.41273302852268,1.8203230426702781,1,4.570114722445522,W002
SHP001823,2026-03-04,Delhi,Mumbai,PrimeLogistics,FMCG,306.91986166381594,803.0067270925596,229.16372281928716,19.019746518150374,22.059017168354124,-3.0392706502037505,1,5.0,W003
SHP001824,2026-05-01,Bangalore,Pune,EcoTrans,Pharmaceuticals,75.55367125917458,1811.6489993630005,149.49244175026556,0.8942858465972855,46.09735805837577,-45.20307221177848,1,5.0,W007
SHP001825,2026-03-28,Ahmedabad,Pune,FastShip,Automotive,402.78233966326985,1535.8488527355462,385.32375770259745,40.357739378233504,42.621491487928616,-2.263752109695112,1,5.0,W002
SHP001826,2026-02-09,Mumbai,Pune,FastShip,Textiles,111.42816536551022,1887.362451314306,256.1526558145035,45.508596104738785,51.38842055302179,-5.879824448283003,1,5.0,W003
SHP001827,2026-05-09,Bangalore,Mumbai,PrimeLogistics,Pharmaceuticals,23.446289158092807,1117.4991771216391,105.23806338556034,31.961478495562524,29.571733568902623,2.389744926659901,0,3.524802678286836,W008
SHP001828,2026-05-22,Kolkata,Hyderabad,EcoTrans,FMCG,529.2524512416276,610.7144827172574,293.0376035288149,16.515862578932744,13.698486541785424,2.8173760371473193,0,4.885921024483922,W007
SHP001829,2026-02-10,Kolkata,Mumbai,PrimeLogistics,FMCG,368.98947618004314,1583.8513613642995,333.1945498534357,33.58735416180036,44.13778129918104,-10.55042713738068,1,4.4263467581254945,W004
SHP001830,2026-04-13,Mumbai,Bangalore,PrimeLogistics,FMCG,291.03291715251794,985.3368215536598,255.614222311789,41.92861694337276,26.597546306443704,15.331070636929056,0,2.959102246481822,W009
SHP001831,2026-06-04,Delhi,Ahmedabad,PrimeLogistics,Pharmaceuticals,50.787052860410824,1973.346693505653,183.40636560655742,36.23381504644945,53.91022146348871,-17.67640641703926,1,4.205560040097475,W006
SHP001832,2026-06-17,Pune,Ahmedabad,PrimeLogistics,FMCG,420.77503118392735,1914.2904490175902,398.5525576666463,39.45787390060125,45.9240987632506,-6.466224862649348,1,4.649021350852439,W001
SHP001833,2026-04-06,Pune,Delhi,EcoTrans,Electronics,121.75906786384893,1835.1666770278005,167.07533692514545,53.39278016487917,41.707523738792666,11.685256426086504,0,3.833226773225659,W002
SHP001834,2026-01-20,Hyderabad,Kolkata,EcoTrans,Electronics,89.9583562948894,1996.7831677257775,180.7988768077971,51.13860944516964,47.62401247148908,3.514596973680561,0,4.845981047633233,W004
SHP001835,2026-03-14,Bangalore,Hyderabad,FastShip,Electronics,67.09993651965051,530.0285955004417,90.56996274258718,11.51796307723615,13.01178200495197,-1.4938189277158198,1,4.5806862606683945,W004
SHP001836,2026-06-02,Mumbai,Ahmedabad,EcoTrans,FMCG,239.4888205537974,1548.2385003201216,227.35968392850185,30.770766028184788,41.28648822722627,-10.515722199041484,1,4.5926571733811645,W009
SHP001837,2026-02-21,Mumbai,Bangalore,EcoTrans,Electronics,79.97920799739433,1147.5280444153723,114.38452507704447,27.440056669621587,30.10312150826186,-2.663064838640274,1,4.415956523946075,W010
SHP001838,2026-05-25,Mumbai,Hyderabad,PrimeLogistics,Electronics,166.71261393452997,727.5909102540085,161.37302419889784,15.134115530648534,17.532529587851442,-2.398414057202908,1,4.374321908880357,W001
SHP001839,2026-03-22,Delhi,Chennai,FastShip,Automotive,807.5741951383327,1677.2639143256417,691.1529013881755,36.778239570989804,39.11128160695693,-2.333042035967125,1,5.0,W005
SHP001840,2026-04-12,Chennai,Bangalore,PrimeLogistics,Automotive,984.4835795635056,501.90438914048605,573.1520043726141,13.164017853995258,11.235035148670143,1.9289827053251152,1,4.486191027495318,W003
SHP001841,2026-06-29,Delhi,Chennai,PrimeLogistics,Textiles,147.63836884205435,738.2363057027101,135.473523796749,19.020686778194765,16.569740296854388,2.4509464813403774,0,5.0,W002
SHP001842,2026-05-09,Bangalore,Mumbai,PrimeLogistics,Pharmaceuticals,40.33842421228682,1696.146603406676,181.9641018951507,42.45762655569228,37.483545259358316,4.974081296333964,0,3.965996733333079,W010
SHP001843,2026-01-10,Kolkata,Delhi,GlobalLine,Pharmaceuticals,38.277068536268395,1364.2691060126826,139.99328728111644,31.427260386974666,31.662883600824866,-0.23562321385020013,1,4.798251033527885,W002
SHP001844,2026-06-10,Delhi,Pune,GlobalLine,FMCG,542.2950876000837,1980.1731356518328,400.1526483662882,45.72373745524792,49.69846241312626,-3.974724957878337,1,5.0,W003
SHP001845,2026-02-11,Hyderabad,Chennai,GlobalLine,Automotive,1364.9841711077574,908.0854855721913,770.856703220932,20.168997006817186,20.275040728071033,-0.10604372125384742,1,5.0,W005
SHP001846,2026-04-03,Pune,Mumbai,PrimeLogistics,FMCG,601.2084827465587,867.6381954393457,367.6313990066703,15.522126638075862,22.16816710645045,-6.646040468374588,1,5.0,W004
SHP001847,2026-06-06,Delhi,Bangalore,PrimeLogistics,Electronics,131.85038690101462,202.02465708481114,86.92614071533028,3.359981946506572,4.625676028592479,-1.2656940820859068,1,5.0,W001
SHP001848,2026-02-06,Kolkata,Hyderabad,FastShip,Pharmaceuticals,52.30918750057301,1470.1581218381828,164.0751562197334,32.0008042558887,33.130746163883416,-1.1299419079947128,1,4.610845723496748,W002
SHP001849,2026-04-27,Hyderabad,Delhi,EcoTrans,FMCG,253.79514910927884,1250.5835203984675,199.8422074081717,30.15213437291698,32.337072490820624,-2.184938117903645,1,4.978597751215954,W002
SHP001850,2026-03-13,Hyderabad,Bangalore,FastShip,Electronics,177.4747452294456,355.46837745742243,134.68747040400066,10.702488248837506,9.233141751050802,1.4693464977867041,1,5.0,W003
SHP001851,2026-04-28,Kolkata,Chennai,EcoTrans,Pharmaceuticals,55.88739971018938,1774.5172899834083,146.9038059548061,64.0604572992482,47.329229817747255,16.731227481500945,0,3.729419146180922,W003
SHP001852,2026-02-01,Ahmedabad,Mumbai,EcoTrans,Automotive,493.2121247913046,1814.168824927084,325.3688944779433,46.12923870085425,48.39227331663538,-2.2630346157811303,1,5.0,W007
SHP001853,2026-04-15,Bangalore,Kolkata,EcoTrans,Textiles,117.28842311712611,1937.9064272381231,192.93710791999553,46.400879282457836,43.90974815718547,2.491131125272368,0,4.871757291739051,W010
SHP001854,2026-03-22,Hyderabad,Mumbai,PrimeLogistics,Textiles,120.96591700061845,755.2894309290483,120.62552482781216,15.092870984400005,19.070944117751733,-3.978073133351728,1,4.882710485190406,W008
SHP001855,2026-03-09,Mumbai,Hyderabad,FastShip,FMCG,500.46662812407936,511.332077805623,332.84785407993627,13.517092938618434,11.889066634488982,1.6280263041294525,1,5.0,W009
SHP001856,2026-01-03,Bangalore,Ahmedabad,FastShip,Automotive,1402.126776338479,1313.5282802780278,945.6397848974088,27.677635142755076,32.25312169732341,-4.575486554568332,1,5.0,W007
SHP001857,2026-02-10,Pune,Ahmedabad,FastShip,FMCG,1114.1973431484298,627.0140453332726,725.1982720962943,22.691076249607697,15.565348623151122,7.125727626456575,0,4.875006150501413,W007
SHP001858,2026-04-29,Delhi,Chennai,PrimeLogistics,Pharmaceuticals,31.033365784645106,957.2116070064322,103.40287228331593,20.372969873453435,26.20186887535945,-5.8288990019060165,1,4.519610220877555,W009
SHP001859,2026-04-30,Delhi,Mumbai,GlobalLine,Electronics,114.03458230785965,255.23752324423464,71.78930703781526,6.873701795237354,5.853631843642717,1.0200699515946372,1,5.0,W007
SHP001860,2026-04-21,Chennai,Kolkata,EcoTrans,Electronics,147.0602338921559,1733.3234300742527,196.26181530234047,29.462381095978714,40.23083087325762,-10.768449777278903,1,4.607839514849872,W006
SHP001861,2026-03-29,Ahmedabad,Delhi,PrimeLogistics,Electronics,141.69628085149427,1192.713877184787,191.60444347051128,28.003155418066477,29.747137384487036,-1.7439819664205594,1,5.0,W005
SHP001862,2026-04-27,Mumbai,Hyderabad,GlobalLine,Pharmaceuticals,41.334867624661136,509.12800230458987,64.12262033284289,18.858543603074505,13.677211925443173,5.1813316776313325,0,4.210980214231066,W003
SHP001863,2026-06-13,Chennai,Bangalore,FastShip,Textiles,453.3103202936847,1551.5943937071318,462.35349871602193,28.938090525745043,37.350569808335095,-8.412479282590052,1,4.41365255517018,W007
SHP001864,2026-01-16,Hyderabad,Ahmedabad,PrimeLogistics,Pharmaceuticals,32.25966521851967,487.7388109634331,63.01024759483077,9.413312007588292,13.413926195642752,-4.00061418805446,1,4.803636880787091,W004
SHP001865,2026-01-14,Chennai,Ahmedabad,FastShip,Pharmaceuticals,31.501257958763368,652.2356257941999,77.17189466998087,9.579620416051027,17.229395589068186,-7.64977517301716,1,5.0,W005
SHP001866,2026-03-06,Bangalore,Mumbai,GlobalLine,Electronics,89.7774002946347,1608.1569333565324,165.42744750925675,53.50115855423506,41.20057708759882,12.300581466636238,0,4.420492884848422,W005
SHP001867,2026-04-14,Delhi,Chennai,PrimeLogistics,Pharmaceuticals,16.432717249843872,1688.2557387528457,165.75094863769627,33.27283474664264,40.39579159328308,-7.122956846640442,1,5.0,W009
SHP001868,2026-02-24,Kolkata,Delhi,FastShip,Electronics,65.6314819161807,198.1581340750804,56.49730840754017,6.569821471327675,5.254994834755151,1.3148266365725236,1,4.477681300169304,W007
SHP001869,2026-03-29,Kolkata,Delhi,GlobalLine,Automotive,603.2871132631948,1484.7621421762165,441.2588032449719,43.614924186954,36.205514380415096,7.409409806538903,0,4.313065080565608,W007
SHP001870,2026-05-04,Ahmedabad,Kolkata,GlobalLine,Pharmaceuticals,20.29600383369978,1850.655417200373,162.6179208618641,35.01566944434197,42.63453892034647,-7.618869476004505,1,5.0,W006
SHP001871,2026-06-27,Pune,Ahmedabad,FastShip,Textiles,424.90358012399054,1078.3999678774453,380.9792206937628,32.68613890596361,28.39743461452921,4.288704291434399,0,4.044547496271493,W010
SHP001872,2026-02-20,Delhi,Pune,GlobalLine,Automotive,1392.233810178599,1688.3033107319798,903.644472826444,22.11028916578267,38.530104867995846,-16.419815702213175,1,4.958433237139253,W006
SHP001873,2026-01-04,Bangalore,Kolkata,GlobalLine,Pharmaceuticals,50.804328746175855,367.68172908375755,58.95018106748088,10.494932075972399,8.48824097432877,2.0066911016436286,0,4.697081060450719,W006
SHP001874,2026-01-30,Pune,Bangalore,FastShip,Pharmaceuticals,64.31781323429462,723.7173577604874,100.68090487885647,19.22429508775341,16.649613950219294,2.5746811375341174,0,5.0,W003
SHP001875,2026-06-12,Ahmedabad,Hyderabad,FastShip,Electronics,106.82612506808292,1452.5759619356495,185.56731410118167,34.84359777474229,36.839680226608486,-1.9960824518661937,1,5.0,W004
SHP001876,2026-02-18,Pune,Hyderabad,GlobalLine,Textiles,260.4759920828609,1859.7589507349549,296.398956785375,27.940409539635525,50.15998911182615,-22.219579572190625,1,5.0,W007
SHP001877,2026-02-25,Hyderabad,Delhi,GlobalLine,Textiles,140.3212053855123,1294.141317169218,162.32052588943338,22.12927799599482,30.479411076811484,-8.350133080816665,1,4.217897549326516,W001
SHP001878,2026-04-05,Hyderabad,Mumbai,EcoTrans,Automotive,957.8853652356166,1218.422972460517,531.4214035062192,39.41957304686723,32.274241005888015,7.145332040979213,0,5.0,W009
SHP001879,2026-02-01,Ahmedabad,Hyderabad,PrimeLogistics,Pharmaceuticals,21.173317030658946,1799.9498653110445,161.4890789777914,40.05259251468189,40.585005448234064,-0.5324129335521732,1,4.646189731565611,W007
SHP001880,2026-04-01,Hyderabad,Ahmedabad,PrimeLogistics,Textiles,257.78767529865496,806.6023991282344,192.69141349583236,22.954898115614554,18.40860876860134,4.546289347013214,0,4.774973156098444,W006
SHP001881,2026-01-30,Bangalore,Kolkata,PrimeLogistics,Automotive,2075.941390624044,505.3584916642404,1144.8135633411819,10.676739648512017,11.574944133230696,-0.8982044847186792,1,4.3837197187546595,W003
SHP001882,2026-05-22,Bangalore,Hyderabad,PrimeLogistics,Pharmaceuticals,76.73712822760542,1265.2383589996075,161.582243852663,36.767319864248876,31.977910229031348,4.7894096352175275,0,4.608895892724137,W005
SHP001883,2026-06-18,Pune,Hyderabad,EcoTrans,Textiles,120.92853099986051,1463.6363872477402,154.28158803085668,22.103002433069825,33.767844051882406,-11.66484161881258,1,4.706575133225631,W002
SHP001884,2026-01-23,Delhi,Mumbai,FastShip,Textiles,63.40171160167382,896.8406921399397,116.15008619150774,24.002924295171788,24.704894367183385,-0.7019700720115978,1,5.0,W007
SHP001885,2026-01-27,Ahmedabad,Hyderabad,FastShip,Pharmaceuticals,47.840174899480886,358.7308704869853,59.98986613469846,9.751213565104319,9.060181295770171,0.6910322693341477,1,4.915329003908948,W009
SHP001886,2026-05-29,Mumbai,Pune,EcoTrans,Pharmaceuticals,41.77474063885274,782.5391671812737,68.0249861548451,20.572461511150564,18.034507394773513,2.537954116377051,0,4.69248214746517,W004
SHP001887,2026-02-27,Ahmedabad,Kolkata,PrimeLogistics,Electronics,96.64120556695026,1380.6497403396522,172.37883966788965,46.49647975582642,35.00270225829443,11.493777497531994,0,3.9248036795877934,W004
SHP001888,2026-05-01,Delhi,Chennai,PrimeLogistics,Pharmaceuticals,31.975711719145252,200.36682451985973,37.45240000607286,4.3831472142683285,5.399822119357437,-1.0166749050891086,1,4.438542661276214,W007
SHP001889,2026-01-02,Hyderabad,Ahmedabad,GlobalLine,Textiles,686.1027769513539,645.9719573097938,402.0305609464756,13.506383575923229,15.365555652148373,-1.8591720762251445,1,5.0,W005
SHP001890,2026-03-10,Kolkata,Bangalore,PrimeLogistics,FMCG,298.9912694793197,1926.7194935283405,329.11790668046945,50.32137291840405,48.31461786041058,2.006755057993473,0,4.224453766516706,W001
SHP001891,2026-04-17,Mumbai,Delhi,FastShip,FMCG,402.2977635220566,1873.1914684036224,395.57037735099,36.90011519227318,49.80325770717278,-12.903142514899606,1,4.968909972839712,W006
SHP001892,2026-05-13,Hyderabad,Bangalore,GlobalLine,Textiles,174.24348064128466,310.4221648779672,108.65227597255587,5.018599069085292,7.1525058649986155,-2.1339067959133233,1,4.083414774150636,W007
SHP001893,2026-03-03,Pune,Delhi,PrimeLogistics,Electronics,167.07059349702928,1845.8188973919284,249.2647548203737,28.89050262857719,42.73819954065607,-13.847696912078877,1,5.0,W010
SHP001894,2026-04-20,Bangalore,Pune,PrimeLogistics,FMCG,253.02549923066434,1186.115474213281,241.3508439972967,15.396055030295592,27.15945901804587,-11.763403987750277,1,4.803399498158905,W007
SHP001895,2026-03-23,Bangalore,Kolkata,GlobalLine,Electronics,102.16000439071982,527.610856477877,91.62416980157833,11.31017687136128,14.38324598266347,-3.073069111302189,1,3.96990072639165,W003
SHP001896,2026-05-10,Delhi,Pune,PrimeLogistics,Automotive,1387.2482683808246,494.9878727994944,854.9906120179726,7.9870145360489175,12.744506265289838,-4.75749172924092,1,4.915607631292025,W009
SHP001897,2026-02-10,Hyderabad,Delhi,FastShip,Electronics,115.70031116333107,1088.1708814510853,170.43121833759656,26.646476108374713,27.344137092505083,-0.6976609841303691,1,4.669634247055514,W001
SHP001898,2026-04-22,Mumbai,Pune,GlobalLine,Electronics,178.73100943346233,439.5416297719568,126.64423427339752,13.252177289979224,11.42422522963342,1.8279520603458046,1,4.9954110857326075,W010
SHP001899,2026-05-20,Delhi,Hyderabad,PrimeLogistics,Electronics,72.15880796880505,1920.8623088987902,206.01032351422845,46.962955756769865,49.442121950188834,-2.479166193418969,1,5.0,W003
SHP001900,2026-04-27,Hyderabad,Delhi,GlobalLine,FMCG,1090.2387180684862,489.98930649891315,614.1354646013775,11.075279414282463,13.142743977894424,-2.0674645636119617,1,5.0,W005
SHP001901,2026-02-19,Chennai,Pune,PrimeLogistics,Automotive,446.6490128038088,1911.9472568302153,437.3870779637243,36.192732829941946,49.63328232648177,-13.440549496539823,1,4.363584789773027,W001
SHP001902,2026-03-12,Delhi,Bangalore,FastShip,Textiles,203.00022220966525,1959.0676771501394,302.1263868117766,56.3025358385182,44.35633584698829,11.946199991529916,0,3.7964489234031413,W002
SHP001903,2026-01-29,Ahmedabad,Kolkata,FastShip,Electronics,84.95621321968895,174.04749154000385,72.39013530687815,5.400193917549126,4.731167865307374,0.6690260522417519,1,5.0,W003
SHP001904,2026-03-14,Kolkata,Delhi,FastShip,Electronics,257.1908678059567,1644.9285179806968,330.1064106543339,50.47285107199383,44.97338665923501,5.499464412758819,0,4.47763887765985,W008
SHP001905,2026-04-03,Chennai,Kolkata,FastShip,Pharmaceuticals,36.53858756590138,836.376042769681,104.52679558980303,24.269706891255783,18.68112244881817,5.5885844424376145,0,4.987455338342793,W001
SHP001906,2026-04-16,Delhi,Kolkata,FastShip,FMCG,334.9581500253174,505.57688066404074,245.83697510454783,7.288999703030891,13.97257027453512,-6.683570571504228,1,4.5174772097119105,W007
SHP001907,2026-04-07,Hyderabad,Pune,PrimeLogistics,FMCG,567.0712147879733,1300.783553849791,451.9986843838961,10.122487758292044,32.14576086820001,-22.02327310990796,1,5.0,W003
SHP001908,2026-03-18,Mumbai,Bangalore,FastShip,Electronics,195.47916840008963,743.1129696991576,194.58508364648452,16.30990865276641,19.548577630231133,-3.238668977464723,1,5.0,W006
SHP001909,2026-03-30,Ahmedabad,Kolkata,FastShip,FMCG,240.53926294895376,636.9886513078369,212.6011776393258,11.199265500264696,14.08387766428916,-2.884612164024464,1,4.591399465248993,W009
SHP001910,2026-03-07,Delhi,Bangalore,FastShip,Textiles,306.32628797356466,689.0415078105946,251.33893498764203,20.712599946927888,16.05160338170841,4.660996565219477,0,4.441461965355419,W001
SHP001911,2026-05-13,Bangalore,Delhi,EcoTrans,Electronics,47.30254086598314,899.4443947752753,84.6252354943563,30.29822246694439,25.04014020669692,5.258082260247473,0,4.322634613216896,W004
SHP001912,2026-01-08,Hyderabad,Delhi,GlobalLine,Electronics,146.58145440878985,1996.5759706469294,209.87845347015497,38.9609769685949,44.255660793363994,-5.294683824769095,1,5.0,W003
SHP001913,2026-03-10,Kolkata,Chennai,GlobalLine,Electronics,225.96379477463125,1286.2375004472904,204.5523840195316,27.998958292178678,32.18117694912369,-4.182218656945011,1,4.841084728990228,W006
SHP001914,2026-05-22,Kolkata,Chennai,PrimeLogistics,Pharmaceuticals,38.83134731777172,166.8053552484135,33.646254610068816,4.452161213724274,4.398179355303579,0.053981858420694806,1,4.318748048145608,W009
SHP001915,2026-04-13,Chennai,Bangalore,GlobalLine,FMCG,499.75569392221183,1895.263719630034,361.8411791639275,43.894229569587786,46.973753319669456,-3.0795237500816697,1,4.598567379883035,W005
SHP001916,2026-04-11,Delhi,Hyderabad,EcoTrans,FMCG,338.1354320438935,309.525783725477,160.9168105110611,10.189161759978074,8.555727594567328,1.6334341654107458,1,5.0,W004
SHP001917,2026-05-05,Pune,Chennai,PrimeLogistics,Textiles,158.561372018503,1951.2035106883868,233.91246501558078,52.336499567409035,54.020844629553345,-1.6843450621443097,1,5.0,W005
SHP001918,2026-03-23,Delhi,Hyderabad,PrimeLogistics,Pharmaceuticals,21.869013668533146,1310.8791702138165,133.4849902210298,31.15877006497506,30.26335262251981,0.8954174424552477,1,5.0,W004
SHP001919,2026-05-26,Hyderabad,Bangalore,FastShip,Pharmaceuticals,38.61144821945713,887.1260104207769,118.66970297161048,29.341282398155293,22.615262284913538,6.726020113241756,0,4.597590012562657,W003
SHP001920,2026-01-09,Kolkata,Hyderabad,PrimeLogistics,Automotive,4234.947678249304,106.67061673023618,2123.4654658757204,2.1122413720431306,2.4753031065883384,-0.36306173454520785,1,4.624416390188061,W010
SHP001921,2026-06-15,Hyderabad,Chennai,FastShip,Electronics,60.95602601390912,899.0216111308654,113.0214542588751,13.044635336780821,20.006981198767875,-6.962345861987053,1,5.0,W003
SHP001922,2026-03-24,Pune,Ahmedabad,GlobalLine,Automotive,4390.493300485844,943.8739842182273,2331.8126448886546,37.590216798394465,25.45257801119652,12.137638787197947,0,3.29755406253835,W004
SHP001923,2026-01-19,Chennai,Pune,EcoTrans,Automotive,4093.148912187454,436.4347516402855,1790.681817781238,9.23430665824909,12.171279150209832,-2.936972491960743,1,5.0,W003
SHP001924,2026-03-22,Delhi,Mumbai,EcoTrans,Electronics,102.13613291808454,873.9363489561953,113.09532247979735,22.814918015431072,22.2638083340106,0.5511096814204706,1,4.683681667669198,W006
SHP001925,2026-02-24,Ahmedabad,Kolkata,EcoTrans,FMCG,235.68522027514578,1613.442252688347,200.99050070228895,44.954303636274545,37.376935660048524,7.5773679762260215,0,4.210751713687452,W009
SHP001926,2026-01-17,Pune,Bangalore,GlobalLine,Textiles,218.63081273860502,1242.6148017420048,213.31575891890932,33.50179435765622,31.51624150792017,1.9855528497360524,1,5.0,W004
SHP001927,2026-01-27,Kolkata,Pune,FastShip,Textiles,329.62122884489435,444.01950832033236,242.52550111471382,11.45364296310573,12.300806635752366,-0.8471636726466354,1,5.0,W007
SHP001928,2026-06-24,Pune,Bangalore,EcoTrans,FMCG,435.2063382614511,1341.7653785358664,294.9497719447905,29.931871816816564,37.122525153527604,-7.190653336711041,1,4.733696621663252,W004
SHP001929,2026-01-13,Ahmedabad,Chennai,FastShip,Automotive,4115.795517235618,531.6633810462106,2270.5328505322395,12.309854972619076,12.790550642007933,-0.4806956693888562,1,4.370314362517019,W007
SHP001930,2026-01-31,Delhi,Kolkata,GlobalLine,Textiles,160.3453451636807,776.5703801340193,132.90204532130292,15.598882971805276,17.579872075353173,-1.9809891035478966,1,3.999146999137233,W006
SHP001931,2026-06-01,Pune,Delhi,FastShip,Automotive,692.1696247601061,481.6543978141496,486.857074346332,9.592609597248,12.655694552813719,-3.063084955565719,1,4.3445145821385545,W001
SHP001932,2026-06-14,Mumbai,Kolkata,EcoTrans,FMCG,848.7669347413072,1827.1777884970484,530.5162553060759,43.58681479783379,42.10153071836935,1.4852840794644422,1,4.0889791219815255,W007
SHP001933,2026-01-10,Mumbai,Chennai,FastShip,Electronics,93.92984991567154,1205.4034030776493,172.8363058208679,22.692864452510566,28.91214486060742,-6.219280408096854,1,5.0,W008
SHP001934,2026-01-25,Pune,Hyderabad,EcoTrans,Automotive,1132.9757080568086,491.4330681536145,530.8776526238128,11.178398275529812,10.939486922720516,0.23891135280929632,1,4.610702301914694,W006
SHP001935,2026-03-30,Pune,Mumbai,EcoTrans,Pharmaceuticals,40.31521679795841,1436.3478135859716,107.97419197302996,25.754194106132292,37.35876978814429,-11.604575682012001,1,5.0,W010
SHP001936,2026-01-13,Pune,Bangalore,PrimeLogistics,Pharmaceuticals,22.777030390680427,882.7233918020178,92.98178443609146,19.9108613737513,24.690052663786872,-4.779191290035573,1,4.888166714098278,W002
SHP001937,2026-04-06,Delhi,Mumbai,GlobalLine,Electronics,118.4800441953894,1894.2312479217542,215.44720274595514,42.76912128039372,49.80900026369554,-7.0398789833018185,1,4.604616643372475,W001
SHP001938,2026-02-05,Delhi,Chennai,PrimeLogistics,FMCG,559.2644369310235,185.93629874840838,291.68338915469417,4.289284583258294,4.481789151452507,-0.19250456819421213,1,4.926684112978199,W003
SHP001939,2026-01-23,Chennai,Pune,EcoTrans,Textiles,635.2355155072277,1132.629969646404,319.168935144101,33.516123092769234,27.084342804977993,6.431780287791241,0,4.292027165883853,W001
SHP001940,2026-06-26,Mumbai,Chennai,FastShip,Electronics,76.00139901265067,458.3379694160248,90.70575530103173,4.522244887860496,11.988677681739592,-7.466432793879096,1,5.0,W001
SHP001941,2026-03-19,Delhi,Chennai,EcoTrans,Textiles,338.40936548575104,516.7993236240131,187.3497738699143,12.486179864140864,13.71838323822532,-1.232203374084456,1,4.1541490887025025,W007
SHP001942,2026-03-11,Bangalore,Delhi,PrimeLogistics,Electronics,71.6838156615915,994.028823487353,116.57635285151706,21.792144781135157,22.142568772118274,-0.35042399098311705,1,4.9607058035428215,W003
SHP001943,2026-03-23,Bangalore,Ahmedabad,PrimeLogistics,Pharmaceuticals,59.02491933920037,547.7204307994052,87.6834072134175,15.24242024602047,15.18798490512075,0.054435340899720686,1,4.6803910486152525,W002
SHP001944,2026-05-14,Chennai,Hyderabad,PrimeLogistics,Pharmaceuticals,33.734429223226144,1180.7555903563402,123.8976589724579,32.02171131335733,31.998304819931924,0.023406493425405017,1,5.0,W005
SHP001945,2026-03-24,Ahmedabad,Delhi,FastShip,Automotive,516.081352822088,109.1196671530044,320.7078026251507,2.3996870406454085,2.764340749413305,-0.3646537087678965,1,5.0,W005
SHP001946,2026-01-22,Hyderabad,Kolkata,GlobalLine,FMCG,727.9249848244377,1841.2898624655074,524.362618594777,49.95925140138946,49.79219255323444,0.16705884815501548,1,4.976652570704989,W002
SHP001947,2026-01-20,Ahmedabad,Mumbai,GlobalLine,Electronics,62.31602396913341,460.5507604774206,73.80265805379987,11.516451412658599,10.221137583030096,1.295313829628503,1,3.906727403270103,W004
SHP001948,2026-04-30,Pune,Delhi,PrimeLogistics,Electronics,82.75317519927056,1363.6471359970133,176.75795914388715,35.54783479548661,32.94880855195389,2.5990262435327196,0,4.7161679118203494,W006
SHP001949,2026-02-23,Hyderabad,Ahmedabad,EcoTrans,Pharmaceuticals,40.407431090172665,933.6482192380965,76.37128864817589,23.872264538038344,22.847474369401873,1.0247901686364713,1,4.602767396984046,W003
SHP001950,2026-05-10,Delhi,Bangalore,GlobalLine,Automotive,1372.0256154917354,613.8913006713668,668.4683356005793,16.935313153435345,15.098095707354387,1.8372174460809578,1,4.914934961537038,W007
SHP001951,2026-04-26,Chennai,Ahmedabad,PrimeLogistics,FMCG,526.7434732781677,1952.6936120903806,504.2184612849148,33.70164372324603,45.71172787311771,-12.01008414987168,1,5.0,W002
SHP001952,2026-03-13,Pune,Delhi,EcoTrans,Textiles,314.6505367245866,1381.0494670935782,220.17488946026077,27.562396643685677,31.78991038912512,-4.227513745439442,1,5.0,W002
SHP001953,2026-02-07,Ahmedabad,Mumbai,FastShip,FMCG,255.86373813689843,743.4154199042899,215.59736277414606,24.553460432894475,17.298401018556838,7.255059414337637,0,4.051901352487112,W001
SHP001954,2026-04-28,Bangalore,Chennai,FastShip,Pharmaceuticals,32.97192962803957,759.0283207648902,84.06252663355296,13.95321716162915,17.547583393119464,-3.594366231490314,1,5.0,W009
SHP001955,2026-04-26,Hyderabad,Bangalore,FastShip,Textiles,361.88929601281677,1204.2521511910156,363.267365088961,32.97278412306335,26.64846135921514,6.324322763848208,0,4.2788894492952245,W002
SHP001956,2026-04-01,Pune,Delhi,GlobalLine,Pharmaceuticals,39.48806352757481,720.9585818782909,72.34891554620873,13.87470776896605,18.462199352806827,-4.587491583840777,1,5.0,W009
SHP001957,2026-04-21,Hyderabad,Mumbai,PrimeLogistics,Automotive,4130.635725325212,900.5456515609919,2517.5626837614004,26.33879281116636,23.98089996945547,2.357892841710889,0,4.849488292801964,W006
SHP001958,2026-01-26,Mumbai,Pune,PrimeLogistics,Pharmaceuticals,28.600279574056543,547.1185468235242,64.61139996081013,14.258115169492386,15.177796515350975,-0.9196813458585886,1,5.0,W004
SHP001959,2026-03-17,Chennai,Kolkata,GlobalLine,Textiles,119.89004426897543,1111.7782525373882,137.40058244710139,22.682866088257434,28.123153608018246,-5.440287519760812,1,4.570087264606053,W005
SHP001960,2026-05-16,Ahmedabad,Kolkata,PrimeLogistics,Electronics,192.33375135619215,276.40566440817895,130.54443758789765,8.441486718077616,6.434913837706595,2.0065728803710217,0,4.867088398121279,W001
SHP001961,2026-06-15,Chennai,Mumbai,GlobalLine,Electronics,217.04364988039472,1127.957549219342,215.74295804879966,41.50110099759565,31.121946091005462,10.379154906590188,0,2.992888978709874,W001
SHP001962,2026-01-10,Kolkata,Delhi,FastShip,Textiles,209.12372902842682,973.2153111709434,205.18023043201467,19.082717731073238,25.12653703082569,-6.043819299752453,1,5.0,W002
SHP001963,2026-03-12,Chennai,Hyderabad,PrimeLogistics,Pharmaceuticals,35.182976295399605,1786.4190823658307,178.89984580118718,30.153370963834387,46.60626259008396,-16.45289162624957,1,5.0,W007
SHP001964,2026-01-26,Chennai,Pune,EcoTrans,Pharmaceuticals,17.31523438155113,950.0216630123281,74.25065964786691,11.166300728389315,21.18876388663625,-10.022463158246934,1,4.9689319667653455,W004
SHP001965,2026-02-13,Chennai,Bangalore,EcoTrans,Textiles,220.01211885482107,447.12014415162724,119.23162582374349,10.963190881141648,11.204542623111589,-0.24135174196994136,1,4.878598856344024,W005
SHP001966,2026-01-01,Delhi,Bangalore,PrimeLogistics,Automotive,2289.6868183859465,1513.344033687525,1491.7523557665772,21.457724226128985,36.108537155696816,-14.65081292956783,1,4.393268319923538,W004
SHP001967,2026-02-13,Hyderabad,Pune,FastShip,FMCG,639.7491048407039,1174.3426491741511,490.25879022817605,20.956000460760848,29.64004367126361,-8.684043210502761,1,4.8457305143554805,W003
SHP001968,2026-03-27,Ahmedabad,Delhi,FastShip,Pharmaceuticals,21.325741864507805,1053.2356699350632,123.0456446286533,27.017956443540413,24.819510123202196,2.198446320338217,0,5.0,W007
SHP001969,2026-03-27,Mumbai,Bangalore,EcoTrans,Electronics,82.7390976381879,589.0813373737403,73.4380080131561,16.7513714167102,14.21865729575696,2.532714120953239,0,4.009582060150411,W003
SHP001970,2026-06-23,Mumbai,Hyderabad,EcoTrans,Pharmaceuticals,24.15113115076934,1280.1534730118296,90.78025295737,33.77180870615692,34.661291744027054,-0.8894830378701357,1,5.0,W010
SHP001971,2026-01-01,Ahmedabad,Pune,GlobalLine,Pharmaceuticals,30.668661702524027,133.3743658375372,26.624263373223517,3.805351005206583,3.3006763090155884,0.5046746961909947,1,5.0,W002
SHP001972,2026-01-12,Mumbai,Hyderabad,EcoTrans,FMCG,362.8454437910531,1942.8585897752926,294.0231217447854,45.4577821369378,51.649600769920255,-6.191818632982454,1,5.0,W009
SHP001973,2026-05-09,Bangalore,Ahmedabad,GlobalLine,Electronics,39.86038032421803,1253.9771286077132,112.67668303046999,28.090498459683765,32.30432888423851,-4.213830424554743,1,4.430877026970035,W002
SHP001974,2026-03-19,Hyderabad,Chennai,PrimeLogistics,Automotive,660.4973693906588,1789.0841132570315,474.3646546900559,30.02760988333007,41.25571100106284,-11.228101117732773,1,5.0,W009
SHP001975,2026-03-07,Ahmedabad,Bangalore,EcoTrans,Pharmaceuticals,30.07653848374011,606.4452288631452,52.34479582003193,6.997423703587527,15.703454557958176,-8.706030854370649,1,4.945187074756142,W001
SHP001976,2026-04-01,Kolkata,Pune,EcoTrans,Textiles,209.74046449222865,1696.6868602321056,189.0349798398078,38.71365525996351,39.51575780999337,-0.8021025500298578,1,5.0,W010
SHP001977,2026-05-04,Delhi,Chennai,FastShip,FMCG,405.13904958788567,1873.59830470036,399.2746781309145,56.950371540421024,50.62128324033073,6.329088300090291,0,4.749255977056164,W007
SHP001978,2026-02-26,Bangalore,Chennai,PrimeLogistics,Electronics,122.21763911841308,1614.1319749109966,202.83872490816404,33.80925054088806,43.010792087585024,-9.201541546696966,1,4.407039200406572,W004
SHP001979,2026-05-28,Pune,Bangalore,GlobalLine,Electronics,110.04564059555362,843.532389285766,133.77414816967834,10.867337871615836,20.253461530426573,-9.386123658810737,1,5.0,W004
SHP001980,2026-04-07,Delhi,Chennai,PrimeLogistics,Textiles,238.9718973421516,927.6523452138352,207.87641356967654,25.686842735628684,24.570240581176357,1.1166021544523268,1,5.0,W003
SHP001981,2026-03-09,Hyderabad,Bangalore,PrimeLogistics,Textiles,236.575700758926,836.4051681299828,206.82618579087892,21.091608595711694,22.573415992522282,-1.4818073968105878,1,5.0,W007
SHP001982,2026-03-12,Kolkata,Delhi,FastShip,Textiles,144.7794429019231,1232.7093160302873,221.3511115331929,36.89640871076395,28.391542051270367,8.504866659493583,0,4.0067425213970305,W009
SHP001983,2026-06-29,Hyderabad,Ahmedabad,FastShip,Pharmaceuticals,61.47070907046293,1349.778973752539,169.16195344264992,27.919652018361464,33.986618016818255,-6.066965998456791,1,4.769796539251513,W008
SHP001984,2026-05-26,Hyderabad,Bangalore,FastShip,Electronics,135.3310616392513,940.694761287685,159.68698012001173,19.288396732254217,24.05887957115285,-4.770482838898634,1,4.404627099631664,W008
SHP001985,2026-06-25,Bangalore,Kolkata,GlobalLine,Textiles,155.9047705019512,274.68207824959154,103.64281955537847,6.702789613898402,6.749987916352046,-0.047198302453643315,1,5.0,W005
SHP001986,2026-06-09,Bangalore,Chennai,PrimeLogistics,Automotive,1870.7545621335244,115.39178912991265,1063.3239309392839,3.8815421219784905,2.603509840741631,1.2780322812368596,1,5.0,W002
SHP001987,2026-03-17,Mumbai,Kolkata,FastShip,FMCG,266.3661101893438,1726.581131249129,303.91593577220505,25.180084741089765,40.73559748544603,-15.555512744356264,1,5.0,W005
SHP001988,2026-06-01,Delhi,Mumbai,PrimeLogistics,Automotive,795.6367091455948,814.1795141117802,552.8123477860582,24.960240372002136,18.37337928709755,6.586861084904587,0,3.8979943069072425,W001
SHP001989,2026-04-21,Hyderabad,Pune,FastShip,Electronics,140.58556486907315,412.0122206319573,112.90130286852552,6.604558055188885,9.363428579036933,-2.7588705238480475,1,5.0,W005
SHP001990,2026-02-05,Hyderabad,Bangalore,GlobalLine,Electronics,146.3143193227662,1613.056973411333,195.43420806656343,48.20679993390777,41.22320640399423,6.983593529913534,0,4.297803615166395,W005
SHP001991,2026-02-06,Chennai,Kolkata,FastShip,Automotive,1982.4378884521752,188.0712119251311,1219.5129690139258,5.731390211343486,4.664532554516844,1.0668576568266417,1,4.830131235289266,W004
SHP001992,2026-01-09,Ahmedabad,Bangalore,GlobalLine,Pharmaceuticals,39.95417328083835,612.6835612530792,67.76849567198741,18.336128515878844,14.373690083833502,3.9624384320453423,0,4.692671056648183,W007
SHP001993,2026-04-13,Delhi,Chennai,EcoTrans,Textiles,150.58951459192605,1140.7011442161206,129.76759579242133,37.66958814889322,31.359598400913733,6.309989747979486,0,3.537738774134005,W005
SHP001994,2026-02-14,Pune,Hyderabad,EcoTrans,Textiles,92.8464494327253,675.2352041741111,84.70406255209733,20.683055234142355,15.875155296491032,4.807899937651323,0,4.2664864014081045,W003
SHP001995,2026-06-24,Chennai,Bangalore,GlobalLine,Pharmaceuticals,29.794943961345776,991.127418050297,101.22950782817676,26.93824782142364,22.11803909736538,4.820208724058261,0,4.399407172876086,W009
SHP001996,2026-02-21,Kolkata,Bangalore,FastShip,Automotive,1374.3972554458867,1389.224564007314,973.8208810182667,39.754930218226605,35.17189362711146,4.583036591115146,0,3.4995305302170854,W010
SHP001997,2026-06-10,Ahmedabad,Kolkata,GlobalLine,Pharmaceuticals,29.233642418970483,1625.5666986111248,141.75845437595652,43.366346903813415,37.60501981299365,5.761327090819762,0,4.27240315801521,W007
SHP001998,2026-01-25,Bangalore,Hyderabad,PrimeLogistics,Automotive,1248.8432190979543,1078.0580107433416,713.5463479423464,33.665332679325935,26.022710979902392,7.642621699423543,0,5.0,W009
SHP001999,2026-06-25,Hyderabad,Chennai,EcoTrans,Pharmaceuticals,20.617432491167143,530.8621513664564,44.46520455180488,7.640097299974421,14.715248871112939,-7.075151571138518,1,4.963356060498213,W008
SHP002000,2026-04-18,Pune,Chennai,FastShip,Textiles,203.49468072326073,156.5834959097498,149.01855988052063,5.411343549655881,3.939718813849978,1.4716247358059031,1,4.95353480577705,W001
