shipment_id,origin_city,destination_city,carrier,scheduled_dispatch_date,actual_dispatch_date,scheduled_arrival_date,actual_arrival_date,weight_kg,volume_m3,distance_km,transit_time_hours,fuel_cost_usd,delay_hours,status,customer_rating
SHP000707,Ahmedabad,Lucknow,Fastship,2026-01-01,2025-12-31,2026-01-01 08:36:23.934659,2026-01-01 07:43:08.686790,-0.3619178291287666,-0.4574672175521714,-1.0626220973422358,-0.6486193717304864,-0.8709753648174056,0.6680471232669132,In Transit,5.0
SHP001280,Jaipur,Ahmedabad,Fastship,2026-01-01,2025-12-31,2026-01-01 16:55:20.326137,2026-01-01 11:27:11.327847,-0.3599227573619609,-0.39122799522883883,-0.11470628473836254,-0.29372078722652684,-0.261761999289478,-0.4283979887551418,Cancelled,5.0
SHP002226,Hyderabad,Ahmedabad,Globalline,2026-01-01,2025-12-31,2026-01-02 00:29:44.393598,2026-01-01 18:01:56.772664,0.5004035995749263,0.28854201728758017,0.6996105248253783,0.02949715828190566,0.6805348456669148,-0.6662919307411601,Delivered,3.0
SHP001681,Mumbai,Bangalore,Fastship,2026-01-01,2025-12-31,2026-01-01 12:04:13.454650,2026-01-01 07:50:57.880171,-0.06778338136326784,0.32995584668125966,-0.6209354203433383,-0.5007921027908697,-0.7143197955964982,-0.129691360604541,Delivered,3.0
SHP003578,Jaipur,Delhi,Globalline,2026-01-01,2026-01-01,2026-01-01 08:34:49.142777,2026-01-01 08:18:53.241452,0.18483958757310326,0.0998527045875462,-0.7276803168432636,-0.6497431379261838,-0.7210817538837454,0.8169108146421714,Cancelled,4.0
SHP002675,Pune,Bangalore,Fastship,2026-01-02,2026-01-01,2026-01-03 02:08:54.271747,2026-01-02 20:13:19.673169,0.11751230642058642,0.28264238351048415,0.2609100190448943,0.10003349312091626,0.2544354033981991,-2.3754234253671918,Delayed,4.0
SHP003751,Ahmedabad,Delhi,Globalline,2026-01-02,2026-01-01,2026-01-02 12:06:39.490392,2026-01-02 04:54:11.581444,-0.47261598011442946,-0.2517301592304107,-0.36582435449985107,-0.499060836073311,-0.3125729479172311,-0.8444678226244222,Delayed,3.0
SHP004148,Delhi,Pune,Fastship,2026-01-01,2026-01-01,2026-01-02 07:46:47.889359,2026-01-01 19:58:21.641114,3.7980502871908097,2.4076029637494343,0.99538694526268,0.34037903371997397,0.8440093112574472,-1.9452065704523782,Delivered,4.0
SHP000335,Hyderabad,Jaipur,Fastship,2026-01-01,2026-01-01,2026-01-01 15:47:45.390366,2026-01-01 13:32:40.818022,-0.5638817616928572,-0.5923180658357438,-0.1918163764893899,-0.34179241158111645,-0.2462480499017246,0.34169291718589023,Delayed,3.4301601423487544
SHP000586,Pune,Lucknow,Fastship,2026-01-02,2026-01-01,2026-01-03 01:53:38.512640,2026-01-03 05:16:04.867883,0.4780749176458432,0.7086919116700507,0.40095074185169793,0.08917708742758262,0.284798209041466,1.350000480688524,Cancelled,3.4301601423487544
SHP003231,Chennai,Bangalore,Ecotrans,2026-01-01,2026-01-01,2026-01-01 17:49:56.423002,2026-01-01 17:21:08.127459,0.25636067238825855,0.25840441829012173,0.004009747912861415,-0.25488236741184206,0.32743940795990933,0.7655648294499903,In Transit,4.0
SHP004575,Bangalore,Mumbai,Ecotrans,2026-01-01,2026-01-01,2026-01-01 08:36:59.404800,2026-01-01 08:52:40.828425,-0.4841721798340079,-0.20933621707158082,-0.9167920962595021,-0.6481988700569495,-0.7388618953969344,0.943038142523665,Delayed,3.0
SHP004493,Chennai,Lucknow,Fastship,2026-01-01,2026-01-01,2026-01-01 06:43:37.254794,2026-01-01 04:01:36.250378,1.3574005347502323,1.3686396873757563,-1.064236299749482,-0.7288389635819377,-1.2075535272331455,0.23423833596441526,In Transit,3.0
SHP002840,Pune,Hyderabad,Globalline,2026-01-02,2026-01-01,2026-01-02 19:00:16.219522,2026-01-02 16:28:47.049265,-0.43055709640623485,-0.21034140581420904,0.27066267686598766,-0.20485630421386858,0.12533611254319227,0.2762403947782841,Delivered,5.0
SHP001153,Bangalore,Ahmedabad,Ecotrans,2026-01-01,2026-01-01,2026-01-02 18:50:28.734665,2026-01-02 16:09:31.135824,-0.7702970945847852,-0.7340335980414493,0.9247524154124899,0.812458697793111,0.8598361940233444,0.23845331018247923,Delivered,3.4301601423487544
SHP003476,Bangalore,Lucknow,Ecotrans,2026-01-01,2026-01-01,2026-01-02 11:29:11.579337,2026-01-01 22:09:53.398314,-0.32904844919484494,-0.1730518997648968,1.4240166124671032,0.49856966562882143,1.111366398242432,-2.3076314218615512,Cancelled,4.0
SHP004775,Bangalore,Kolkata,Ecotrans,2026-01-01,2026-01-01,2026-01-03 04:30:17.987371,2026-01-02 10:23:14.023241,-0.016207185938598642,-0.08232920195849754,1.7936814317868215,1.224888383935835,1.885270177037618,-2.3754234253671918,Delivered,4.0
SHP002722,Mumbai,Delhi,Globalline,2026-01-02,2026-01-01,2026-01-02 20:42:45.303525,2026-01-02 21:38:38.429837,-0.18780820369707124,-0.06480287927059837,-0.2839612125446501,-0.13195836626152366,-0.21441086871364087,1.1033594494015027,Delivered,3.0
SHP002616,Jaipur,Ahmedabad,Fastship,2026-01-01,2026-01-01,2026-01-01 11:30:38.874619,2026-01-01 09:51:42.817327,-0.6906457742509721,-0.6286876848092308,-0.8065401431450513,-0.5246751282949095,-0.676325119152624,-0.8352802474307497,In Transit,4.0
SHP002238,Jaipur,Chennai,Ecotrans,2026-01-02,2026-01-01,2026-01-02 16:20:10.393312,2026-01-02 16:10:38.495474,2.947689502731203,3.324940583687037,-0.5033677747678516,-0.31873422859471756,-0.5272287604428809,0.8424379831498569,Delivered,2.0
SHP002489,Jaipur,Hyderabad,Fastship,2026-01-01,2026-01-01,2026-01-02 11:56:26.238489,2026-01-02 03:39:53.255403,-0.014155415031864968,-0.10635006538662828,1.2147257849393942,0.5179486953179053,1.317561432656272,-1.1000745000847998,In Transit,3.4301601423487544
SHP002968,Mumbai,Hyderabad,Fastship,2026-01-03,2026-01-02,2026-01-03 08:51:49.236620,2026-01-03 07:14:30.936566,0.39991012801808884,0.2097185544409385,-0.6279822395846547,-0.6376498346588361,-0.8657496072331337,0.49234653515975046,Delivered,1.0
SHP000264,Mumbai,Ahmedabad,Ecotrans,2026-01-02,2026-01-02,2026-01-02 19:03:27.905614,2026-01-02 11:37:24.497005,0.4722264567192098,0.09275127229798664,-0.5057666245434637,-0.20258384853920372,-0.5016244170461109,-0.8986793023871235,Delivered,3.0
SHP004716,Delhi,Mumbai,Fastship,2026-01-02,2026-01-02,2026-01-03 21:01:23.981232,2026-01-03 14:50:46.028887,-0.5180792952133931,-0.611344359360967,1.5477415065745468,0.9055833447531226,1.469994877234017,-0.5978432721526155,Cancelled,3.0
SHP004958,Ahmedabad,Bangalore,Fastship,2026-01-01,2026-01-02,2026-01-02 10:20:53.515633,2026-01-02 06:38:38.237060,0.7293931021786029,1.0479621303088005,0.5195688790351787,0.4499867558026861,0.3727617798432353,-0.00602559017725486,Delivered,5.0
SHP003527,Delhi,Jaipur,Ecotrans,2026-01-02,2026-01-02,2026-01-04 21:31:25.181227,2026-01-04 21:18:46.898238,0.24923336420293177,0.6488620627743446,4.186653357240854,1.9512164182181755,4.073959022939956,0.8300477697325829,Delayed,3.0
SHP004139,Jaipur,Pune,Ecotrans,2026-01-02,2026-01-02,2026-01-03 05:57:06.474414,2026-01-03 06:15:28.898969,-0.16543658041856868,-0.20671164105853307,0.13690377228748438,0.262355773974567,0.4151717633281444,0.9537409043712523,Cancelled,4.0
SHP002498,Pune,Delhi,Ecotrans,2026-01-02,2026-01-02,2026-01-02 11:13:50.806454,2026-01-02 10:54:43.273223,-0.7420899214351698,-0.7072041113320379,-0.648826361230915,-0.5366258660831085,-0.39078895468658387,0.8041718158530512,Delivered,3.4301601423487544
SHP003766,Kolkata,Kolkata,Ecotrans,2026-01-02,2026-01-02,2026-01-03 02:16:19.765677,2026-01-02 20:52:18.546063,-0.6219172199487709,-0.6767291409479947,0.3271936670260986,0.1053148633023672,0.1793291718900005,-0.41192655495573155,Delayed,1.0
SHP002724,Pune,Jaipur,Fastship,2026-01-02,2026-01-02,2026-01-02 23:59:33.453437,2026-01-02 21:53:26.894752,-0.8503356395752939,-0.7453972588397404,-0.04673595114341876,0.008028301551340624,0.22743418524496684,0.3774581271323547,In Transit,3.0
SHP002899,Mumbai,Hyderabad,Ecotrans,2026-01-02,2026-01-02,2026-01-02 09:04:39.870045,2026-01-02 05:53:36.692158,0.21032829114005344,-0.006227168312922236,-0.8039218630745865,-0.6285139068373575,-0.6176743478646977,0.11842491949969385,Cancelled,5.0
SHP003206,Chennai,Bangalore,Ecotrans,2026-01-02,2026-01-02,2026-01-02 15:32:22.152763,2026-01-02 11:06:18.714386,-0.46147620463146616,-0.439366415668963,-0.1530363609692404,-0.35273747550374646,-0.1506362563922233,-0.18073618644283906,Delayed,2.0
SHP001517,Bangalore,Hyderabad,Globalline,2026-01-02,2026-01-02,2026-01-02 19:40:01.384839,2026-01-02 11:36:33.902724,-0.6317427856807856,-0.5653841792213525,-0.2112890061207327,-0.1765799571699796,-0.0795360988832212,-1.047857225168055,Cancelled,4.0
SHP001569,Jaipur,Jaipur,Fastship,2026-01-02,2026-01-02,2026-01-02 06:51:56.172902,2026-01-02 06:01:24.441827,-0.6905624399305778,-0.6071732566115153,-1.101592892160273,-0.7229242450198686,-0.9364713199943734,0.6789171306902427,Delivered,5.0
SHP003947,Bangalore,Mumbai,Globalline,2026-01-02,2026-01-02,2026-01-02 18:35:03.464203,2026-01-02 18:59:06.592994,0.10834728972224691,-0.04619999107626714,-0.3888241686920986,-0.22279015311902023,-0.33252248059425876,0.976389694650738,Delivered,3.4301601423487544
SHP000832,Jaipur,Pune,Ecotrans,2026-01-02,2026-01-02,2026-01-03 14:29:42.598193,2026-01-03 04:25:05.359585,-0.5879566326028006,-0.6052081759749833,0.4692991460660745,0.6269723578333614,0.299681102170179,-1.5311244487457705,Delivered,5.0
SHP000258,Ahmedabad,Bangalore,Fastship,2026-01-02,2026-01-02,2026-01-03 16:19:08.895221,2026-01-03 05:11:06.166206,-0.5034751502275453,-0.29107339963116374,1.0415376890851589,0.7048163933302172,0.9491153903504895,-1.7840997423630116,Delivered,5.0
SHP000819,Bangalore,Jaipur,Ecotrans,2026-01-02,2026-01-02,2026-01-04 08:56:35.751318,2026-01-03 18:38:02.597771,-0.8366944990550846,-0.7674999494132783,1.9136625393415316,1.4143061971176074,1.7035707767028365,-2.3754234253671918,Cancelled,2.0
SHP004104,Lucknow,Delhi,Globalline,2026-01-04,2026-01-03,2026-01-05 20:35:25.024812,2026-01-05 09:12:56.038852,2.0692172453953157,1.6728809808577094,1.645700272193413,0.8871017776887823,2.021844980367746,-1.8416853835214417,Delivered,5.0
SHP000631,Ahmedabad,Ahmedabad,Fastship,2026-01-04,2026-01-03,2026-01-04 12:06:09.287164,2026-01-04 07:43:19.715184,-0.21364989749604024,-0.27631624550604716,-0.2952057310165678,-0.4994188980245492,-0.4255702819071614,-0.1678486467414174,Delivered,3.0
SHP003285,Mumbai,Jaipur,Ecotrans,2026-01-03,2026-01-03,2026-01-03 14:29:18.069307,2026-01-03 16:07:44.986673,-0.440203782572318,-0.2569381646861064,-0.747567151483158,-0.3975981215580992,-0.9150238375837086,1.2731262790680196,In Transit,3.0
SHP004593,Mumbai,Delhi,Fastship,2026-01-03,2026-01-03,2026-01-03 20:01:49.372798,2026-01-03 18:59:37.594938,-0.5023498075673424,-0.3431938689306676,-0.33377942689209006,-0.16107364354330522,-0.07207767347798981,0.6323805422244239,Delayed,3.0
SHP000716,Chennai,Pune,Globalline,2026-01-03,2026-01-03,2026-01-03 16:28:04.169352,2026-01-03 10:52:47.954082,-0.36729246100268065,-0.2081810497627406,-0.12528524292934395,-0.31311757149343017,0.06197757300324026,-0.4567978346081157,Delivered,5.0
SHP000781,Lucknow,Jaipur,Fastship,2026-01-03,2026-01-03,2026-01-03 19:56:42.987311,2026-01-03 16:09:31.784701,0.858859910714753,1.1466674541438722,0.25149151288260224,-0.16470587074930354,0.5273157702336687,-0.025697554140367104,Delivered,4.0
SHP004063,Kolkata,Lucknow,Globalline,2026-01-03,2026-01-03,2026-01-04 01:24:16.325244,2026-01-03 19:10:21.408514,0.10305934667624028,0.4108379840918844,-0.12634387666056374,0.0682861990585329,0.10232505752849898,-0.6109367549362955,Delayed,1.0
SHP003408,Chennai,Ahmedabad,Globalline,2026-01-03,2026-01-03,2026-01-03 10:11:40.253294,2026-01-03 06:37:22.368758,-0.562045217788421,-0.33782064004446705,-0.48490244165831126,-0.5808519057209137,-0.4432198454761975,0.02570984567065786,In Transit,4.0
SHP002223,Jaipur,Hyderabad,Fastship,2026-01-03,2026-01-03,2026-01-04 08:28:49.386805,2026-01-03 23:45:18.769300,-0.7746610412949961,-0.7786029350447321,0.44025621227158157,0.3702716102814635,0.29985807420994576,-1.2076090090035814,In Transit,1.0
SHP002544,Chennai,Ahmedabad,Globalline,2026-01-03,2026-01-03,2026-01-03 15:47:07.980463,2026-01-03 17:59:05.182721,-0.8118011087370821,-0.7524715528130006,-0.343812697270898,-0.3422359093041073,-0.21647652636491202,1.350000480688524,Delayed,3.0
SHP002491,Pune,Kolkata,Ecotrans,2026-01-03,2026-01-03,2026-01-03 22:06:11.739420,2026-01-03 19:31:35.630058,-0.878315923413378,-0.8331515319899631,-0.3629022753520848,-0.07260662329061691,-0.3485438182740824,0.2638133564946164,In Transit,4.0
SHP002355,Bangalore,Mumbai,Globalline,2026-01-03,2026-01-03,2026-01-03 06:37:35.921071,2026-01-03 03:47:30.352068,-0.1978810543379598,0.1609333362575353,-1.0463903581417056,-0.7331226070240443,-1.38495422211989,0.20202622778320492,Delivered,3.0
SHP004927,Lucknow,Bangalore,Ecotrans,2026-01-02,2026-01-03,2026-01-04 18:18:50.593858,2026-01-03 23:36:51.861456,-0.888188159225682,-0.8177586366632087,2.2497563558868876,1.8142357569167435,2.162866589577854,-2.3754234253671918,In Transit,4.0
SHP001080,Jaipur,Lucknow,Fastship,2026-01-03,2026-01-03,2026-01-03 18:13:49.141380,2026-01-03 17:01:22.088750,3.1437304915716977,2.7968330968779034,-0.40097568310762133,-0.23789736356459482,-0.38357128551391945,0.5914792919388571,In Transit,2.0
SHP000806,Ahmedabad,Ahmedabad,Ecotrans,2026-01-03,2026-01-03,2026-01-03 14:24:56.846036,2026-01-03 09:59:04.412603,0.5798165803950472,0.11724187054962872,-0.010079160609373682,-0.40069494667992916,0.07724953708952069,-0.18000461740918164,Delivered,1.0
SHP001366,Kolkata,Mumbai,Ecotrans,2026-01-03,2026-01-03,2026-01-03 19:57:40.197953,2026-01-03 14:13:21.540423,-0.6509249524086071,-0.6297821488464581,0.5717926402549823,-0.16402763350331304,0.49203148506515565,-0.49285744199576886,In Transit,3.0
SHP001820,Hyderabad,Pune,Fastship,2026-01-03,2026-01-03,2026-01-03 21:28:44.758793,2026-01-03 18:31:41.286902,1.1049639776841775,0.7445018040161937,0.24430296863398848,-0.09924477853741193,0.12973620212445625,0.17424554921393873,Delivered,2.0
SHP004850,Pune,Jaipur,Globalline,2026-01-03,2026-01-03,2026-01-03 15:50:04.638015,2026-01-03 09:51:49.608388,0.7978204305256373,1.1258013623701943,-0.30131304700520656,-0.34014161830621453,-0.2535362568323333,-0.5484564461143047,Delayed,5.0
SHP003764,Jaipur,Hyderabad,Globalline,2026-01-03,2026-01-03,2026-01-03 13:07:08.878962,2026-01-03 13:19:52.833019,1.6661551434419848,2.768458938054963,-0.7253307338181244,-0.45603411166433144,-0.602531166837455,0.9312406049473405,Cancelled,3.0
SHP000705,Jaipur,Lucknow,Fastship,2026-01-04,2026-01-04,2026-01-04 07:40:21.910353,2026-01-04 05:02:12.432829,-0.3142870742337677,-0.2223564327822003,-0.7929690820307697,-0.6884764690093621,-0.7220087214040133,0.2496294097078282,Delayed,4.0
SHP004736,Kolkata,Jaipur,Fastship,2026-01-04,2026-01-04,2026-01-05 01:49:23.524583,2026-01-04 20:05:29.133145,0.20887849033567174,0.1105992020780276,0.2475678104966614,0.08615418132740414,0.30924865098919085,-0.49124431961413,Delivered,4.0
SHP003008,Hyderabad,Kolkata,Ecotrans,2026-01-04,2026-01-04,2026-01-06 04:13:32.752391,2026-01-05 04:14:05.013623,0.005110903897376151,0.3354427482671002,1.7226006550943547,1.2129712338040206,1.960440945835229,-2.3754234253671918,In Transit,3.0
SHP000060,Delhi,Lucknow,Globalline,2026-01-05,2026-01-04,2026-01-05 15:27:18.691090,2026-01-05 12:15:47.216803,0.4044824088521298,1.0647643924913894,-0.2935064360628794,-0.3563350406371816,-0.1991963669132638,0.11654387676072295,Delivered,3.0
SHP000828,Lucknow,Chennai,Ecotrans,2026-01-04,2026-01-04,2026-01-04 14:36:25.094892,2026-01-04 12:29:39.418751,-0.3510574760352593,-0.44945887928601447,-0.6957492722315952,-0.392535695248183,-0.7070957602373379,0.3748577395715408,Delivered,5.0
SHP001345,Delhi,Ahmedabad,Ecotrans,2026-01-04,2026-01-04,2026-01-06 09:23:24.218279,2026-01-05 16:50:46.958697,0.5071923873107406,0.09845852787117267,1.5650436488574981,1.4333747160508452,1.8254890719400367,-2.3754234253671918,In Transit,3.0
SHP000213,Jaipur,Delhi,Fastship,2026-01-04,2026-01-04,2026-01-04 08:24:33.224653,2026-01-04 04:59:21.856564,-0.6480422914136914,-0.6035478606299959,-0.9271401667225009,-0.6570449020924023,-0.6313577540581958,0.06204029033349636,Delivered,2.0
SHP003039,Jaipur,Delhi,Ecotrans,2026-01-04,2026-01-04,2026-01-06 03:38:39.576006,2026-01-05 18:38:35.034328,0.6352730450238759,0.6663274984442994,1.2946486544911895,1.1881564415299777,1.0993817809806445,-1.2736815075797026,In Transit,4.0
SHP001530,Lucknow,Pune,Ecotrans,2026-01-04,2026-01-04,2026-01-04 20:50:04.655670,2026-01-04 13:31:33.339060,0.006407199889534641,-0.12323376874042714,0.09575294424840149,-0.1267498074909787,0.22583364472500106,-0.8686258548791082,Delivered,3.0
SHP000009,Delhi,Lucknow,Fastship,2026-01-04,2026-01-04,2026-01-04 11:11:50.609570,2026-01-04 11:18:14.381530,-0.7101609772457097,-0.7178390657275812,-0.6190626285035856,-0.5380508108434424,-0.5988350020222827,0.9059674686809392,In Transit,3.0
SHP003839,Jaipur,Jaipur,Globalline,2026-01-04,2026-01-04,2026-01-04 13:34:17.048437,2026-01-04 10:55:18.052294,-0.6961102635029921,-0.6368475275968136,-0.752233766555467,-0.4367320176723055,-1.211739985241351,0.24633759029921723,Delayed,3.0
SHP002511,Bangalore,Bangalore,Ecotrans,2026-01-05,2026-01-04,2026-01-05 22:44:28.434738,2026-01-06 01:50:31.998626,0.22365318872643655,0.6550720609667944,-0.012404829235995386,-0.04537909594612811,-0.2618709434324028,1.350000480688524,Delayed,3.0
SHP002645,Jaipur,Delhi,Fastship,2026-01-04,2026-01-04,2026-01-04 08:28:08.191093,2026-01-04 09:23:20.805907,-0.358289367053325,-0.5034237433907665,-1.0756070371983293,-0.6544964558102971,-0.5896636472949197,1.1006663909503311,In Transit,3.4301601423487544
SHP002379,Jaipur,Ahmedabad,Ecotrans,2026-01-04,2026-01-04,2026-01-05 03:46:20.599916,2026-01-05 06:14:57.565346,-0.1033938890401269,-0.2650535378656782,0.018596518014429155,0.16934223373476168,0.17844454145545544,1.350000480688524,Delivered,4.0
SHP002135,Bangalore,Mumbai,Globalline,2026-01-05,2026-01-04,2026-01-05 12:59:44.821518,2026-01-05 10:35:38.607349,-0.4655896080691233,-0.5095920595721258,-0.25366770094852065,-0.4612984521714302,-0.1191324723694821,0.30568651983360456,Delivered,1.0
SHP000291,Bangalore,Hyderabad,Ecotrans,2026-01-04,2026-01-04,2026-01-04 18:32:41.495570,2026-01-04 12:57:19.360220,-0.44673809292253425,-0.2600113265864342,-0.3368523391684273,-0.2244732038904693,-0.4752980677402257,-0.4571913802004217,Delivered,2.0
SHP003145,Pune,Chennai,Ecotrans,2026-01-05,2026-01-05,2026-01-05 18:06:14.586994,2026-01-05 16:49:51.407906,-0.8060370944614568,-0.7553071803297258,-0.15642129611741667,-0.24328614625749276,-0.5464588765383525,0.5757824556169282,Delivered,4.0
SHP001311,Bangalore,Lucknow,Fastship,2026-01-05,2026-01-05,2026-01-06 11:47:45.917342,2026-01-06 16:41:12.691240,2.8154631262116667,2.4278858420499794,0.38138627285239074,0.511780241833755,0.2641467182295334,1.350000480688524,Delayed,5.0
SHP001476,Hyderabad,Ahmedabad,Fastship,2026-01-06,2026-01-05,2026-01-07 05:28:36.792521,2026-01-07 00:45:15.154332,0.3325061254958853,0.23901412898027224,0.5783400002958168,0.24208734302041462,0.936329018440017,-0.24975197000412577,Delayed,3.0
SHP000964,Lucknow,Jaipur,Ecotrans,2026-01-05,2026-01-05,2026-01-05 20:34:52.778710,2026-01-05 19:45:14.550516,0.3076793897980062,-0.024736831668171,-0.24711160910183266,-0.137560189988713,-0.4061656229823205,0.682473809483979,Delivered,1.0
SHP003212,Hyderabad,Mumbai,Globalline,2026-01-05,2026-01-05,2026-01-06 01:49:49.809775,2026-01-05 22:43:48.116664,-0.376086834193899,-0.5170096229707828,0.005815453551828486,0.08646579462059048,0.13851650337852145,0.1384665413598979,Cancelled,3.0
SHP000735,Mumbai,Lucknow,Fastship,2026-01-06,2026-01-05,2026-01-06 23:58:31.541505,2026-01-06 17:04:04.432404,2.94989264866296,2.529859992801811,0.4820307564561251,0.007294330090470804,-0.27997882478300173,-0.7726201421958075,Delivered,1.0
SHP000880,Bangalore,Kolkata,Fastship,2026-01-05,2026-01-05,2026-01-05 10:07:59.480263,2026-01-05 08:51:46.091482,1.5508350609461776,2.3956310273437027,-0.7782012075897433,-0.5834691896463814,-0.5705028034974001,0.5764332799583514,Delivered,1.0
SHP000659,Ahmedabad,Kolkata,Globalline,2026-01-06,2026-01-05,2026-01-07 07:05:23.383587,2026-01-07 01:24:51.588577,-0.008899019156166438,0.2901344865362753,0.39977470117801955,0.3109249967290757,0.6412780656844643,-0.4777764389002991,In Transit,4.0
SHP000003,Kolkata,Pune,Ecotrans,2026-01-05,2026-01-05,2026-01-05 19:17:54.416395,2026-01-05 09:55:41.342263,0.36304350081649134,0.7280975873689233,-0.10961555152855688,-0.19231128614342985,-0.37155015398286045,-1.3619975593065632,Cancelled,3.4301601423487544
SHP001967,Jaipur,Bangalore,Ecotrans,2026-01-05,2026-01-05,2026-01-05 11:51:20.547771,2026-01-05 10:41:39.019599,-0.6228078926844156,-0.6856377075993528,-0.6570255321211198,-0.5099549826073397,-0.34819293469295837,0.6024827616326344,Delivered,3.4301601423487544
SHP002597,Pune,Jaipur,Fastship,2026-01-06,2026-01-05,2026-01-06 13:49:23.481037,2026-01-06 16:25:53.405853,-0.6786751004951717,-0.6226346548521877,-0.15342181320421516,-0.42598617855273996,-0.08159642115337166,1.350000480688524,In Transit,4.0
SHP001485,Mumbai,Ahmedabad,Fastship,2026-01-05,2026-01-05,2026-01-05 11:09:45.720492,2026-01-05 09:56:26.446034,-0.586940824128829,-0.4920675613946209,-0.9197121706828469,-0.5395313819698645,-0.7768966140399229,0.5880077729337826,Delayed,4.0
SHP003778,Hyderabad,Bangalore,Ecotrans,2026-01-05,2026-01-05,2026-01-06 00:53:19.387580,2026-01-06 04:23:11.231347,-0.28565032646574307,0.035843845843051995,1.0265328996905991,0.046272037839642954,1.109736961338956,1.350000480688524,In Transit,3.0
SHP003851,Bangalore,Lucknow,Fastship,2026-01-05,2026-01-05,2026-01-06 08:43:11.929438,2026-01-06 09:53:39.206358,0.5057646774092031,0.940225647035101,0.8542800831363,0.380497129938308,0.48398258175652337,1.161469832840577,Delivered,5.0
SHP000601,Chennai,Bangalore,Fastship,2026-01-05,2026-01-05,2026-01-05 05:01:09.577366,2026-01-05 03:42:45.625939,0.5966517820827095,0.7072022462363625,-1.3027538192204222,-0.801720226469121,-0.9362317909497865,0.5677539455822777,Cancelled,5.0
SHP004072,Chennai,Jaipur,Globalline,2026-01-04,2026-01-05,2026-01-05 14:45:35.714327,2026-01-05 04:01:53.783206,0.2159044645867678,-0.08860813576963014,0.5774403826834473,0.6382716344039708,0.6537367707599064,-1.686991160648987,Delivered,3.4301601423487544
SHP004224,Kolkata,Mumbai,Globalline,2026-01-06,2026-01-06,2026-01-06 16:53:09.147463,2026-01-06 16:22:39.608986,-0.7265944329755422,-0.7048371265391996,-0.6349618833307858,-0.2952759220814016,-0.279877825661985,0.7588345639083378,Delivered,4.0
SHP001811,Kolkata,Mumbai,Globalline,2026-01-06,2026-01-06,2026-01-06 04:01:47.919703,2026-01-06 03:01:32.509606,0.04318679018171945,-0.056162772962289886,-1.1994561595996753,-0.8439439949626663,-1.3631499420039914,0.6401162519133399,In Transit,3.0
SHP001030,Mumbai,Kolkata,Fastship,2026-01-06,2026-01-06,2026-01-06 09:46:06.499059,2026-01-06 08:10:23.261557,-0.6993522983976036,-0.705450928308848,-1.0101295428092487,-0.5990346986370493,-0.9891825635801571,0.4986659511698312,In Transit,4.0
SHP001486,Hyderabad,Pune,Ecotrans,2026-01-06,2026-01-06,2026-01-06 12:11:12.042104,2026-01-06 10:38:33.986335,-0.7506556233577817,-0.6955591771875141,-0.6455098569406522,-0.4958297112789781,-0.27997882478300173,0.5109761656935764,Delivered,5.0
SHP003005,Kolkata,Kolkata,Ecotrans,2026-01-06,2026-01-06,2026-01-10 00:58:53.824590,2026-01-08 14:33:22.080059,-0.11238354839033673,-0.2853617118764097,4.186653357240854,3.1230758801508793,4.126596016304396,-2.3754234253671918,Delivered,5.0
SHP004033,Chennai,Chennai,Fastship,2026-01-07,2026-01-06,2026-01-07 08:40:28.690862,2026-01-07 08:02:21.221683,-0.4176477548394348,-0.129917793133206,-0.9211067240195835,-0.6457177651704183,-0.7825568780825319,0.7283929804578296,Delivered,3.0
SHP000694,Ahmedabad,Jaipur,Ecotrans,2026-01-06,2026-01-06,2026-01-06 07:52:49.283250,2026-01-06 04:27:54.645335,0.048969809889963356,0.30953428484658724,-1.0338646896046406,-0.6796162968214388,-1.1755100951402062,-1.9088412684150553,In Transit,1.0
SHP003618,Lucknow,Hyderabad,Globalline,2026-01-06,2026-01-06,2026-01-07 12:48:27.980653,2026-01-07 09:45:00.945695,-0.336044353643684,-0.22251869909833286,0.8296766352498371,0.554957226427823,0.4944764865209221,0.14874765824131403,Delivered,4.0
SHP004154,Delhi,Kolkata,Fastship,2026-01-06,2026-01-06,2026-01-06 20:39:37.944156,2026-01-06 13:20:49.605119,-0.3449333285563196,-0.5059375765808914,0.776708972021821,-0.13417952825187934,0.6465800654461789,-0.8697574445056339,Delivered,3.0
SHP001217,Pune,Delhi,Globalline,2026-01-06,2026-01-06,2026-01-06 04:48:08.339966,2026-01-06 02:53:45.531021,-0.7935108998844262,-0.6580436482760872,-1.3036165668692898,-0.8109818653553663,-1.507482793809638,0.42424087470730004,Delivered,4.0
SHP001631,Chennai,Ahmedabad,Ecotrans,2026-01-06,2026-01-06,2026-01-08 00:42:00.861467,2026-01-07 16:05:22.686178,-0.4322759842441646,-0.5396896921708704,1.1674326690955992,1.0625077376619034,1.150577179590563,-1.1801913362377214,Delivered,5.0
SHP003160,Mumbai,Lucknow,Globalline,2026-01-06,2026-01-06,2026-01-08 05:34:41.705582,2026-01-07 19:21:47.735219,-0.7726377471609724,-0.7771003879186298,1.92755650099191,1.2706931070916672,2.002467481736894,-1.5641453864254418,Cancelled,5.0
SHP000063,Pune,Lucknow,Fastship,2026-01-06,2026-01-06,2026-01-06 06:57:05.945497,2026-01-06 03:22:17.509537,1.9199193873155662,0.999563479063067,-0.8429826652963086,-0.7192518633458989,-0.9107276628951352,0.023678897059512042,Delivered,5.0
SHP001676,Bangalore,Bangalore,Globalline,2026-01-06,2026-01-06,2026-01-06 20:17:03.046072,2026-01-06 19:55:04.987163,-0.19097462748633995,-0.048527367441283234,-0.29419326307673904,-0.15024196558124334,-0.4677422667371247,0.7928358830697292,Delayed,4.0
SHP002145,Lucknow,Ahmedabad,Ecotrans,2026-01-07,2026-01-07,2026-01-07 08:04:10.892327,2026-01-07 08:48:45.741365,-0.810469972256109,-0.7550578300773636,-0.9830090824985346,-0.6715357605688042,-0.8857689124148235,1.0582700196059562,Cancelled,3.4301601423487544
SHP000469,Kolkata,Kolkata,Fastship,2026-01-07,2026-01-07,2026-01-07 11:58:25.231313,2026-01-07 04:37:12.957795,-0.12572153534969585,0.30335785151014066,-0.4779512089503046,-0.5049203214267853,-0.27997882478300173,-0.8793256903027175,In Transit,3.0
SHP002872,Pune,Pune,Globalline,2026-01-07,2026-01-07,2026-01-08 02:05:13.103804,2026-01-08 09:41:25.367897,-0.2496203277770146,-0.43723470149777394,-0.06444371298888449,0.09741152748334798,0.155824133045204,1.350000480688524,Delivered,4.0
SHP001959,Jaipur,Lucknow,Ecotrans,2026-01-07,2026-01-07,2026-01-08 00:51:10.977031,2026-01-07 21:49:19.480049,-0.15670925583128337,-0.38096451990186153,-0.07368073955038709,0.044749719358565344,0.20855140724077043,0.1550986787262797,Delivered,4.0
SHP004322,Delhi,Chennai,Fastship,2026-01-07,2026-01-07,2026-01-08 20:40:55.770689,2026-01-07 19:24:50.176532,2.8332120864430226,1.8893434520301529,0.9812290779692117,0.8910227994878066,1.2155218431370076,-2.3754234253671918,In Transit,3.0
SHP004338,Delhi,Chennai,Ecotrans,2026-01-08,2026-01-07,2026-01-09 17:53:15.227815,2026-01-08 20:28:27.695001,-0.6712198688793953,-0.5931691746885723,0.9965500150041012,0.771754168606874,0.880128827815324,-2.3754234253671918,Delayed,5.0
SHP004503,Mumbai,Ahmedabad,Fastship,2026-01-07,2026-01-07,2026-01-07 12:01:45.273076,2026-01-07 08:00:50.623554,0.1343437668541706,0.30442389202917663,-0.4031334996361689,-0.5025488085383225,-0.48791149056894084,-0.08043733852091182,In Transit,5.0
SHP000991,Lucknow,Kolkata,Ecotrans,2026-01-07,2026-01-07,2026-01-07 08:11:01.070402,2026-01-07 06:40:52.223104,-0.5155000589532622,-0.5464464934200998,-1.0399782045435364,-0.6666730629951723,-0.27997882478300173,0.5208950073471967,In Transit,2.0
SHP004724,Kolkata,Delhi,Fastship,2026-01-06,2026-01-07,2026-01-07 21:27:07.912073,2026-01-07 14:21:26.869351,-0.47973968333370165,-0.3131061577338514,2.1319227857251124,0.9238867822442219,2.420138844494397,-0.8174208215871943,Delivered,3.0
SHP003144,Jaipur,Pune,Globalline,2026-01-07,2026-01-07,2026-01-07 11:07:40.386082,2026-01-07 08:38:26.845300,-0.37603801344047677,-0.11379445350945701,-0.8465994443277394,-0.541017232552481,-0.9380757640899585,0.28525655369387726,In Transit,3.4301601423487544
SHP004230,Bangalore,Delhi,Globalline,2026-01-07,2026-01-07,2026-01-07 11:11:36.633061,2026-01-07 13:09:13.101889,-0.330887919699479,-0.4591052350420189,-0.8626066816495382,-0.5382165035948288,-0.6687392387737463,1.349544319195687,Delivered,4.0
SHP002973,Lucknow,Pune,Globalline,2026-01-07,2026-01-07,2026-01-07 22:10:49.171820,2026-01-07 18:46:43.726883,0.34257580734576254,0.4093014033546494,-0.36892207995629245,-0.06931763750631507,-0.335676222680526,0.06642262400137196,Delayed,3.4301601423487544
SHP003101,Lucknow,Hyderabad,Ecotrans,2026-01-07,2026-01-07,2026-01-07 09:12:40.321447,2026-01-07 08:03:00.020909,2.062802337445234,1.429847303807339,-1.0582242124447696,-0.6228181127267852,-1.0586693536633411,0.602564370318609,Delivered,1.0
SHP000078,Ahmedabad,Lucknow,Fastship,2026-01-07,2026-01-07,2026-01-07 19:11:27.132355,2026-01-07 19:23:03.148530,1.4315900545598172,1.4409969215412974,0.1534313238987019,-0.1969025728853697,0.283150675082612,0.9267243392867913,Cancelled,3.0
SHP000923,Pune,Mumbai,Fastship,2026-01-07,2026-01-07,2026-01-11 06:00:23.261631,2026-01-09 23:52:24.592637,0.4449187483036176,0.2402818328551459,-0.46792454126082716,3.3375277657419855,-0.394612758295319,-2.3754234253671918,Delivered,3.4301601423487544
SHP002927,Hyderabad,Jaipur,Ecotrans,2026-01-08,2026-01-08,2026-01-08 05:18:22.611120,2026-01-08 04:15:26.312986,-0.40841399835648096,-0.5178384645602839,-1.0162806431361864,-0.7894735194005881,-1.040080167179263,-0.36380345103780154,Delivered,4.0
SHP004638,Ahmedabad,Delhi,Fastship,2026-01-08,2026-01-08,2026-01-08 20:13:05.135379,2026-01-08 17:41:10.712911,2.5814330797197034,1.7581258384932668,-0.0710405405398509,-0.15306241801918274,-0.13000622765092157,0.27456171875785346,Cancelled,3.0
SHP003651,Mumbai,Chennai,Fastship,2026-01-09,2026-01-08,2026-01-09 04:30:41.357959,2026-01-09 04:32:55.654486,-0.7511250606751928,-0.6230767554262668,-1.191123400321941,-0.8233939302023587,-0.9962057741327471,0.9078247963207795,Delivered,1.0
SHP000980,Jaipur,Delhi,Fastship,2026-01-08,2026-01-08,2026-01-09 13:39:42.801987,2026-01-09 07:31:49.830951,-0.482766045634691,-0.5126104599154856,0.5325922418876814,0.5914095069185588,0.330600171550726,-0.586875909047755,Delivered,3.0
SHP002246,Chennai,Delhi,Globalline,2026-01-08,2026-01-08,2026-01-08 18:55:13.050371,2026-01-08 14:23:56.226989,-0.832902399519149,-0.7157405577326932,-0.40884519371415434,-0.2084504014821217,-0.3640286525779212,-0.20156889265838668,Delivered,3.4301601423487544
SHP001673,Jaipur,Kolkata,Ecotrans,2026-01-08,2026-01-08,2026-01-10 01:46:52.269448,2026-01-10 04:05:28.762900,-0.681655243166996,-0.6311715806225002,1.5515109333621273,1.1086407255153916,1.3067959663933695,1.350000480688524,Delayed,1.0
SHP000274,Kolkata,Mumbai,Ecotrans,2026-01-08,2026-01-08,2026-01-09 04:18:12.753677,2026-01-09 07:30:59.148923,-0.6085265162352187,-0.36211318738385756,0.6507948512495875,0.19201098669137087,0.3487240663642967,1.350000480688524,Delivered,4.0
SHP000121,Delhi,Delhi,Ecotrans,2026-01-08,2026-01-08,2026-01-09 10:23:34.605624,2026-01-09 11:07:06.372160,-0.6829750717281913,-0.7191763194153636,2.2936473433516102,0.4518964919769835,2.368834521883082,1.054076522117116,Delivered,4.0
SHP000665,Delhi,Chennai,Globalline,2026-01-08,2026-01-08,2026-01-08 17:04:46.869053,2026-01-08 12:37:29.229414,-0.003922309854482679,-0.17489603132096423,-0.6017043881182371,-0.2870043705531317,-0.5534385079710502,-0.1856688190430136,In Transit,3.0
SHP001731,Lucknow,Bangalore,Fastship,2026-01-09,2026-01-08,2026-01-09 04:19:07.351060,2026-01-09 04:08:27.810644,-0.3857783740395398,-0.1894414784755471,-1.1032211552848938,-0.8316214437422977,-1.231057700537429,0.8379413482354445,In Transit,3.0
SHP002619,Mumbai,Bangalore,Globalline,2026-01-08,2026-01-08,2026-01-08 09:58:00.378998,2026-01-08 09:02:16.446074,-0.7551779796028371,-0.6999326423572121,-0.7603772256814284,-0.5905715884418894,-0.8149952827408666,0.6581630764234544,Cancelled,3.0
SHP001477,Lucknow,Pune,Fastship,2026-01-08,2026-01-08,2026-01-08 19:20:45.006267,2026-01-08 15:17:44.145825,0.9661631290117018,1.6514069046989457,0.38553922792937295,-0.19028892802800174,0.32952499467749813,-0.08882738582886748,Delivered,5.0
SHP002353,Bangalore,Delhi,Globalline,2026-01-09,2026-01-09,2026-01-09 14:46:37.107990,2026-01-09 15:55:08.749040,1.0284840481930553,0.5130826919186038,-0.18615182933544516,-0.3852802255164588,0.1659226476360631,1.1537827767617799,Delayed,3.0
SHP004023,Kolkata,Ahmedabad,Fastship,2026-01-09,2026-01-09,2026-01-09 09:39:28.212659,2026-01-09 06:17:26.296280,0.6981912560634106,0.6658684327602397,-0.8894143066608863,-0.6037564193467044,-0.8312174935802421,0.07463435754632645,Delayed,1.0
SHP002476,Mumbai,Bangalore,Globalline,2026-01-09,2026-01-09,2026-01-09 12:53:40.218076,2026-01-09 05:19:14.361585,-0.5204888419003988,-0.5386823969069402,-0.23864644204413665,-0.4656208584113479,-0.10241795330773831,-0.932080227598367,Delayed,5.0
SHP000633,Hyderabad,Delhi,Globalline,2026-01-09,2026-01-09,2026-01-09 10:09:31.492005,2026-01-09 08:05:43.497240,-0.8056568072872005,-0.7310093840647365,-0.615505294578415,-0.5823783822522164,-0.6015582818186027,-1.6486331219868253,In Transit,3.0
SHP001026,Pune,Chennai,Ecotrans,2026-01-09,2026-01-09,2026-01-11 00:17:06.665003,2026-01-10 23:47:28.998299,-0.8122774850191952,-0.716444715325593,1.4627186503652467,1.044793905637354,1.3833573023484393,0.7622828125180267,In Transit,4.0
SHP000440,Lucknow,Jaipur,Ecotrans,2026-01-10,2026-01-09,2026-01-10 13:33:37.596757,2026-01-10 10:41:11.072359,1.3498796059606246,1.564886141395613,-0.6679485216992713,-0.43719972084098135,-0.3606231182126484,0.19265602089174413,In Transit,3.0
SHP002391,Ahmedabad,Hyderabad,Fastship,2026-01-09,2026-01-09,2026-01-10 05:46:20.429598,2026-01-10 05:50:04.860178,0.1380566108885929,-0.052150350416403105,0.3889990446796317,0.25469685519932017,0.20033221440657312,0.8953750277391019,Cancelled,3.0
SHP001813,Chennai,Kolkata,Globalline,2026-01-08,2026-01-09,2026-01-09 04:13:36.281380,2026-01-09 00:30:31.487490,-0.12412674621484164,-0.02756806582393192,0.08810389433844207,0.18873338301975104,0.3350673746293135,-0.00931719008080064,Delayed,2.0
SHP003960,Jaipur,Hyderabad,Ecotrans,2026-01-08,2026-01-09,2026-01-09 15:15:05.620759,2026-01-09 16:08:26.568219,0.00469099814751643,-0.19167106314160634,1.1228965277090204,0.6592540326366462,1.4867164184160084,1.093243147519301,In Transit,4.0
SHP003276,Pune,Hyderabad,Ecotrans,2026-01-09,2026-01-09,2026-01-10 01:42:16.044142,2026-01-09 18:55:12.089497,-0.48050207208044626,-0.32763719541293584,-0.08700832778312648,0.08108636266574974,-0.07845553955335303,-0.7431608303504346,Delivered,5.0
SHP002196,Bangalore,Ahmedabad,Globalline,2026-01-09,2026-01-09,2026-01-10 19:06:49.963779,2026-01-10 21:44:58.711119,0.27950703035635144,-0.05098028599321523,0.8479824984888338,0.8240912562449629,0.7423244792508473,1.350000480688524,In Transit,4.0
SHP004087,Lucknow,Mumbai,Ecotrans,2026-01-08,2026-01-09,2026-01-09 09:26:45.677624,2026-01-09 00:22:29.283443,0.7026945127740158,1.0481191237544822,0.2947101785786702,0.41148334723907065,0.15591312350301448,-1.2904237547227952,Delivered,2.0
SHP002349,Hyderabad,Ahmedabad,Ecotrans,2026-01-09,2026-01-09,2026-01-09 16:16:13.071172,2026-01-09 12:17:54.535946,-0.10562654899738629,-0.3628585906111875,-0.6691241975368035,-0.3215477036784934,-0.519016091233103,-0.07005942249836626,In Transit,3.0
SHP001415,Hyderabad,Delhi,Ecotrans,2026-01-10,2026-01-09,2026-01-10 09:17:52.625932,2026-01-10 05:08:36.526221,-0.5222133661382763,-0.6013117957478148,-0.5596537238104251,-0.6191157152689263,-0.2540500818812302,-0.11377194069553664,Delivered,4.0
SHP004729,Lucknow,Delhi,Globalline,2026-01-08,2026-01-09,2026-01-09 17:00:10.433053,2026-01-09 07:25:14.633630,0.9929535355054809,0.6043898580767958,0.616216236743914,0.7339981433320665,0.4746772117208818,-1.4127007890624694,Delivered,3.0
SHP004195,Ahmedabad,Chennai,Globalline,2026-01-09,2026-01-09,2026-01-09 09:57:00.210796,2026-01-09 08:23:31.648279,-0.3236154088851629,-0.43238874082889556,-0.9970319617702895,-0.5912848878255097,-1.2098122882126578,0.5076186590286141,In Transit,3.0
SHP001592,Lucknow,Pune,Globalline,2026-01-08,2026-01-09,2026-01-09 07:06:40.714532,2026-01-09 05:54:17.090923,-0.052726731521121756,-0.13795568489471738,0.125177476940008,0.311841761972622,0.16861499094015095,0.5917072409024647,Cancelled,4.0
SHP002463,Delhi,Hyderabad,Fastship,2026-01-09,2026-01-09,2026-01-10 12:42:17.671384,2026-01-10 13:15:25.116300,-0.4710533544574561,-0.5151260845885308,0.6173463626017369,0.5505671770895164,0.3013946910203529,1.012573869833307,Cancelled,4.0
SHP003268,Delhi,Ahmedabad,Ecotrans,2026-01-09,2026-01-09,2026-01-09 22:47:01.410263,2026-01-10 00:57:54.841371,1.2810594950955934,0.6756133911849472,-0.19358358041675347,-0.04356555749027352,-0.15755261777385585,1.350000480688524,Cancelled,3.0
SHP004432,Pune,Bangalore,Globalline,2026-01-10,2026-01-09,2026-01-11 06:04:48.106198,2026-01-11 00:48:19.264770,-0.7544105704461067,-0.7070471653028204,1.5132142384764602,0.2678284598518826,-0.27997882478300173,-0.38185408276689675,Delivered,4.0
SHP004508,Jaipur,Kolkata,Ecotrans,2026-01-09,2026-01-09,2026-01-09 09:30:10.102177,2026-01-09 06:45:18.726542,0.36435003685989653,0.37557673423348953,-0.5244844638709159,-0.610372868769141,-0.8210992105579884,0.2229126710590006,Delayed,3.4301601423487544
SHP001141,Delhi,Kolkata,Ecotrans,2026-01-08,2026-01-09,2026-01-10 03:20:04.390512,2026-01-09 22:38:29.252390,0.5627195931216373,0.798188267716108,1.4977006687710215,1.1749358182743976,1.3461357702723447,-2.3754234253671918,Delivered,3.0
SHP002549,Chennai,Kolkata,Ecotrans,2026-01-09,2026-01-09,2026-01-10 21:45:15.957246,2026-01-09 23:42:51.164302,1.0842018916410692,1.2021709760599173,1.4831016914489494,0.9367856545750881,1.813491185872663,-2.3754234253671918,Delayed,4.0
SHP000237,Chennai,Ahmedabad,Ecotrans,2026-01-10,2026-01-09,2026-01-10 22:55:36.372717,2026-01-10 18:31:22.926057,-0.6960892872419627,-0.6251592323317615,-0.20289486544367588,-0.03746063177809799,-0.38083472201962715,-0.17342433332336818,Delayed,3.0
SHP000629,Hyderabad,Chennai,Fastship,2026-01-09,2026-01-09,2026-01-09 12:24:09.030928,2026-01-09 08:40:17.363557,-0.5287492002409718,-0.4735846119914115,-0.3926467393326085,-0.48661843963511864,-0.49799786476492874,-0.012433170243836654,In Transit,4.0
SHP002052,Bangalore,Delhi,Fastship,2026-01-09,2026-01-09,2026-01-09 15:40:18.365403,2026-01-09 09:58:00.003318,-0.5217774723768669,-0.3253770182549511,-0.3304965082069524,-0.3470919322809375,-0.16833286527753194,-0.48486063415630754,Delivered,5.0
SHP004779,Delhi,Chennai,Ecotrans,2026-01-10,2026-01-09,2026-01-10 18:49:18.144849,2026-01-10 22:16:04.276130,-0.6697940281757631,-0.6967197580363977,0.23963115468221222,-0.21265783802153104,0.20712215808504675,1.350000480688524,Delivered,2.0
SHP002158,Kolkata,Mumbai,Fastship,2026-01-09,2026-01-09,2026-01-09 09:55:12.727903,2026-01-09 07:57:03.835884,-0.4732380504209251,-0.34936539179326015,-1.0540276248546108,-0.5925591070951429,-1.1750779212230609,0.40921168637408706,Delivered,3.0
SHP002723,Delhi,Delhi,Globalline,2026-01-10,2026-01-10,2026-01-11 05:36:10.496895,2026-01-11 06:30:07.405046,0.5578083575685675,0.047283028418675016,1.1969076916722667,0.24746604874339975,0.8952594219374169,1.0956336847146309,In Transit,3.0
SHP000638,Delhi,Jaipur,Ecotrans,2026-01-10,2026-01-10,2026-01-10 14:25:46.853378,2026-01-10 12:08:52.306132,-0.7880455941417314,-0.786541233812549,-0.274519433890006,-0.4001021051810377,-0.6107015107303898,-1.6524877329229573,In Transit,3.0
SHP004489,Pune,Bangalore,Fastship,2026-01-10,2026-01-10,2026-01-11 02:22:32.332611,2026-01-11 04:22:38.090023,-0.27625325493098385,-0.4367971608824991,0.456965385192432,0.10973167744834088,0.43609020711122964,1.350000480688524,Delivered,3.0
SHP002830,Pune,Ahmedabad,Ecotrans,2026-01-10,2026-01-10,2026-01-10 21:21:02.370583,2026-01-10 18:54:24.681215,10.766565862594028,12.488398569741175,0.07030400214686768,-0.10472643191038734,0.5361193675033205,0.29561699426805116,Delivered,4.0
SHP004359,Hyderabad,Lucknow,Ecotrans,2026-01-10,2026-01-10,2026-01-10 09:54:57.521948,2026-01-10 05:50:18.270184,-0.8434360934099001,-0.7584973681668926,-0.5662290676867664,-0.5927393750370803,-0.3156119478274592,-0.09536808647721348,Delivered,3.0
SHP001446,Pune,Kolkata,Ecotrans,2026-01-10,2026-01-10,2026-01-19 19:17:49.583075,2026-01-19 06:40:12.993748,0.2110085154892426,0.1071940801442571,0.3761433401703872,9.026148599833382,0.33725707505332275,-2.1413346174754535,Delivered,5.0
SHP001434,Jaipur,Bangalore,Ecotrans,2026-01-10,2026-01-10,2026-01-10 05:29:38.666488,2026-01-10 04:59:08.657033,1.0290375106244962,0.53439458173357,-1.0520629145097375,-0.781458822866748,-0.7788857008319685,0.758803254987517,Delivered,2.0
SHP001208,Jaipur,Kolkata,Ecotrans,2026-01-10,2026-01-10,2026-01-10 13:05:37.176337,2026-01-10 11:13:30.423503,-0.3353747884786907,-0.49346855698656195,-0.7315401752331138,-0.4571212544321427,-0.5437891451241783,0.4332853948472887,Cancelled,5.0
SHP001145,Mumbai,Ahmedabad,Fastship,2026-01-10,2026-01-10,2026-01-11 02:27:46.006233,2026-01-10 18:26:45.103721,3.1297338217744852,1.783790518527084,0.3780422466474883,0.11345030614726384,0.7394969030393924,-1.0381131411890192,Cancelled,4.0
SHP003447,Hyderabad,Chennai,Fastship,2026-01-11,2026-01-11,2026-01-14 16:51:27.909111,2026-01-14 15:33:22.339079,-0.08617353662798816,0.38766468281556143,4.186653357240854,2.776362950049487,3.8883932027140773,0.5689758745059891,Delivered,1.0
SHP001971,Bangalore,Ahmedabad,Fastship,2026-01-12,2026-01-11,2026-01-12 09:31:32.396270,2026-01-12 08:02:49.234463,0.6584191365304967,0.6208685299032717,-0.5820498003491865,-0.6093972649757899,-0.7524489352548661,0.5265910701212849,Delayed,3.0
SHP002672,Mumbai,Pune,Ecotrans,2026-01-12,2026-01-11,2026-01-12 15:47:59.049624,2026-01-12 12:54:45.718296,-0.3988496844913968,-0.1822634772724039,-0.4317661091000466,-0.3416304798553679,-0.49754100139998453,0.18954446479944903,Delivered,5.0
SHP002695,Mumbai,Pune,Globalline,2026-01-11,2026-01-11,2026-01-12 01:27:24.603084,2026-01-11 20:37:50.867134,-0.21920384390555583,-0.17236392779468845,0.6251217753586077,0.07051824960944506,0.8657211537131113,-0.2744876887357095,Cancelled,3.4301601423487544
SHP004228,Pune,Chennai,Ecotrans,2026-01-12,2026-01-11,2026-01-13 00:21:26.220856,2026-01-12 21:26:21.565486,-0.1948830224685655,-0.12675839622749152,-0.1192727722452765,0.023591276102058346,-0.10658083327699076,0.18214404351345517,Delayed,4.0
SHP002473,Chennai,Lucknow,Fastship,2026-01-11,2026-01-11,2026-01-11 08:29:43.821956,2026-01-11 07:09:51.900000,0.37481901384510624,0.3702497919535821,-0.6951885290533644,-0.6533627434210061,-0.23654459479662768,0.5619059817134152,Delivered,4.0
SHP003774,Jaipur,Kolkata,Ecotrans,2026-01-11,2026-01-11,2026-01-11 18:46:09.234359,2026-01-11 18:54:50.965874,-0.702132529854104,-0.7146168285004848,-0.5088173458240286,-0.21489738868882566,-0.535402958980102,0.9151385229212106,Delayed,5.0
SHP000057,Mumbai,Mumbai,Ecotrans,2026-01-11,2026-01-11,2026-01-11 21:33:32.343453,2026-01-11 19:56:53.886603,-0.5956597508102041,-0.6393044050904394,0.2782357905672922,-0.09583543681330818,0.26695125241012685,0.49499516783321906,In Transit,5.0
SHP000966,Bangalore,Chennai,Ecotrans,2026-01-12,2026-01-11,2026-01-12 15:57:13.556309,2026-01-12 16:34:30.825726,-0.4219652527449987,-0.18016620327748342,-0.50289657390844,-0.335056753764293,-0.6244106158705027,1.0291813027089762,Delivered,4.0
SHP001253,Lucknow,Mumbai,Globalline,2026-01-11,2026-01-11,2026-01-11 10:53:54.130480,2026-01-11 07:12:15.487853,-0.4285780345822369,-0.43013125263867247,-0.7576753030836244,-0.5508125662336578,-0.7650401578739672,-0.0035901644620177516,Delayed,3.0
SHP004353,Ahmedabad,Hyderabad,Globalline,2026-01-10,2026-01-11,2026-01-11 11:47:48.338561,2026-01-11 05:36:46.348594,-0.5537409070302983,-0.5728474338085091,0.5651503648026799,0.5118089455954591,0.523133937130842,-0.5994412066716791,In Transit,5.0
SHP002366,Delhi,Lucknow,Fastship,2026-01-11,2026-01-11,2026-01-11 01:47:21.320464,2026-01-11 01:23:25.440559,0.11280836490532506,0.28464484672695334,0.280784644788248,-0.9395742466444686,0.42313405845264723,0.785003567686001,Delayed,1.0
SHP000809,Mumbai,Jaipur,Fastship,2026-01-11,2026-01-11,2026-01-11 14:15:46.047097,2026-01-11 11:22:49.855067,0.8204519768266323,0.8731410010181799,-0.12623598421937438,-0.40722471710636815,-0.24816525531736933,0.19068382358904626,In Transit,3.0
SHP001543,Hyderabad,Lucknow,Fastship,2026-01-10,2026-01-11,2026-01-12 14:24:37.005676,2026-01-11 18:04:51.350701,0.18489784594581848,0.16106199815104072,1.956492751253494,1.6476292186322252,1.835306849639042,-2.3754234253671918,Delivered,4.0
SHP003000,Delhi,Mumbai,Ecotrans,2026-01-11,2026-01-11,2026-01-13 21:32:14.487084,2026-01-13 16:23:29.210743,-0.19111934272905656,0.06128470998067293,2.1354624351799765,1.9518009435456132,2.0766315011023315,-0.35103794569851426,Delivered,3.0
SHP000697,Hyderabad,Hyderabad,Ecotrans,2026-01-11,2026-01-11,2026-01-11 12:29:54.218290,2026-01-11 11:34:34.427083,-0.36101239868352974,-0.1491241531708933,-0.4013985492205655,-0.48252621274845614,-0.4723191181515343,0.659767930803133,Delivered,5.0
SHP002362,Jaipur,Hyderabad,Ecotrans,2026-01-11,2026-01-12,2026-01-11 20:27:00.847516,2026-01-12 02:35:17.862041,0.05170034466994849,0.5755351926476426,-0.41611935979663595,-0.14315497628356016,-0.5103757519527243,1.350000480688524,Cancelled,2.0
SHP002390,Jaipur,Pune,Globalline,2026-01-13,2026-01-12,2026-01-13 23:47:45.071964,2026-01-13 20:50:21.652074,-0.682461739935462,-0.6787503975275249,-0.0964439321756783,-0.00036962383166570236,0.00037173016437536387,0.1729194780997352,Delivered,4.0
SHP002076,Ahmedabad,Mumbai,Ecotrans,2026-01-13,2026-01-12,2026-01-13 21:59:43.804877,2026-01-13 23:56:58.131734,-0.733093853413825,-0.743377118200487,-0.34015482386736456,-0.07720562181618636,-0.626005238785129,1.3480724007263392,Delivered,5.0
SHP000486,Jaipur,Hyderabad,Ecotrans,2026-01-12,2026-01-12,2026-01-12 06:24:29.565106,2026-01-12 06:27:20.718157,0.09083199617826891,-0.15073727629906386,-1.026667710175315,-0.7424449269441298,-1.1340908750036274,0.891833329534533,In Transit,3.0
SHP003043,Pune,Jaipur,Fastship,2026-01-12,2026-01-12,2026-01-12 11:13:31.615525,2026-01-12 10:57:25.576622,0.5276099882982299,0.24701160643951459,-0.8584045668354653,-0.5368533762602535,-0.738082867000841,0.8162369049756537,Delivered,5.0
SHP004687,Bangalore,Mumbai,Ecotrans,2026-01-12,2026-01-12,2026-01-14 10:38:23.108130,2026-01-14 04:59:38.375314,1.2667485854207616,0.5294398836257718,1.556680550271085,1.4867094555073666,1.8183470141665476,-0.4706593299167534,In Transit,3.0
SHP003903,Lucknow,Chennai,Globalline,2026-01-13,2026-01-12,2026-01-13 13:54:59.826856,2026-01-13 10:10:33.543034,-0.8134352156874218,-0.7960971232398101,-0.3658058649348647,-0.421998768943991,-0.6838516796320032,-0.014734347206365449,Delayed,4.0
SHP003978,Kolkata,Chennai,Fastship,2026-01-12,2026-01-12,2026-01-12 07:54:58.602810,2026-01-12 06:28:48.669157,1.441470317837395,2.5341098308466377,-0.9440542776394302,-0.6780832019270618,-1.0368192198317057,0.5367771258205125,Delivered,5.0
SHP004890,Bangalore,Hyderabad,Ecotrans,2026-01-13,2026-01-12,2026-01-13 08:00:10.725831,2026-01-13 05:57:40.459729,-0.3939565591038115,-0.4988409997740188,-0.7693307739051491,-0.6743829557467038,-0.8295136688518778,0.3918364788924874,Delivered,4.0
SHP002307,Hyderabad,Delhi,Ecotrans,2026-01-12,2026-01-12,2026-01-12 12:28:52.385310,2026-01-12 09:35:28.249400,-0.2283641322215228,0.16075859723046804,-0.9204175746020932,-0.4832592482240903,-1.1008363300766082,0.18882621510978118,Delivered,3.0
SHP004248,Delhi,Ahmedabad,Ecotrans,2026-01-13,2026-01-12,2026-01-13 09:11:47.262748,2026-01-13 09:59:58.331343,-0.452333239694822,-0.3205409589248584,-0.8231072386134982,-0.6234471283161334,-0.9037248917965576,1.072643516860673,Delivered,5.0
SHP001008,Jaipur,Chennai,Globalline,2026-01-11,2026-01-12,2026-01-12 21:56:16.880383,2026-01-12 10:22:33.704233,0.2717092969032576,0.22200392480741052,1.898024152091608,0.9446209571670604,-0.27997882478300173,-1.886503118695702,In Transit,5.0
SHP004605,Pune,Jaipur,Ecotrans,2026-01-13,2026-01-12,2026-01-13 12:48:14.657591,2026-01-13 11:19:33.924601,-0.6279302281912761,-0.6876178165075295,-0.4163586972968578,-0.4694804069231223,-0.11028953305596581,0.5267525291260395,Delivered,4.0
SHP001156,Jaipur,Ahmedabad,Globalline,2026-01-13,2026-01-12,2026-01-13 12:46:36.855232,2026-01-13 10:06:05.094155,-0.7537750994427668,-0.7206566119604628,-0.2530007362869373,-0.4706398625951663,-0.36101683902526255,0.2401709116569935,Delayed,4.0
SHP001906,Ahmedabad,Mumbai,Fastship,2026-01-12,2026-01-12,2026-01-12 10:35:43.420026,2026-01-12 09:10:20.327391,-0.7441737713535167,-0.6957841779373201,-0.6299117907869747,-0.5637430357028542,-0.7297496553864913,0.5398909479602513,Delayed,4.0
SHP001512,Hyderabad,Delhi,Globalline,2026-01-12,2026-01-12,2026-01-13 22:00:10.002226,2026-01-13 21:39:47.357986,-0.7638142972708016,-0.6550792392473467,3.185518966340276,0.9473846373591784,3.1304647331297777,0.7991787065495275,Delivered,3.0
SHP002471,Pune,Hyderabad,Ecotrans,2026-01-12,2026-01-12,2026-01-12 06:01:10.052771,2026-01-12 05:46:21.776667,0.2651350666945855,0.038372259594008,-1.0079282021762968,-0.7590362701978774,-0.9936463342347881,0.8214062957257493,Delayed,4.0
SHP000508,Chennai,Delhi,Globalline,2026-01-12,2026-01-12,2026-01-12 15:27:24.983002,2026-01-12 11:54:12.159686,-0.07372632678270605,-0.007701784637151526,-0.16244400937099976,-0.35626044945700897,-0.15415458119047745,0.030034881204138792,Delivered,5.0
SHP002788,Pune,Mumbai,Globalline,2026-01-13,2026-01-12,2026-01-14 19:10:59.205069,2026-01-14 10:51:53.738148,0.0280226073923184,0.4188160618672945,0.892223774502673,0.8270460339113945,0.8977541938941804,-1.1102110761381914,Delayed,3.4301601423487544
SHP000359,Kolkata,Kolkata,Ecotrans,2026-01-13,2026-01-13,2026-01-13 18:07:31.016430,2026-01-13 10:43:47.988671,-0.6360122022408674,-0.5094217824047618,-0.34864670248511714,-0.24238006848708862,-0.4672151238238912,-0.889347289177561,Delivered,2.0
SHP002521,Pune,Delhi,Fastship,2026-01-13,2026-01-13,2026-01-13 08:43:40.730704,2026-01-13 06:39:57.850313,0.5667928171884635,1.196537449900322,-0.9098777848561411,-0.6434411157586154,-0.9287609781646782,0.38700934254054914,Delivered,4.0
SHP000011,Pune,Lucknow,Globalline,2026-01-13,2026-01-13,2026-01-13 13:24:56.199159,2026-01-13 10:29:17.868885,-0.784828044756295,-0.6363600466691313,-0.8164882758474178,-0.443380935755798,-0.6129801224640796,0.17990545720372164,Delivered,3.0
SHP003936,Mumbai,Jaipur,Ecotrans,2026-01-14,2026-01-13,2026-01-14 05:13:00.193517,2026-01-14 05:12:53.759308,-0.17765415517395095,-0.35655164774902465,-1.1940983075942286,-0.7932958087790827,-1.1312435213695182,0.8800279682180142,Delivered,4.0
SHP003036,Chennai,Bangalore,Globalline,2026-01-13,2026-01-13,2026-01-14 10:28:28.154476,2026-01-14 08:55:30.827700,-0.43057009706971394,-0.35003858176082153,0.3210542466354714,0.4553765397419205,0.4939914544538368,0.5096950985687829,In Transit,4.0
SHP002855,Jaipur,Delhi,Ecotrans,2026-01-13,2026-01-13,2026-01-13 20:33:22.093766,2026-01-13 16:42:06.241332,-0.40042712234971645,-0.22525506819807464,0.6071651935166628,-0.13863526805890825,0.46889458138170886,-0.041960993129981444,Delivered,5.0
SHP003068,Hyderabad,Bangalore,Ecotrans,2026-01-14,2026-01-13,2026-01-14 19:18:37.822566,2026-01-14 13:59:11.618508,0.04422426912275189,0.1093473106197226,-0.17114316826347925,-0.19179670211708277,-0.06192690919669859,-0.3936445114902073,Delivered,4.0
SHP003768,Kolkata,Jaipur,Fastship,2026-01-12,2026-01-13,2026-01-14 03:03:36.158038,2026-01-13 23:47:40.591233,0.05963671840309012,0.3703765057908279,1.2501909057986962,1.163220234366931,1.1986695832314338,-2.3754234253671918,In Transit,2.0
SHP001666,Chennai,Lucknow,Globalline,2026-01-13,2026-01-13,2026-01-14 05:52:38.868918,2026-01-13 18:21:44.474324,1.2940886064873491,0.5522957257141976,1.0048191601300975,0.2591832870151798,1.1334715161874525,-1.8752831288600331,Delivered,5.0
SHP004231,Mumbai,Hyderabad,Fastship,2026-01-13,2026-01-13,2026-01-15 07:38:03.729407,2026-01-14 20:13:56.055800,0.3757432723485221,0.6827723213974897,1.637495375649651,1.3584447581151589,1.5549189122880542,-1.8482457827883265,Cancelled,3.0
SHP004099,Bangalore,Delhi,Ecotrans,2026-01-13,2026-01-13,2026-01-13 06:02:07.109486,2026-01-13 05:32:55.698056,0.5252828503059174,0.42416369438423185,-1.0272145405124564,-0.7583598577692175,-1.0233597932254013,0.7640281685533312,Delivered,3.0
SHP000476,Jaipur,Mumbai,Fastship,2026-01-13,2026-01-13,2026-01-13 05:25:57.091068,2026-01-13 05:41:40.384537,0.5383030303247098,1.2610712872224985,-1.2496262966764689,-0.7840856191849478,-1.0816130183373147,0.943162443016986,Cancelled,3.0
SHP004907,Bangalore,Ahmedabad,Ecotrans,2026-01-13,2026-01-13,2026-01-14 05:35:06.383408,2026-01-14 00:25:07.002682,-0.34937385258801434,-0.4273803128650625,0.348936608240071,0.24670597764995406,0.270757886151403,-0.35596413826471196,Delivered,3.0
SHP000466,Lucknow,Bangalore,Ecotrans,2026-01-13,2026-01-13,2026-01-13 05:51:11.114463,2026-01-13 05:56:12.876338,0.6492134909460218,1.0046806559084835,-1.1760379615596785,-0.7661367371317352,-1.6334287773845848,0.9005157336576982,Cancelled,4.0
SHP004896,Lucknow,Pune,Ecotrans,2026-01-13,2026-01-13,2026-01-13 11:10:18.762229,2026-01-13 07:32:28.169627,-0.6995715632875817,-0.6386198901271143,-0.3505430918815387,-0.5391396692444516,-0.0888544225416738,0.01156977968806432,In Transit,4.0
SHP002608,Hyderabad,Chennai,Ecotrans,2026-01-15,2026-01-14,2026-01-16 02:26:37.050093,2026-01-15 23:56:52.549151,0.15813030420872864,-0.10365003230222698,0.3310831742965336,0.11263282497456954,0.4535732704929747,0.28319843378585435,Delivered,5.0
SHP002312,Lucknow,Ahmedabad,Globalline,2026-01-14,2026-01-14,2026-01-14 10:33:01.287389,2026-01-14 10:26:49.467823,-0.14491073215240668,-0.3646152704110264,-0.6436490480351003,-0.5656651325409048,-0.6651819266360461,0.855738465924042,Delivered,3.0
SHP001223,Mumbai,Kolkata,Fastship,2026-01-14,2026-01-14,2026-01-14 21:17:20.845175,2026-01-14 21:32:22.390183,-0.33555138050728295,-0.44626041525794613,0.004583314407097455,-0.10735263533554214,0.4033213960410546,0.9403871557215258,Delivered,3.0
SHP004314,Jaipur,Chennai,Globalline,2026-01-14,2026-01-14,2026-01-14 08:57:54.805311,2026-01-14 07:45:45.816067,-0.025452739473949115,-0.2969852357413635,-0.9206522085078531,-0.6333159853061303,-0.8152835465407852,0.5926800807698224,Delayed,1.0
SHP004178,Jaipur,Delhi,Ecotrans,2026-01-14,2026-01-14,2026-01-14 19:01:46.546766,2026-01-14 11:57:22.753343,-0.022076881289740207,-0.19862800551645113,0.308091608662834,-0.20378546670683242,-0.27997882478300173,-0.8122855664673011,Delivered,4.0
SHP004062,Bangalore,Kolkata,Ecotrans,2026-01-14,2026-01-14,2026-01-14 20:46:07.548755,2026-01-14 20:12:25.662590,-0.3162953124270573,-0.12484073166259761,0.13810303121887402,-0.12956073106485502,0.3873878531466056,0.7460479825103421,Delayed,3.4301601423487544
SHP002042,Ahmedabad,Ahmedabad,Ecotrans,2026-01-14,2026-01-14,2026-01-15 02:03:43.145013,2026-01-14 14:28:02.939601,0.2542448198331791,0.5802828744717708,0.6254091280986434,0.09634505800496794,0.7131199387243198,-1.8942828024551983,Delayed,5.0
SHP001729,Bangalore,Ahmedabad,Fastship,2026-01-14,2026-01-14,2026-01-15 02:09:43.121575,2026-01-14 22:15:08.741165,-0.34616089847120957,-0.41600206703861226,0.10755645130533706,0.10061261217364736,-0.13920058788026474,-0.05515841781076748,Cancelled,3.0
SHP002480,Chennai,Hyderabad,Globalline,2026-01-14,2026-01-14,2026-01-14 08:54:43.589359,2026-01-14 08:17:32.105999,-0.752844916308297,-0.5955895551791436,-0.7149356773395155,-0.6355828674285093,-0.2798370085377104,0.7321147160254385,Delivered,4.0
SHP001362,Pune,Lucknow,Fastship,2026-01-14,2026-01-14,2026-01-14 10:48:57.008879,2026-01-14 08:57:13.416780,-0.5288165228677548,-0.6211051940179622,-0.5277534938875335,-0.5543349692430332,-0.3752705174296719,0.43482503707743025,Delayed,4.0
SHP000091,Chennai,Lucknow,Fastship,2026-01-14,2026-01-14,2026-01-15 01:01:41.208705,2026-01-14 22:09:18.343110,-0.6715006848895206,-0.6242900341339368,0.21966177938403525,0.052221171928326815,0.2252504283691004,0.19289924493496088,Delivered,3.0
SHP001575,Delhi,Jaipur,Ecotrans,2026-01-14,2026-01-14,2026-01-14 12:28:16.862695,2026-01-14 11:09:53.622166,-0.6468124673697788,-0.6739456704698108,-0.6144178354369394,-0.48368037198681557,-0.49440550950060963,0.5678012035204271,Delivered,3.0
SHP000778,Kolkata,Pune,Ecotrans,2026-01-14,2026-01-14,2026-01-15 11:56:36.794832,2026-01-14 20:31:37.436396,-0.7301679018031504,-0.6474043194885116,0.6465210919031438,0.5180738417111435,0.245203795291359,-2.3754234253671918,In Transit,4.0
SHP003997,Mumbai,Ahmedabad,Ecotrans,2026-01-14,2026-01-14,2026-01-14 13:52:54.376607,2026-01-14 10:06:13.506883,0.41832487550758074,0.5666540206827297,-0.5776219674445228,-0.4234859928060323,-0.5909628675038796,-0.023681133148215183,Delayed,5.0
SHP002941,Delhi,Ahmedabad,Ecotrans,2026-01-14,2026-01-14,2026-01-14 06:35:29.308606,2026-01-14 02:51:57.337799,1.7569454605652863,2.8489694308255977,-1.0442181144387548,-0.7346236090580667,-1.116983489897724,-0.011123813622680959,In Transit,3.0
SHP004014,Lucknow,Lucknow,Fastship,2026-01-14,2026-01-14,2026-01-14 10:22:25.526890,2026-01-14 07:34:36.073537,-0.7238892715982163,-0.6801741231441053,-0.803337567211623,-0.5732021298253062,-0.9446770768939756,0.21107470586143437,Cancelled,5.0
SHP004523,Kolkata,Chennai,Ecotrans,2026-01-14,2026-01-14,2026-01-14 11:22:52.141534,2026-01-14 11:12:15.972339,0.27301422129859004,0.17531512966865162,-0.6600573324329918,-0.5302082905550777,-0.7604237216359633,0.8381654548632671,Delivered,3.0
SHP002745,Delhi,Ahmedabad,Fastship,2026-01-14,2026-01-14,2026-01-14 08:16:48.916674,2026-01-14 06:32:24.058684,0.021390603193498527,-0.16034108999625166,-0.7006529710946767,-0.6625493144927904,-0.546478772416007,0.4639905001778011,Delayed,3.0
SHP000216,Lucknow,Hyderabad,Globalline,2026-01-15,2026-01-15,2026-01-15 08:04:23.111555,2026-01-15 04:30:49.191740,3.5616299353112715,2.3208177574928714,-1.0342086549694012,-0.6713909005302738,-0.7452391592658154,0.028632461947213587,Delivered,3.4301601423487544
SHP001318,Lucknow,Hyderabad,Fastship,2026-01-15,2026-01-15,2026-01-16 05:14:49.830438,2026-01-16 00:17:48.419533,-0.7635828036584713,-0.6793654196287708,0.5596950614092102,0.23228363394310567,0.5005941027917961,-0.30424750707026427,Delivered,3.0
SHP004696,Mumbai,Mumbai,Fastship,2026-01-15,2026-01-15,2026-01-15 12:20:42.759112,2026-01-15 06:01:47.929761,0.9464073316003251,1.253392857121227,-0.8786286240539392,-0.48906381036534274,-1.094204234396054,-0.6308738655955242,Delivered,1.0
SHP003058,Ahmedabad,Delhi,Fastship,2026-01-15,2026-01-15,2026-01-16 02:00:29.598545,2026-01-15 18:55:17.680545,3.6434288587041475,3.314126165127584,-0.1843414321618459,0.094050547405479,-0.1984594188570303,-0.8154847149855545,Delivered,4.0
SHP002965,Lucknow,Chennai,Fastship,2026-01-15,2026-01-15,2026-01-16 00:19:09.044077,2026-01-16 00:59:08.994607,-0.06993190100637386,-0.34430706837843605,0.2733079924246895,0.021965033184048185,0.16558048645033283,1.0399957570698264,Cancelled,3.0
SHP000310,Kolkata,Lucknow,Fastship,2026-01-15,2026-01-15,2026-01-17 03:22:25.447078,2026-01-16 16:03:05.922018,-0.7865647119179625,-0.7743851203563359,1.7856937569679316,1.1766080564146497,1.9996274556430311,-1.8290907053905168,Delivered,1.0
SHP002820,Bangalore,Ahmedabad,Fastship,2026-01-15,2026-01-15,2026-01-15 11:53:47.658610,2026-01-15 10:59:29.361268,-0.04758254961847618,-0.2346505795834718,-0.7837693608607368,-0.5082109705229134,-0.7601201990942432,0.6638558214270114,Cancelled,4.0
SHP002095,Hyderabad,Mumbai,Ecotrans,2026-01-15,2026-01-15,2026-01-15 15:23:49.066116,2026-01-15 10:20:18.863852,-0.6654040049132024,-0.7117549281291707,-0.43151987545726406,-0.35882016334862216,-0.41318828326250356,-0.33009295606100486,Delivered,1.0
SHP000197,Chennai,Kolkata,Fastship,2026-01-15,2026-01-15,2026-01-15 13:29:58.040439,2026-01-15 06:13:20.242599,-0.14253727333513544,-0.23218272147669203,-0.5651387863088482,-0.4398025805274315,-0.6199920780972826,-0.8610795359818134,In Transit,4.0
SHP001202,Mumbai,Jaipur,Ecotrans,2026-01-15,2026-01-15,2026-01-15 18:52:51.595388,2026-01-15 10:45:48.029812,-0.5556807918141403,-0.42063561654269455,-0.34123072517277736,-0.21012736288893288,-0.5301754304600508,-1.062221675250955,Delivered,4.0
SHP004291,Delhi,Mumbai,Fastship,2026-01-15,2026-01-15,2026-01-15 20:05:07.970944,2026-01-15 17:33:31.593132,-0.7155566104614554,-0.7397353390991682,-0.48845426116856383,-0.15871924485328676,-0.6000874150713676,0.2757612624858905,Cancelled,4.0
SHP003345,Pune,Kolkata,Globalline,2026-01-15,2026-01-15,2026-01-15 04:54:56.006732,2026-01-15 04:23:39.003903,0.1741092305676754,-0.0003825458684430627,-1.1623781601600365,-0.8061489395713717,-1.1338334593839714,0.7556793047697351,Cancelled,4.0
SHP004171,Mumbai,Hyderabad,Globalline,2026-01-15,2026-01-15,2026-01-15 05:24:29.790334,2026-01-15 05:38:42.002047,0.560845823296939,0.40238289670190464,-1.1080921599830837,-0.785120577159946,-1.0288128567691384,0.9371076559848363,Delayed,4.0
SHP001600,Kolkata,Pune,Ecotrans,2026-01-15,2026-01-15,2026-01-15 17:49:03.578064,2026-01-15 19:55:53.217959,-0.5744052738689926,-0.6480430158009229,-0.20368003569625612,-0.2555088488584002,-0.28850156394837295,1.350000480688524,In Transit,3.0
SHP000041,Hyderabad,Mumbai,Ecotrans,2026-01-16,2026-01-15,2026-01-17 05:06:25.174864,2026-01-17 18:56:45.836212,1.0552840219929254,0.5117075671552728,0.15406857737437943,0.22630089721473132,-0.27997882478300173,1.350000480688524,Delivered,3.0
SHP000176,Kolkata,Lucknow,Ecotrans,2026-01-16,2026-01-15,2026-01-17 02:08:39.288814,2026-01-16 18:41:21.613924,-0.5822903440468864,-0.3457849406663558,-0.10839124723543489,0.09985586912063912,-0.35209151088886614,-0.9036162572161981,Cancelled,3.0
SHP002725,Chennai,Ahmedabad,Globalline,2026-01-15,2026-01-15,2026-01-15 18:16:12.893136,2026-01-15 15:06:00.771619,-0.12863579202200418,-0.3672015069136185,-0.5882910672686211,-0.23619317370958073,-0.8198289331956842,0.12181896305529508,Cancelled,1.0
SHP001143,Kolkata,Ahmedabad,Ecotrans,2026-01-16,2026-01-15,2026-01-17 00:23:16.236655,2026-01-16 20:50:08.163543,0.32185029378300894,0.35722339831076794,0.9291475220981615,0.024895523185867217,0.7953828177807928,0.030350657654246552,Delivered,4.0
SHP002651,Delhi,Ahmedabad,Fastship,2026-01-15,2026-01-15,2026-01-15 09:32:49.705291,2026-01-15 09:02:41.988940,0.2032264418262401,0.023281986417056182,-0.7998723341257938,-0.6084807596431755,-0.6790696335803559,0.7602852202342737,In Transit,3.0
SHP003269,Jaipur,Kolkata,Ecotrans,2026-01-16,2026-01-15,2026-01-17 01:14:44.645039,2026-01-16 20:02:31.140773,-0.5903553023775902,-0.5402764515709062,0.1531109974899251,0.06150887936839619,0.15648466383012416,-0.3648801880463829,Delivered,4.0
SHP004956,Delhi,Kolkata,Ecotrans,2026-01-15,2026-01-15,2026-01-16 02:24:06.225019,2026-01-16 01:25:18.630115,-0.17457888288551895,-0.21930244406703522,-0.0916269762262407,0.11084478029702541,0.007249584033072123,0.6459538896044943,Delivered,1.0
SHP000702,Jaipur,Pune,Ecotrans,2026-01-15,2026-01-15,2026-01-15 08:16:35.034701,2026-01-15 05:32:16.878681,1.1805261433661902,0.5717227011175448,-1.0282239845068772,-0.6627138865152568,-0.27997882478300173,0.22512099139611616,Delivered,1.0
SHP002541,Lucknow,Kolkata,Ecotrans,2026-01-16,2026-01-16,2026-01-16 06:26:54.958782,2026-01-16 04:39:20.563412,0.9000409071118276,0.4964407959524182,-1.2000421126797354,-0.7407212719861194,-1.1133247496013874,0.45139073793198276,Delivered,5.0
SHP002969,Chennai,Hyderabad,Fastship,2026-01-16,2026-01-16,2026-01-17 02:23:34.938502,2026-01-17 01:46:40.856236,-0.4317017676533865,-0.24475437529760272,1.3703474582059016,0.1104738758614368,1.2103819014497916,0.7332714780700397,Delivered,5.0
SHP002790,Jaipur,Pune,Globalline,2026-01-16,2026-01-16,2026-01-17 00:48:26.819290,2026-01-17 00:03:56.200248,-0.7467757962924446,-0.6882735061068158,0.02587476411912355,0.042803614733992454,0.09670988411773798,0.702922557798627,Cancelled,3.0
SHP004622,Delhi,Ahmedabad,Ecotrans,2026-01-16,2026-01-16,2026-01-17 03:26:34.438865,2026-01-16 14:29:30.484772,-0.7567288943651218,-0.619633532970893,0.23686176447522617,0.15528018893616377,0.3593174997310792,-2.2189368218836045,Delivered,4.0
SHP001042,Pune,Chennai,Fastship,2026-01-16,2026-01-16,2026-01-17 02:07:48.427347,2026-01-17 03:55:28.214095,-0.7353725751579522,-0.6922792678537428,0.2226945781323276,0.09925290189882646,0.31073195277360177,1.309879043964277,Delivered,4.0
SHP003800,Jaipur,Hyderabad,Globalline,2026-01-17,2026-01-16,2026-01-17 14:42:46.823982,2026-01-17 13:32:18.559131,0.8795118387534546,0.32902381169059103,-0.162862809824741,-0.38801026292464175,0.3290334689402872,0.5993758755737517,In Transit,5.0
SHP002974,Delhi,Chennai,Fastship,2026-01-16,2026-01-16,2026-01-16 17:35:07.486422,2026-01-16 19:59:54.950807,0.07724870323069966,-0.11525675090379266,-0.4161890733278177,-0.2654207896633168,-0.39387618129043356,1.350000480688524,Delivered,4.0
SHP002194,Pune,Pune,Fastship,2026-01-16,2026-01-16,2026-01-17 05:58:11.425275,2026-01-16 17:58:15.203442,-0.28675388276980723,-0.29401531039609363,0.02229258266629353,0.2631257722148469,0.12599533480317465,-1.9910735290686377,In Transit,3.4301601423487544
SHP000438,Kolkata,Pune,Ecotrans,2026-01-16,2026-01-16,2026-01-16 05:22:05.933661,2026-01-16 03:38:31.000514,-0.6318852524505595,-0.5981632396698563,-1.1675596584321908,-0.7868260108170868,-1.2934401340523867,0.46730932389457835,Cancelled,2.0
SHP003242,Chennai,Lucknow,Ecotrans,2026-01-16,2026-01-16,2026-01-16 11:00:34.863006,2026-01-16 09:25:46.102543,-0.17063941523346376,0.16210532092912805,-0.6918177265218107,-0.5460618464835802,-1.0067622324425636,0.5022873884781668,In Transit,3.0
SHP001175,Pune,Lucknow,Fastship,2026-01-15,2026-01-16,2026-01-16 04:36:08.448532,2026-01-16 02:05:16.790819,-0.6177475918448073,-0.630819682744227,0.31665760114779806,0.2047634449068112,0.2956157113828217,0.27873409357076395,Delayed,2.0
SHP002342,Kolkata,Kolkata,Fastship,2026-01-16,2026-01-16,2026-01-16 15:29:46.299575,2026-01-16 18:28:17.951135,1.9563378505592377,1.3825148032442203,-0.6821799009701864,-0.3545851289134964,-0.23538241873855162,1.350000480688524,Delivered,4.0
SHP003166,Bangalore,Pune,Ecotrans,2026-01-16,2026-01-16,2026-01-16 12:31:19.182601,2026-01-16 12:32:25.017044,-0.3009493178407175,-0.45398496112415515,-0.2182265333904192,-0.4815189532813392,-0.05202110386121391,0.8848321278672917,Delivered,2.0
SHP002656,Chennai,Pune,Ecotrans,2026-01-17,2026-01-16,2026-01-17 22:15:36.479063,2026-01-17 21:14:54.978383,-0.8603636846551177,-0.8157432507277,0.07214529000884357,-0.06591158456938569,0.08864255522453116,0.6383818439424436,In Transit,5.0
SHP002340,Delhi,Kolkata,Globalline,2026-01-16,2026-01-16,2026-01-17 02:31:50.252186,2026-01-17 07:08:54.190474,-0.672088916729053,-0.6349238497352345,0.8508892799012897,0.11634586364818204,0.8626927145404131,1.350000480688524,Delivered,4.0
SHP003580,Pune,Hyderabad,Fastship,2026-01-16,2026-01-16,2026-01-16 10:13:56.271356,2026-01-16 06:30:43.028223,-0.5745263923306558,-0.5645508995095744,-0.5327171617486866,-0.5792393994880791,-0.792229219097404,-0.009878865318461539,Delivered,5.0
SHP000853,Delhi,Ahmedabad,Fastship,2026-01-16,2026-01-16,2026-01-18 00:08:53.812746,2026-01-17 10:30:37.148370,-0.5840172911570012,-0.485980851835804,1.5055900074489028,1.0389510982829324,1.348341426408046,-2.3754234253671918,Delayed,4.0
SHP004875,Bangalore,Delhi,Globalline,2026-01-17,2026-01-16,2026-01-17 09:27:24.985440,2026-01-17 07:52:03.644993,-0.4777659270636483,-0.45056536701351646,-0.7441924822185514,-0.6123303423707382,-1.0448015358781502,0.5001215885057678,In Transit,4.0
SHP000217,Ahmedabad,Mumbai,Ecotrans,2026-01-17,2026-01-16,2026-01-18 09:24:06.469523,2026-01-18 08:35:08.759266,-0.4185121791315195,-0.545516946212029,0.23953596774647978,0.409595921036613,0.31385964832205493,0.6851672959766753,Delivered,3.4301601423487544
SHP001050,Delhi,Lucknow,Fastship,2026-01-17,2026-01-17,2026-01-18 04:33:54.601581,2026-01-18 13:12:38.966063,-0.8920502356964022,-0.8058777371752407,0.23556703799941464,0.20317667740187156,-0.09303960747020265,1.350000480688524,Delivered,4.0
SHP003103,Bangalore,Lucknow,Ecotrans,2026-01-17,2026-01-17,2026-01-17 14:46:20.149328,2026-01-17 16:43:00.347845,-0.2307009641121569,-0.2250964721521613,-0.6682465223929267,-0.38548127197354537,-0.6238616342353737,1.3458036716247528,Delivered,2.0
SHP003756,Pune,Bangalore,Fastship,2026-01-18,2026-01-17,2026-01-18 15:15:39.923886,2026-01-18 11:18:16.045691,-0.5036952835750595,-0.6131967627566863,-0.23989359570986024,-0.36461898801335846,-0.38341263790607494,-0.06642601997026161,In Transit,4.0
SHP000861,Mumbai,Mumbai,Fastship,2026-01-17,2026-01-17,2026-01-17 13:07:46.240538,2026-01-17 10:44:54.320004,1.5249010479125473,2.099844443072766,-0.6351558837892626,-0.4555911868506627,-0.27997882478300173,0.3106252930580609,Delayed,2.0
SHP004674,Kolkata,Mumbai,Ecotrans,2026-01-18,2026-01-17,2026-01-18 10:23:29.090608,2026-01-18 09:48:33.515191,-0.036921172758619274,0.2712082391989965,-0.9147507584568046,-0.5724485762943498,-0.7206764975602832,0.7411493864905375,Delivered,1.0
SHP000396,Delhi,Jaipur,Fastship,2026-01-17,2026-01-17,2026-01-18 00:57:55.374224,2026-01-17 15:24:11.205256,1.5040086549913283,0.9726902822992781,-0.10557344744139824,0.04954388405558729,-0.19026023418283602,-1.4079390544507542,Delivered,5.0
SHP001360,Pune,Kolkata,Globalline,2026-01-18,2026-01-17,2026-01-18 12:58:00.313593,2026-01-18 15:11:08.401955,-0.6502042249767715,-0.6719172841221995,-0.5851029189805121,-0.4625374029131955,-0.5718384537188316,1.350000480688524,Cancelled,3.0
SHP000418,Chennai,Mumbai,Ecotrans,2026-01-17,2026-01-17,2026-01-17 12:11:45.427313,2026-01-17 11:33:58.713039,-0.9051614857222978,-0.7941486754510173,-0.37089734972006033,-0.4954339266560198,-0.5930054594905445,0.7297726917761698,Cancelled,3.0
SHP004485,Mumbai,Mumbai,Globalline,2026-01-17,2026-01-17,2026-01-17 04:25:07.916386,2026-01-17 02:49:04.430451,1.4945919777679963,1.1762726279092226,-1.2221927723311532,-0.8273469097183213,-1.2309227417935795,0.4973199082855706,Delivered,1.0
SHP004702,Delhi,Jaipur,Fastship,2026-01-18,2026-01-18,2026-01-18 16:24:33.817906,2026-01-18 08:24:33.836985,2.1493946560709505,1.9578793673758457,-0.42668293196777046,-0.3156113065969355,-0.48605373333407675,-1.0340632932791398,Cancelled,4.0
SHP001933,Hyderabad,Kolkata,Ecotrans,2026-01-18,2026-01-18,2026-01-18 09:46:14.518247,2026-01-18 06:53:31.296048,-0.6118460120890242,-0.5631985656276023,-0.7533188592896537,-0.5989396304517209,-1.1927564173172502,0.19154601123228815,Delayed,4.0
SHP001918,Jaipur,Lucknow,Fastship,2026-01-18,2026-01-18,2026-01-18 13:10:56.812662,2026-01-18 11:28:57.195507,-0.2801418152360565,-0.3784009238500513,-0.7921952291772387,-0.45333193737177835,-0.7341916338709902,0.47364558768288395,Cancelled,1.0
SHP003053,Kolkata,Chennai,Ecotrans,2026-01-18,2026-01-18,2026-01-18 18:42:03.829788,2026-01-18 19:09:07.023702,-0.30891585529949467,-0.06636300794247084,-0.4192125166570024,-0.217806681712915,-0.27997882478300173,0.9883597753734116,Delayed,3.4301601423487544
SHP002105,Lucknow,Kolkata,Ecotrans,2026-01-18,2026-01-18,2026-01-18 03:18:23.192333,2026-01-18 02:18:51.886864,-0.8625748857573549,-0.7244963198474851,-1.2188408566326983,-0.8748232696827598,-1.1724767411802246,0.6430481687032641,Delivered,3.0
SHP004666,Delhi,Chennai,Ecotrans,2026-01-18,2026-01-18,2026-01-19 18:17:13.370019,2026-01-18 23:31:43.849508,-0.4187545146437598,-0.45223684760171823,1.2604572284501017,0.7888034723879165,1.0913565640231229,-2.3754234253671918,Cancelled,4.0
SHP003890,Pune,Mumbai,Globalline,2026-01-17,2026-01-18,2026-01-19 01:32:53.554183,2026-01-18 15:05:11.745845,-0.5367546780712344,-0.5630313399908605,1.4314205319691342,1.0986976814231582,-0.27997882478300173,-1.6231656567162354,Delayed,5.0
SHP000082,Chennai,Chennai,Ecotrans,2026-01-18,2026-01-18,2026-01-19 06:32:25.857152,2026-01-18 16:29:53.860903,0.44091396670183775,0.4917973997055018,0.8265775990119364,0.28748124490132443,0.8265903924558099,-2.3754234253671918,Cancelled,1.0
SHP004451,Pune,Chennai,Globalline,2026-01-18,2026-01-18,2026-01-21 23:13:59.304502,2026-01-21 06:14:10.536033,0.49861826569538986,0.7088974040719619,3.9857566935581072,3.0484537844591397,4.244286769390755,-2.3754234253671918,Delayed,3.4301601423487544
SHP000222,Delhi,Delhi,Fastship,2026-01-18,2026-01-18,2026-01-19 05:54:18.829465,2026-01-18 22:02:07.273495,-0.2520316893949717,-0.3372347610513982,0.19370817122243777,0.2603683281912039,0.22268240424279379,-1.0029240899588814,Delayed,3.0
SHP001055,Ahmedabad,Mumbai,Ecotrans,2026-01-19,2026-01-18,2026-01-19 04:20:10.507679,2026-01-19 04:06:28.778903,-0.3648019630878354,-0.18139741952970156,-1.293541016503868,-0.8308727163972291,-1.443486799940768,0.8258301223656159,Delivered,4.0
SHP001104,Delhi,Kolkata,Fastship,2026-01-19,2026-01-18,2026-01-19 11:53:29.758174,2026-01-19 10:41:57.709224,-0.13553712795649597,0.12479528147141221,-0.2358189295407254,-0.5084231817879609,-0.25437360312654306,0.5951357384437369,Delivered,3.4301601423487544
SHP004278,Delhi,Mumbai,Fastship,2026-01-18,2026-01-18,2026-01-21 02:52:13.065688,2026-01-20 05:56:47.075999,-0.4660470616522943,-0.5565268840400502,-0.5949431033470127,2.1794018010444054,-0.7794820819883113,-2.3754234253671918,Delivered,3.0
SHP004970,Chennai,Hyderabad,Fastship,2026-01-19,2026-01-18,2026-01-19 08:56:26.292170,2026-01-19 08:44:17.579025,-0.5509968292733951,-0.6403860007141193,-1.0668461468590182,-0.634365316462266,-0.500449279606894,0.8320134664413057,In Transit,5.0
SHP000770,Chennai,Hyderabad,Fastship,2026-01-18,2026-01-18,2026-01-19 14:17:14.310971,2026-01-19 09:27:52.032723,-0.7870146008203569,-0.7603303145264214,1.0071749316436551,0.618101346239149,1.041158361047494,-0.27372602198119694,Cancelled,3.0
SHP003382,Hyderabad,Hyderabad,Globalline,2026-01-18,2026-01-18,2026-01-18 13:55:37.215561,2026-01-18 13:50:35.984912,-0.34223199815361316,-0.5138056165296461,-0.6388384330389317,-0.42155552251060774,-0.8472729495483567,0.8604309628414829,Delivered,4.0
SHP003352,Ahmedabad,Kolkata,Globalline,2026-01-18,2026-01-18,2026-01-18 18:50:46.443201,2026-01-18 19:19:57.052403,0.2990372129699031,0.6876269853818326,-0.576234557009045,-0.2116110531997044,-0.894173352763083,0.9968298847274738,Delivered,1.0
SHP002319,Delhi,Hyderabad,Fastship,2026-01-18,2026-01-18,2026-01-18 12:38:08.979991,2026-01-18 10:19:09.122447,-0.5230974239293014,-0.4810729335867443,-0.7244276187054586,-0.4766607687598697,-0.43848682818943935,0.32605200466531087,Delivered,3.0
SHP001205,Delhi,Ahmedabad,Globalline,2026-01-17,2026-01-18,2026-01-19 10:48:03.028666,2026-01-19 03:16:01.413943,-0.33556662859701963,-0.4857459858298862,1.628965273949365,1.4935844650581989,1.7815114456752612,-0.922491554468473,Delivered,3.0
SHP000366,Kolkata,Chennai,Fastship,2026-01-18,2026-01-18,2026-01-19 06:47:37.186855,2026-01-19 04:39:40.386087,0.01730018232460779,-0.1164372469469172,0.42338540774316813,0.29828513961440506,0.43202611823503523,0.37012963058310533,Delivered,5.0
SHP003110,Delhi,Delhi,Ecotrans,2026-01-19,2026-01-18,2026-01-21 06:54:58.161634,2026-01-20 19:38:43.313817,-0.7039410959866018,-0.6845009036517047,1.4829795066509912,1.32779262211985,1.6143607865767375,-1.8168140275446314,Delivered,3.0
SHP000617,Pune,Kolkata,Globalline,2026-01-16,2026-01-18,2026-01-19 09:46:49.822725,2026-01-19 12:22:39.719038,-0.8349761754875592,-0.8044089838209292,3.1048406923361074,2.474317969081267,3.246357934865115,1.350000480688524,Delivered,3.0
SHP002330,Kolkata,Pune,Ecotrans,2026-01-18,2026-01-18,2026-01-19 13:14:19.878826,2026-01-18 21:29:55.411806,-0.7943979126341801,-0.6998979254470088,0.8071576194164858,0.5733551173442966,0.8809165542371304,-2.3754234253671918,Cancelled,5.0
SHP003703,Bangalore,Lucknow,Ecotrans,2026-01-18,2026-01-18,2026-01-19 05:44:13.090937,2026-01-18 22:38:10.695874,0.17801889461220333,0.514384647136814,0.5817850360138366,0.2531872440437657,0.20106236983334697,-0.8188402482986518,Delayed,3.0
SHP003693,Chennai,Hyderabad,Fastship,2026-01-19,2026-01-19,2026-01-19 17:41:55.396420,2026-01-19 13:21:02.549055,0.058134070602146516,0.43252010747689795,-0.2641961484973195,-0.2605849803356999,-0.4424708257647949,-0.16008921481704075,Delayed,3.0
SHP000235,Chennai,Hyderabad,Fastship,2026-01-19,2026-01-19,2026-01-19 12:38:55.669914,2026-01-19 13:08:47.446730,-0.534967024462563,-0.36604713165223246,-0.7667952161157517,-0.4761072555726232,-1.0342427086425399,0.999566559406778,Cancelled,5.0
SHP004544,Pune,Pune,Globalline,2026-01-19,2026-01-19,2026-01-21 06:22:46.802677,2026-01-21 07:31:39.164602,-0.3652007852898256,-0.11860675012000878,1.7936978730198687,1.3048961898488203,1.8063239517232863,1.1551602258883071,Cancelled,3.0
SHP000850,Chennai,Ahmedabad,Fastship,2026-01-19,2026-01-19,2026-01-22 20:05:33.569274,2026-01-22 13:19:05.215778,-0.9097123008975743,-0.8043500972149752,-0.4254263463753756,2.914423287432093,-0.3145425514370382,-0.740794194212075,In Transit,1.0
SHP000356,Chennai,Jaipur,Fastship,2026-01-20,2026-01-19,2026-01-20 21:51:07.785075,2026-01-20 18:06:01.257076,-0.5472797235664678,-0.5425284331481592,0.13496604616803665,-0.08332308247926379,0.1788979036898712,-0.017409635120436192,In Transit,4.0
SHP004678,Mumbai,Pune,Ecotrans,2026-01-19,2026-01-19,2026-01-20 08:53:12.420109,2026-01-20 10:10:30.556341,-0.46196487786105705,-0.25232097064383013,0.7930163859775583,0.38761600027751747,1.1387178792905879,1.350000480688524,Cancelled,5.0
SHP000263,Pune,Pune,Globalline,2026-01-19,2026-01-19,2026-01-19 05:09:32.072536,2026-01-19 04:47:50.302029,-0.20027393669774268,-0.05161910297686471,-1.1969920549608701,-0.7957631015255344,-1.2227502142109563,0.7939186773584562,Delivered,3.4301601423487544
SHP002753,Pune,Ahmedabad,Globalline,2026-01-19,2026-01-19,2026-01-19 12:07:07.529045,2026-01-19 10:17:37.444068,0.127656470679581,0.11516746847521693,-0.7128728619995338,-0.4987284353539606,-1.1094226925370647,0.4437001096110037,In Transit,4.0
SHP003223,Bangalore,Mumbai,Ecotrans,2026-01-20,2026-01-20,2026-01-21 18:46:53.555127,2026-01-21 17:03:42.961496,-0.3843555569302229,-0.32253679207386127,1.6447996672623766,0.8099077252296653,1.0630721362376236,0.46892732723923936,Delivered,2.0
SHP004938,Pune,Bangalore,Fastship,2026-01-20,2026-01-20,2026-01-20 16:30:22.397356,2026-01-20 16:58:01.657609,0.07103255519875465,-0.24612695514597463,0.06667911954607032,-0.3114788662079201,0.22909913996408238,0.9907573356672019,Delivered,1.0
SHP003141,Ahmedabad,Ahmedabad,Ecotrans,2026-01-20,2026-01-20,2026-01-21 08:19:38.570292,2026-01-20 15:34:17.465671,-0.4323369133524854,-0.5094317508138464,1.0764031935460914,0.36374163151785166,1.0105436776777923,-2.3754234253671918,Delivered,5.0
SHP001663,Chennai,Kolkata,Fastship,2026-01-20,2026-01-20,2026-01-21 17:10:18.892703,2026-01-21 12:09:22.192625,-0.4874616259158882,-0.5854990010696404,1.0512237716568382,0.7412114866257814,0.937928865067688,-0.31988868370157175,Cancelled,3.0
SHP003230,Ahmedabad,Delhi,Fastship,2026-01-20,2026-01-20,2026-01-20 16:41:41.125551,2026-01-20 16:11:58.610713,1.6774419381922512,1.0033456722563292,-0.379719789525582,-0.3034324830649173,-0.10082920055686376,0.7619605260342952,Delayed,1.0
SHP003865,Pune,Pune,Ecotrans,2026-01-21,2026-01-20,2026-01-21 12:57:59.436011,2026-01-21 07:19:15.539199,-0.33787144030077637,-0.20455780693925596,-0.8740204252497729,-0.4625478067284976,-1.3433171224371498,-0.47060375538239735,Delivered,3.4301601423487544
SHP003741,Hyderabad,Pune,Ecotrans,2026-01-21,2026-01-20,2026-01-21 08:09:45.288075,2026-01-21 09:00:58.200551,-0.27708940868517895,-0.23862163269449668,-0.9636904579055587,-0.6675714692283249,-0.7634526911666422,1.0847318430075095,Delivered,5.0
SHP001873,Hyderabad,Hyderabad,Fastship,2026-01-20,2026-01-20,2026-01-20 16:11:17.837089,2026-01-20 13:08:26.163871,-0.5435503421694824,-0.3970992240291705,-0.23055355863233545,-0.32504773000934134,0.11394227533865374,0.15109837933178435,In Transit,3.0
SHP003205,Delhi,Ahmedabad,Globalline,2026-01-21,2026-01-20,2026-01-22 13:14:47.646386,2026-01-22 17:38:02.106356,-0.9231616585042552,-0.8671364939508089,2.406297619645915,0.573684304235497,2.306661505405023,1.350000480688524,Delayed,1.0
SHP002265,Chennai,Kolkata,Ecotrans,2026-01-21,2026-01-20,2026-01-24 00:21:20.448200,2026-01-23 19:39:38.749918,-0.06173988554251094,0.41535644560653967,4.186653357240854,2.072082215291458,4.176635073344618,-0.24310832500349744,Delivered,4.0
SHP002068,Ahmedabad,Pune,Globalline,2026-01-21,2026-01-20,2026-01-21 14:49:47.276744,2026-01-21 12:39:41.424313,-0.38827979511078825,-0.18848557314871933,-0.48335119174088176,-0.38302575802706257,-0.2353941938115536,0.361550740913809,Cancelled,5.0
SHP002811,Hyderabad,Hyderabad,Fastship,2026-01-20,2026-01-20,2026-01-21 01:43:01.176932,2026-01-21 02:00:46.204393,-0.5962716878801295,-0.660056857047243,0.23087829366020385,0.08162141589930444,0.4423701038121636,0.9512548802788832,Cancelled,2.0
SHP003246,Jaipur,Jaipur,Globalline,2026-01-20,2026-01-20,2026-01-24 14:43:13.108898,2026-01-24 01:26:21.286992,-0.4359696686666482,-0.3955328274882918,0.6161756580636605,3.7094200961689316,0.655871613659108,-2.297901994997532,Delivered,4.0
SHP004954,Jaipur,Chennai,Fastship,2026-01-21,2026-01-20,2026-01-21 04:06:06.515794,2026-01-21 02:50:39.712503,0.7698298908536051,0.6166203484374688,-1.2389908224499524,-0.8408783152950887,-1.2613784824545684,0.579530115517147,In Transit,3.4301601423487544
SHP004156,Kolkata,Pune,Ecotrans,2026-01-20,2026-01-20,2026-01-20 13:31:31.442218,2026-01-20 09:43:39.851829,-0.38357534325406284,-0.3174904993367603,-0.3390888821989711,-0.438695294133591,-0.4926712937392276,-0.028382388198095968,In Transit,3.0
SHP000171,Bangalore,Kolkata,Fastship,2026-01-20,2026-01-20,2026-01-21 00:05:07.592091,2026-01-20 13:57:24.348606,-0.04749409422784042,0.40183383341000684,1.0330746733009681,0.011989545029523901,0.9398691597049057,-1.543489382917398,In Transit,3.4301601423487544
SHP001383,Pune,Kolkata,Ecotrans,2026-01-20,2026-01-20,2026-01-20 08:30:38.897387,2026-01-20 04:10:49.446370,-0.7214527611646075,-0.7309626122291972,-0.9121483897010371,-0.6527098192886629,-0.6253324564812239,-0.15587485397669812,In Transit,4.0
SHP004886,Ahmedabad,Ahmedabad,Globalline,2026-01-21,2026-01-20,2026-01-21 03:58:54.668035,2026-01-21 02:35:06.530919,-0.00725873906579055,-0.25790439105651597,-1.287151083401276,-0.8459979089015882,-1.0914308540486275,0.5462032488020604,Delivered,4.0
SHP001176,Mumbai,Lucknow,Fastship,2026-01-21,2026-01-21,2026-01-21 12:26:38.116234,2026-01-21 08:04:43.487291,0.20243632974264406,0.0456677896938595,-0.5573968194943714,-0.48485102007629954,-0.3267871133508409,-0.16419623156472124,Cancelled,5.0
SHP001137,Chennai,Bangalore,Fastship,2026-01-21,2026-01-21,2026-01-21 20:00:35.080906,2026-01-22 00:39:06.258393,-0.6136071518194924,-0.3888069120885498,0.40837369513280053,-0.1619543805356903,0.5737247128638581,1.350000480688524,Delivered,3.4301601423487544
SHP002660,Hyderabad,Hyderabad,Ecotrans,2026-01-22,2026-01-21,2026-01-22 20:26:44.617484,2026-01-22 15:36:46.339333,-0.35768930151745537,-0.3680463596048086,-0.13676665264085433,-0.1433473847503383,-0.16805031300603673,-0.27611916584903184,Delivered,5.0
SHP002628,Jaipur,Chennai,Ecotrans,2026-01-22,2026-01-21,2026-01-22 13:12:41.032042,2026-01-22 14:23:26.098087,-0.11652276252707393,-0.18212168730058678,-0.7087869984688854,-0.4520964073432462,-0.40042402475273,1.1626523897882417,Delivered,4.0
SHP001558,Pune,Kolkata,Ecotrans,2026-01-22,2026-01-21,2026-01-23 15:38:50.814678,2026-01-23 12:38:52.590346,-0.5090810902813084,-0.46820913266035974,1.7237099902822164,0.6761498333440092,-0.27997882478300173,0.1626286364525805,Delayed,1.0
SHP001283,Ahmedabad,Bangalore,Fastship,2026-01-21,2026-01-21,2026-01-21 17:41:00.569545,2026-01-21 18:24:03.800108,-0.557626083404177,-0.5313501239377145,-0.01712278200815144,-0.2612349578242245,-0.23305051390165257,1.0521795534281264,Cancelled,4.0
SHP002980,Ahmedabad,Ahmedabad,Fastship,2026-01-21,2026-01-21,2026-01-23 11:15:29.046846,2026-01-23 10:31:26.491432,-0.7766309117318432,-0.7514813759448432,1.9044497781653362,1.5130981570353828,2.123737749878238,0.70478812669356,Delivered,3.4301601423487544
SHP000976,Delhi,Bangalore,Fastship,2026-01-21,2026-01-21,2026-01-21 14:54:18.259983,2026-01-21 08:42:03.486210,0.18657044954554391,0.16573064164072657,-0.44792412523419073,-0.3798132276095619,-0.26855738947435764,-0.6042796119031206,Delivered,3.0
SHP004561,Lucknow,Mumbai,Ecotrans,2026-01-21,2026-01-21,2026-01-21 15:44:53.972211,2026-01-21 13:49:02.438939,-0.7188336750751944,-0.7022674734082205,-0.42982276568372646,-0.34382458905491503,-0.540877152957424,0.4183428010628283,Delivered,3.0
SHP002923,Delhi,Chennai,Ecotrans,2026-01-21,2026-01-21,2026-01-21 05:46:37.104940,2026-01-21 03:34:39.891343,1.6710352277187759,2.3811795746994875,-1.265163278769001,-0.7693851443995229,-0.27997882478300173,0.3541478517580282,Cancelled,1.0
SHP000606,Ahmedabad,Chennai,Fastship,2026-01-21,2026-01-21,2026-01-21 10:32:13.828635,2026-01-21 09:56:07.585508,-0.7404758244188567,-0.7408708631144483,-0.8460332007465292,-0.5662277602969046,-0.8515774827896757,0.7364516516982952,Delivered,3.0
SHP002525,Bangalore,Chennai,Fastship,2026-01-19,2026-01-21,2026-01-22 08:19:24.961347,2026-01-21 11:44:22.389033,0.3718494948485311,0.6580129466536014,-0.5730235248245941,2.412139670799273,-0.29253979818867953,-2.3754234253671918,Delivered,3.0
SHP002433,Delhi,Pune,Fastship,2026-01-21,2026-01-21,2026-01-21 09:42:34.653924,2026-01-21 09:02:33.291652,0.21331539395122762,0.4214427397678095,-0.8328304908254598,-0.6015461415621811,-1.0679175452916154,0.7208217779159305,In Transit,3.0
SHP002285,Kolkata,Kolkata,Ecotrans,2026-01-22,2026-01-21,2026-01-22 19:24:18.920573,2026-01-22 18:58:54.031619,1.5577576338244974,0.7191575090037453,-0.49936240275233773,-0.18775295490147753,-0.27997882478300173,0.7790865667486323,Delivered,4.0
SHP001989,Lucknow,Pune,Fastship,2026-01-22,2026-01-21,2026-01-22 14:59:50.355519,2026-01-22 10:38:29.224201,0.5065833959884909,0.4607294866758568,-0.17736401049483583,-0.375876205481838,-0.27997882478300173,-0.16196943012428996,Delivered,1.0
SHP004553,Hyderabad,Lucknow,Globalline,2026-01-21,2026-01-21,2026-01-21 07:35:26.816267,2026-01-21 07:09:12.066373,0.6695010093711324,0.6264580199515888,-0.9890280810751325,-0.6919748356502013,-0.9809679367100007,0.7757719910730954,Delivered,3.4301601423487544
SHP001917,Delhi,Bangalore,Fastship,2026-01-21,2026-01-21,2026-01-21 09:22:04.766494,2026-01-21 07:45:46.761750,-0.5875254554050717,-0.6438277776218724,-0.6189189543011545,-0.6161265664698911,-0.2769740417291008,0.4963547501648217,Delivered,2.0
SHP003511,Ahmedabad,Chennai,Globalline,2026-01-22,2026-01-21,2026-01-22 20:07:13.252601,2026-01-22 22:01:50.617074,0.22437042866863258,-0.14993789673660257,0.6128694815212428,-0.15723401965573816,0.8744319912987111,1.337638106868648,Delayed,5.0
SHP000305,Pune,Jaipur,Globalline,2026-01-22,2026-01-21,2026-01-22 11:50:21.519075,2026-01-22 11:48:40.150864,-0.27024762534831515,-0.3046345446459476,-0.4457990045156712,-0.5106547730542046,-0.48773543952192433,0.8737170977488536,Delivered,3.0
SHP004980,Ahmedabad,Chennai,Fastship,2026-01-21,2026-01-21,2026-01-21 13:05:42.769186,2026-01-21 09:22:22.495721,-0.47369148795593796,-0.37669702625734397,-0.7647994443232311,-0.45705495071891583,-0.991218672074805,-0.010346216464231195,Delivered,2.0
SHP002092,Lucknow,Bangalore,Fastship,2026-01-22,2026-01-21,2026-01-22 13:42:47.298496,2026-01-22 08:57:51.864324,-0.4235169161099819,-0.30052806426138856,-0.6666157237246434,-0.4306829578230422,-0.27997882478300173,-0.25598718906968865,In Transit,4.0
SHP002402,Kolkata,Pune,Ecotrans,2026-01-22,2026-01-22,2026-01-22 11:56:35.946511,2026-01-22 10:32:33.169421,-0.3481467896756447,-0.47274813577846286,-0.6869949718739459,-0.5062159024863033,-0.8651136865621858,0.5452300360685882,Cancelled,4.0
SHP001142,Mumbai,Mumbai,Fastship,2026-01-22,2026-01-22,2026-01-22 06:24:51.095585,2026-01-22 04:24:52.237348,-0.5858234262046705,-0.5497345498441718,-0.9419981058193041,-0.7421896812024024,-0.7574800007939958,0.4019015283362803,Delivered,4.0
SHP003894,Lucknow,Hyderabad,Ecotrans,2026-01-22,2026-01-22,2026-01-23 00:54:54.255636,2026-01-22 20:51:08.754581,1.3176915919726915,1.0554243798378793,0.8030577112477297,0.04739670708311172,1.0394122049311039,-0.09179493297079591,In Transit,3.0
SHP001110,Kolkata,Ahmedabad,Ecotrans,2026-01-22,2026-01-22,2026-01-22 17:45:05.581739,2026-01-22 15:13:48.389319,-0.3951603459774594,-0.47419147300852443,-0.3947750695900027,-0.25833031645649446,-0.5382102796660289,0.2770366382338978,Cancelled,3.4301601423487544
SHP000239,Ahmedabad,Chennai,Fastship,2026-01-22,2026-01-22,2026-01-22 23:45:29.709512,2026-01-22 23:07:07.403321,-0.4765052301478815,-0.5834274179780736,-0.314408302617246,-0.00197435775496566,-0.22476847326363208,0.7274066693479136,Delayed,4.0
SHP003515,Delhi,Bangalore,Globalline,2026-01-22,2026-01-22,2026-01-22 08:50:32.144724,2026-01-22 07:22:46.593232,-0.4109388036069427,-0.21687621027048803,-0.8681858698668552,-0.6385637659409507,-0.8490581839772037,0.530420796331,Delayed,2.0
SHP003126,Pune,Bangalore,Fastship,2026-01-22,2026-01-22,2026-01-23 02:46:11.357505,2026-01-23 03:31:29.344669,-0.3839852729313617,-0.31055639538815577,0.49156730040319874,0.12655434381860958,0.5393525811427674,1.0611376868245816,Cancelled,3.0
SHP004437,Lucknow,Kolkata,Fastship,2026-01-22,2026-01-22,2026-01-22 05:18:40.421950,2026-01-22 03:48:31.430700,10.693346662249054,12.145972984312534,-1.087608492881424,-0.7892623704304974,-0.8277011657900071,0.5208854379367996,Cancelled,4.0
SHP000376,Jaipur,Hyderabad,Globalline,2026-01-22,2026-01-22,2026-01-22 22:43:11.680636,2026-01-22 16:33:43.544674,-0.2802564495007752,-0.16536893184220705,-0.1871404686444181,-0.04628902266146333,-0.24280137500049653,-0.5932021305125706,Cancelled,4.0
SHP002221,Delhi,Mumbai,Fastship,2026-01-22,2026-01-22,2026-01-22 23:47:16.488867,2026-01-22 18:49:10.737979,1.5864799848717877,1.4402796717012956,-0.1949251316193198,-0.0007084789948947445,-0.17922226016778403,-0.30852459736612015,Cancelled,3.0
SHP001915,Hyderabad,Ahmedabad,Globalline,2026-01-22,2026-01-22,2026-01-23 18:41:53.984583,2026-01-23 06:30:01.953553,0.47607259524592005,0.07793709120456838,1.2033939388773507,0.8063562897761835,1.7040188919238817,-2.038657945902774,Delivered,4.0
SHP000672,Lucknow,Chennai,Ecotrans,2026-01-22,2026-01-22,2026-01-23 22:47:28.808147,2026-01-23 13:48:34.654203,-0.5563048589589091,-0.618239165946956,1.162653930971592,0.9810389341248957,1.2111726004589751,-1.2690023845833738,Delivered,3.0
SHP003738,Kolkata,Pune,Ecotrans,2026-01-22,2026-01-22,2026-01-22 23:14:48.315276,2026-01-22 21:26:04.863779,-0.7681431789191704,-0.7633196126241802,-0.2400511892030096,-0.023804250256395022,-0.11825883164492672,0.44680013537212343,Delivered,4.0
SHP003930,Ahmedabad,Bangalore,Fastship,2026-01-22,2026-01-22,2026-01-22 16:22:42.100797,2026-01-22 11:53:50.021365,2.4282889264662875,1.2226953820808761,0.23063059249739007,-0.31693572286240757,0.25072637116140717,-0.19194683627815903,Cancelled,4.0
SHP002879,Jaipur,Lucknow,Globalline,2026-01-22,2026-01-22,2026-01-22 08:33:58.471217,2026-01-22 06:19:16.350257,-0.5212514385324156,-0.40625029077358915,-0.9824355595448188,-0.6503438537786457,-0.7991201138202885,-1.2783439367192027,Delayed,5.0
SHP001328,Chennai,Chennai,Globalline,2026-01-22,2026-01-22,2026-01-22 07:54:12.979681,2026-01-22 08:19:51.729274,-0.6668602127145472,-0.5990368119906937,-0.8951975348866879,-0.678624068183432,-1.0724635827885867,0.9827462211098169,Delayed,2.0
SHP001684,Jaipur,Kolkata,Ecotrans,2026-01-23,2026-01-23,2026-01-23 10:59:23.458540,2026-01-23 10:45:17.476967,-0.32085218887939215,-0.4477056965624671,-0.6832153383319352,-0.5469083527788009,-0.7840600708843352,0.8242178837876841,Delivered,5.0
SHP001531,Lucknow,Lucknow,Ecotrans,2026-01-23,2026-01-23,2026-01-23 10:12:33.985566,2026-01-23 07:32:41.580448,-0.7904456597872792,-0.6817413612095075,-0.9704809245705396,-0.5802149048520674,-0.9911012816386384,0.24278715403808043,Delivered,4.0
SHP003550,Pune,Mumbai,Ecotrans,2026-01-22,2026-01-23,2026-01-23 05:40:18.140194,2026-01-23 01:31:50.166575,-0.7734981989296248,-0.7165103420743186,0.19077843117070004,0.2504018820856987,0.23292284597243768,-0.11057269146554101,Cancelled,3.4301601423487544
SHP000155,Lucknow,Hyderabad,Ecotrans,2026-01-23,2026-01-23,2026-01-24 17:56:53.846962,2026-01-24 09:27:38.992706,3.4932421733126113,4.3510108644136025,0.7214582818560856,0.7743459180452996,0.7306996840002353,-1.150720950953454,In Transit,3.0
SHP000205,Mumbai,Ahmedabad,Fastship,2026-01-23,2026-01-23,2026-01-24 07:41:54.689020,2026-01-23 11:06:51.360549,-0.6441087137423533,-0.43020463671389775,0.7405250498967552,0.336903117610425,0.8056391660253027,-2.3754234253671918,Delivered,2.0
SHP001458,Mumbai,Hyderabad,Fastship,2026-01-23,2026-01-23,2026-01-24 23:15:22.479906,2026-01-24 22:40:15.137524,2.0144450766478483,1.1865959657315022,0.9852884680899613,1.000880461745517,1.1432264865970947,0.7403671610458529,Delayed,5.0
SHP001925,Jaipur,Ahmedabad,Fastship,2026-01-23,2026-01-23,2026-01-23 14:32:47.417988,2026-01-23 14:00:39.691513,-0.4716702064880395,-0.3526405563564943,-0.4406259259459789,-0.39511627431690494,-0.7968276471904113,0.7523073795070715,In Transit,3.0
SHP001508,Delhi,Ahmedabad,Fastship,2026-01-23,2026-01-23,2026-01-23 21:01:54.362924,2026-01-23 20:01:26.152918,-0.5134690391245125,-0.4456903835852272,-0.18900805720879268,-0.11833616485438346,-0.03515224750342557,0.6392653600725425,In Transit,5.0
SHP004820,Bangalore,Jaipur,Ecotrans,2026-01-23,2026-01-23,2026-01-23 11:32:54.855261,2026-01-23 09:43:45.275674,-0.2254033453111182,-0.32178335590417934,-0.5236345891426686,-0.5230630656850961,-0.6431951867811818,0.44506323407097975,Cancelled,3.4301601423487544
SHP003195,Chennai,Pune,Ecotrans,2026-01-23,2026-01-23,2026-01-23 08:40:41.252964,2026-01-23 07:16:26.475592,-0.0719321279037387,-0.21204999647951922,-0.8068165045499719,-0.6455688403361989,-0.9687355570913457,0.5444323005502288,Delivered,5.0
SHP003440,Bangalore,Bangalore,Globalline,2026-01-23,2026-01-23,2026-01-23 18:49:13.476893,2026-01-23 20:04:59.125663,0.9261011041610734,1.5619231417352153,-0.4773974737660562,-0.21271317704680637,-0.7863830747083556,1.182634046547453,Delivered,3.0
SHP002688,Jaipur,Lucknow,Ecotrans,2026-01-23,2026-01-23,2026-01-23 13:27:53.069071,2026-01-23 11:13:07.311970,0.37195036133150566,0.09279379290867762,-0.5408456262984341,-0.44128412721322696,-0.37407888767015274,0.34294368676177717,Delivered,4.0
SHP003715,Mumbai,Delhi,Fastship,2026-01-23,2026-01-23,2026-01-24 19:55:33.636488,2026-01-25 00:52:46.770987,-0.2884558545270304,-0.17141417605709075,1.138048559528676,0.8587516563448074,1.1357535456204468,1.350000480688524,Cancelled,2.0
SHP001444,Mumbai,Bangalore,Globalline,2026-01-24,2026-01-23,2026-01-24 18:34:25.046327,2026-01-24 17:22:04.513015,-0.7501244113087818,-0.6972932328804029,-0.32828097884151924,-0.22324560045453326,-0.2745555703436674,0.5919126727147488,Delivered,3.4301601423487544
SHP003840,Lucknow,Chennai,Fastship,2026-01-23,2026-01-23,2026-01-24 22:54:25.022245,2026-01-24 12:40:05.115035,-0.8352948624711367,-0.7591437348461259,2.1905112103455178,0.9859731892876653,2.2479554638372536,-1.569858158440942,Delivered,4.0
SHP003534,Chennai,Bangalore,Fastship,2026-01-24,2026-01-24,2026-01-24 07:32:37.076818,2026-01-24 06:38:24.367532,-0.16257654547292616,-0.19513602110748746,-0.8357244922323747,-0.6939871119258385,-0.9071296355650049,0.664227295259858,Delivered,4.0
SHP004247,Delhi,Mumbai,Globalline,2026-01-24,2026-01-24,2026-01-24 12:12:30.406911,2026-01-24 09:21:19.957857,-0.3926479094418911,-0.12615541504511657,-0.5133579729659776,-0.49490068952218425,-0.6023356026370252,0.1977132357122131,Cancelled,3.0
SHP004528,Hyderabad,Ahmedabad,Globalline,2026-01-24,2026-01-24,2026-01-25 11:01:47.414651,2026-01-25 00:31:59.604836,-0.38133669546155635,-0.5198655782379379,0.35980531987548525,0.4790779469978773,0.20074373827645905,-1.6315417810080342,Delayed,3.4301601423487544
SHP003794,Kolkata,Pune,Ecotrans,2026-01-24,2026-01-24,2026-01-26 12:55:07.171339,2026-01-26 15:04:19.925204,-0.7806234186190293,-0.7551653100048447,1.7185073023447461,1.5839693547971279,1.9758286437608683,1.350000480688524,Cancelled,5.0
SHP000687,Pune,Bangalore,Fastship,2026-01-24,2026-01-24,2026-01-25 00:37:22.397501,2026-01-24 14:41:12.927658,-0.5287319837048055,-0.5955338769250852,1.209497261726543,0.03492683530271246,1.3901494386711806,-1.4973698104002748,Delivered,4.0
SHP003567,Jaipur,Jaipur,Fastship,2026-01-24,2026-01-24,2026-01-25 15:38:02.799892,2026-01-25 03:04:01.927893,1.8934201657114624,1.2575391223720032,0.613663171299884,0.6755806137852411,0.5164936235415141,-2.1269945065954614,Cancelled,3.0
SHP001662,Jaipur,Lucknow,Globalline,2026-01-24,2026-01-24,2026-01-24 09:16:01.832657,2026-01-24 06:17:42.312585,0.1677635463134215,0.21690970956068076,-1.0544170615982358,-0.6204291793945905,-0.900823030830231,0.16919014009185968,Delayed,4.0
SHP003334,Hyderabad,Chennai,Fastship,2026-01-25,2026-01-24,2026-01-25 18:05:07.335536,2026-01-25 12:18:25.237686,-0.8309894658604391,-0.788288518119943,-0.35084874212943373,-0.24408341827013777,-0.510766045808222,-0.5023928377497042,Delivered,3.0
SHP004935,Delhi,Jaipur,Fastship,2026-01-25,2026-01-24,2026-01-26 18:27:40.126231,2026-01-26 01:54:42.318245,-0.7786342849011301,-0.717848853147558,1.533823790678305,0.7962337230470977,1.2831671005553809,-2.3754234253671918,Delivered,1.0
SHP001706,Chennai,Ahmedabad,Ecotrans,2026-01-25,2026-01-24,2026-01-25 16:58:05.442742,2026-01-25 09:39:22.075691,0.17560424614604656,0.44663850961561996,-0.24710676294896153,-0.2917633151886077,-0.2963265473165328,-0.8694269247870984,Delivered,3.0
SHP003203,Bangalore,Bangalore,Fastship,2026-01-25,2026-01-24,2026-01-26 00:27:19.423854,2026-01-25 19:38:20.257734,0.1033607282900353,0.11329859344710914,-0.17471665383385868,0.027778529070134204,-0.2666129456033107,-0.2721896109693168,Cancelled,1.0
SHP001344,Ahmedabad,Hyderabad,Ecotrans,2026-01-23,2026-01-24,2026-01-24 02:09:16.595092,2026-01-24 01:18:51.987980,-0.2699616560612164,-0.31460793032418666,0.2796343556883383,0.10029813836686344,-0.0566496239852457,0.6793907060876024,Delayed,5.0
SHP001347,Delhi,Kolkata,Globalline,2026-01-24,2026-01-24,2026-01-24 10:53:09.728819,2026-01-24 07:34:54.602969,0.09112667177282226,0.45311535066720615,-0.9084817372495211,-0.5513389518730099,-1.0013667670509776,0.08971057493945167,Delivered,5.0
SHP002909,Ahmedabad,Chennai,Ecotrans,2026-01-24,2026-01-24,2026-01-24 18:43:34.726416,2026-01-24 13:21:29.376701,-0.5439191519977207,-0.5702919922663728,0.1466361811926272,-0.21672909409451033,-0.13672504589439607,-0.4042239414720642,In Transit,4.0
SHP004914,Delhi,Ahmedabad,Fastship,2026-01-25,2026-01-25,2026-01-26 07:08:18.247330,2026-01-25 20:05:12.932576,0.0427617887973914,0.16414584004543326,0.4792657228385327,0.3129980219606341,0.47798818421248174,-1.7643287136766612,Delivered,1.0
SHP000117,Bangalore,Delhi,Globalline,2026-01-25,2026-01-25,2026-01-25 13:06:59.977754,2026-01-25 10:39:20.038867,4.395798386647882,4.1326948809596,-0.8832848890388911,-0.4561396362760073,-0.603921674771652,0.29147887048836946,Delivered,1.0
SHP004695,Mumbai,Bangalore,Fastship,2026-01-25,2026-01-25,2026-01-27 20:34:10.063731,2026-01-26 23:55:57.003106,1.9902762375866716,2.267368745243971,3.0441290894308475,1.910492794674946,2.856766585007488,-2.3754234253671918,Delivered,4.0
SHP001331,Chennai,Bangalore,Fastship,2026-01-25,2026-01-25,2026-01-25 23:03:44.422980,2026-01-25 21:30:32.692924,0.5079650887146636,0.15151157111713215,0.31677287753624617,-0.031674752493381336,0.6793416328093554,0.5087376203997802,In Transit,4.0
SHP000295,Chennai,Hyderabad,Ecotrans,2026-01-25,2026-01-25,2026-01-26 17:08:07.831900,2026-01-26 19:51:31.898515,-0.25599695786029975,-0.25747675920977886,2.8113812923455725,0.7396577491408665,2.6760337710501845,1.350000480688524,Delivered,3.0
SHP000507,Delhi,Ahmedabad,Fastship,2026-01-26,2026-01-25,2026-01-26 07:34:07.801301,2026-01-26 05:49:33.885428,-0.5517278990008941,-0.4833779810186876,-0.9051951325910415,-0.692911565104139,-0.9903916301703422,0.46338836474546347,Delivered,4.0
SHP000963,Mumbai,Ahmedabad,Fastship,2026-01-25,2026-01-25,2026-01-26 17:10:10.366143,2026-01-26 13:26:29.621333,-0.4765863172747568,-0.559569098557705,1.702381014330559,0.741110403498535,1.3326305887582564,-0.011707077735248778,Delayed,3.0
SHP001713,Delhi,Lucknow,Globalline,2026-01-24,2026-01-25,2026-01-26 10:06:28.841667,2026-01-25 09:12:51.825032,-0.12454467549692766,-0.33039759688852083,1.7362647535873965,1.4640156562752296,1.4667205506630352,-2.3754234253671918,Cancelled,5.0
SHP003634,Mumbai,Kolkata,Ecotrans,2026-01-25,2026-01-25,2026-01-25 10:19:13.024321,2026-01-25 06:42:48.340801,-0.673579249139495,-0.5198128869385472,-0.8258712099994633,-0.5754842649025463,-0.8411892391584368,0.01728070598638371,Delayed,3.0
SHP004498,Bangalore,Pune,Fastship,2026-01-25,2026-01-25,2026-01-25 16:07:21.368039,2026-01-25 12:46:57.013948,-0.4553799393216828,-0.5150098527565106,0.22993058262387844,-0.327851091626178,-0.023301912886892654,0.08111994700080812,Cancelled,4.0
SHP000979,Kolkata,Hyderabad,Ecotrans,2026-01-25,2026-01-25,2026-01-25 19:43:48.599352,2026-01-25 14:36:35.132089,0.2028120544930786,0.2008303262640841,0.2549536151501184,-0.1738863089017642,0.071107912370729,-0.34493480891985967,Delivered,2.0
SHP002243,Delhi,Bangalore,Fastship,2026-01-24,2026-01-25,2026-01-26 14:02:03.887214,2026-01-25 23:22:13.119519,-0.4342226768639777,-0.16333275713604742,3.1591730780066296,1.631587878872404,3.4307198771199703,-2.3754234253671918,Cancelled,4.0
SHP004795,Bangalore,Hyderabad,Ecotrans,2026-01-25,2026-01-25,2026-01-25 07:50:37.886748,2026-01-25 05:30:57.646161,0.1341638059530677,0.23945522722539683,-0.830075936407972,-0.6811740140449452,-0.3014987710662392,0.3233674854398016,Delivered,3.4301601423487544
SHP001016,Hyderabad,Lucknow,Fastship,2026-01-25,2026-01-25,2026-01-26 14:07:42.751650,2026-01-26 09:11:59.646955,0.060480157157453494,0.38020671836223063,1.6370254582138646,0.6113254596420697,1.8595236742734529,-0.29904199231443557,Delivered,3.0
SHP003750,Lucknow,Jaipur,Fastship,2026-01-27,2026-01-26,2026-01-27 08:32:08.766126,2026-01-27 08:47:52.572507,0.006818791380947014,-0.01847020262166905,-0.8304782418119268,-0.6516444173921139,-0.27997882478300173,0.9431965395590666,In Transit,3.4301601423487544
SHP004712,Chennai,Delhi,Fastship,2026-01-25,2026-01-26,2026-01-27 09:33:43.813189,2026-01-26 13:50:29.280419,0.2886723788738502,0.41425267451507236,2.002111547164832,1.4407200688354114,2.1805791262551812,-2.3754234253671918,Delivered,3.4301601423487544
SHP001920,Kolkata,Delhi,Ecotrans,2026-01-26,2026-01-26,2026-01-26 13:49:12.119168,2026-01-26 14:52:01.161113,-0.4143093965764968,-0.4869885688034139,-0.8217415036326547,-0.4261208745223221,-0.9616088387214976,1.1310080224171213,Delivered,3.4301601423487544
SHP000634,Pune,Mumbai,Ecotrans,2026-01-26,2026-01-26,2026-01-26 21:51:15.654517,2026-01-26 10:32:32.520209,-0.7062318394297896,-0.6643814984079962,0.7124491094503954,-0.0832297895418904,1.037003139756912,-1.8266715792891297,Cancelled,5.0
SHP004494,Kolkata,Lucknow,Globalline,2026-01-26,2026-01-26,2026-01-26 13:39:12.138315,2026-01-26 10:33:04.251975,-0.30557347704807636,-0.13870246196187205,-0.34475471580380934,-0.43323370091745556,-0.42907526827531944,0.13805483780604544,Delivered,3.0
SHP002536,Chennai,Delhi,Ecotrans,2026-01-27,2026-01-26,2026-01-27 16:03:39.642305,2026-01-27 11:01:54.244485,-0.33222616286332135,-0.507127927750437,-0.5971313987467861,-0.3304796699392918,-0.24121868092514484,-0.32312593416429397,Delayed,2.0
SHP004505,Ahmedabad,Hyderabad,Ecotrans,2026-01-26,2026-01-26,2026-01-26 11:32:17.723424,2026-01-26 06:36:28.641363,-0.6318173991045035,-0.634833837443691,-0.5773520545177121,-0.5235032669194508,-0.5902514927228102,-0.2994393460736583,Cancelled,4.0
SHP000691,Hyderabad,Jaipur,Globalline,2026-01-26,2026-01-26,2026-01-26 16:49:54.582418,2026-01-26 12:28:55.407948,-0.6497259362881679,-0.46160098331568333,0.1018155361177619,-0.297582508007161,0.15490205756375716,-0.1605098179651077,In Transit,3.0
SHP004091,Chennai,Pune,Fastship,2026-01-26,2026-01-26,2026-01-26 20:26:07.997972,2026-01-26 16:16:01.662103,0.19978353258619455,-0.025715345566167475,-0.19534265542798887,-0.14378151232753114,0.085802076873151,-0.11711145951205372,Delivered,5.0
SHP004027,Hyderabad,Kolkata,Fastship,2026-01-26,2026-01-26,2026-01-28 00:53:37.496311,2026-01-27 18:23:02.690793,4.382797133823769,3.7978421971647056,1.090147470312289,1.0707664057281523,1.241747658843852,-0.6774057596310924,Cancelled,4.0
SHP003233,Delhi,Hyderabad,Fastship,2026-01-26,2026-01-26,2026-01-27 05:30:57.458373,2026-01-27 03:52:57.894487,-0.5067860679334127,-0.35863980618854036,0.08896042132348504,0.24375494921288887,0.3532617486709394,0.4896034642544156,Delivered,1.0
SHP003096,Mumbai,Pune,Fastship,2026-01-26,2026-01-26,2026-01-27 11:38:46.924143,2026-01-27 15:15:32.368882,-0.26645943177587,-0.4650545776456105,0.9803468665494919,0.505390429492933,1.1320668090632429,1.350000480688524,In Transit,3.0
SHP003204,Ahmedabad,Hyderabad,Ecotrans,2026-01-27,2026-01-26,2026-01-27 19:15:13.573620,2026-01-27 15:39:27.956381,-0.6836407215714602,-0.657781960994533,0.03351049847251393,-0.19421809155223657,-0.11976506205958086,0.0198776916175471,Delivered,4.0
SHP002332,Kolkata,Bangalore,Fastship,2026-01-26,2026-01-26,2026-01-26 23:00:09.826196,2026-01-26 18:05:16.616783,-0.225582280334271,-0.3939612949204685,0.46784973151673237,-0.03421881645987654,0.5729717349067639,-0.2957251337064497,Delivered,3.4301601423487544
SHP004892,Mumbai,Ahmedabad,Ecotrans,2026-01-27,2026-01-26,2026-01-27 07:21:06.309890,2026-01-27 04:44:45.286834,-0.13350714781726233,0.3015747131898989,-0.7678783719831969,-0.7021762153174648,-0.8116825008168338,0.25683907205146034,Delayed,2.0
SHP000619,Lucknow,Pune,Ecotrans,2026-01-26,2026-01-26,2026-01-26 15:58:34.072614,2026-01-26 13:06:43.087668,-0.6102046743824416,-0.6703299512789548,-0.3653594216354776,-0.3341022258130311,-0.33592587581908123,0.19501855563579662,Delivered,3.0
SHP004792,Jaipur,Mumbai,Ecotrans,2026-01-26,2026-01-26,2026-01-26 20:08:57.148555,2026-01-26 19:40:38.140124,0.16630429534555158,-0.1972362210655411,-0.407392937169094,-0.1560023238814322,-0.3708485214731955,0.7675117311538475,Cancelled,4.0
SHP004950,Ahmedabad,Lucknow,Globalline,2026-01-26,2026-01-26,2026-01-27 01:28:53.573716,2026-01-26 20:15:16.484293,-0.28391121083125587,-0.31491263426015764,0.5097173434078167,0.07157300436834106,0.46245438716696086,-0.3704366281822517,In Transit,3.0
SHP000248,Jaipur,Bangalore,Fastship,2026-01-27,2026-01-27,2026-01-27 19:36:25.730916,2026-01-27 20:13:48.548691,0.05856724789196063,0.048852893215082016,0.07418701361444265,-0.17913655361704242,0.5295259087247415,1.0295501375617884,Delayed,4.0
SHP002368,Ahmedabad,Chennai,Globalline,2026-01-28,2026-01-27,2026-01-29 04:43:50.433546,2026-01-29 05:57:32.155567,0.7415646731531484,0.6020268388283395,0.147796188599621,0.21024031835874757,0.07651563628273914,1.174395842699235,Delayed,3.4301601423487544
SHP001524,Bangalore,Mumbai,Ecotrans,2026-01-28,2026-01-27,2026-01-29 03:37:44.888393,2026-01-28 18:51:11.570539,-0.4828890273759012,-0.24340230249618144,0.5176137128073132,0.16322842774383414,0.16163432242211295,-1.2197542700577761,Delivered,5.0
SHP003561,Lucknow,Delhi,Ecotrans,2026-01-27,2026-01-27,2026-01-29 12:30:14.861555,2026-01-28 21:12:17.786281,-0.20042686049767688,-0.3464972652831949,3.375503502662314,1.5662778895239902,2.9091908885023114,-2.3754234253671918,Delayed,2.0
SHP004530,Jaipur,Hyderabad,Ecotrans,2026-01-27,2026-01-27,2026-01-27 05:59:33.923842,2026-01-27 04:07:02.260645,-0.3104368102915911,-0.44082179643536096,-1.1482356799531372,-0.7601758872042738,-0.8820363934292766,0.43162944365044814,In Transit,4.0
SHP001292,Lucknow,Jaipur,Ecotrans,2026-01-27,2026-01-27,2026-01-27 12:49:57.563837,2026-01-27 13:35:16.053015,-0.8078301513363094,-0.7545631980865384,-0.6575451821958391,-0.46826044422518265,-0.7119911013300287,1.0611710589068806,In Transit,3.4301601423487544
SHP003142,Hyderabad,Bangalore,Fastship,2026-01-27,2026-01-27,2026-01-28 04:07:45.924724,2026-01-28 03:06:16.326093,-0.3556652502544967,-0.4383741907395803,0.6095268656294688,0.18457987368591602,0.4704753176845767,0.6351844654247547,Delivered,3.0
SHP002178,Pune,Mumbai,Ecotrans,2026-01-27,2026-01-27,2026-01-28 03:38:34.985218,2026-01-27 21:59:29.371581,-0.8192444334058362,-0.6855725441357963,0.38952866345500836,0.16382233005484315,0.21954501053303593,-0.47204741167718234,In Transit,3.0
SHP004369,Mumbai,Chennai,Ecotrans,2026-01-27,2026-01-27,2026-01-27 06:59:55.910825,2026-01-27 06:16:18.453990,0.17203633724810158,0.3477004663964977,-1.0507962546630152,-0.7172369092640002,-0.919259975547498,0.706456589812064,Delivered,3.0
SHP002344,Pune,Bangalore,Fastship,2026-01-27,2026-01-27,2026-01-27 10:43:59.858334,2026-01-27 11:34:27.309149,-0.787319541462247,-0.7723899867630907,-0.8771013060569945,-0.557857715391188,-0.8924043260509623,1.0817097155522284,Delayed,5.0
SHP003888,Jaipur,Bangalore,Fastship,2026-01-27,2026-01-27,2026-01-30 16:53:30.048098,2026-01-28 16:14:06.718260,-0.04656377017008792,-0.32052923437406877,3.785423013593821,2.777810918612527,3.8031750154975676,-2.3754234253671918,Delivered,4.0
SHP003767,Kolkata,Mumbai,Ecotrans,2026-01-28,2026-01-27,2026-01-28 10:45:13.954964,2026-01-28 09:41:07.190537,-0.14687855652649354,-0.11315621531394408,-0.9255970568425104,-0.556979293249109,-1.4761771559044081,0.6247366494700612,Cancelled,5.0
SHP001239,Ahmedabad,Bangalore,Ecotrans,2026-01-27,2026-01-27,2026-01-31 05:32:39.640202,2026-01-30 20:01:05.684889,-0.62135521497166,-0.6113278647178768,3.951056047346215,3.317805385686252,4.389530764873109,-1.3992829197391796,Delivered,3.0
SHP003828,Jaipur,Kolkata,Fastship,2026-01-26,2026-01-27,2026-01-28 04:54:50.095915,2026-01-27 23:48:16.496429,-0.7541694240809355,-0.7364759483682161,-0.9423692866070253,1.2423403617023638,-0.6974846415415484,-0.34228454272187125,Delivered,4.0
SHP001216,Bangalore,Mumbai,Globalline,2026-01-27,2026-01-27,2026-01-27 17:46:13.471731,2026-01-27 17:52:17.160816,0.13961615534021354,-0.04890958868942373,-0.3705638929467437,-0.25752547457081754,-0.27997882478300173,0.9046324314961238,Cancelled,4.0
SHP003633,Ahmedabad,Jaipur,Fastship,2026-01-27,2026-01-27,2026-01-28 15:18:12.702366,2026-01-28 13:38:14.256799,1.1774151879716281,0.6396846051413627,0.6049170918196083,0.6614719017251541,0.7405889963083454,0.48170063835282706,Delivered,4.0
SHP001182,Kolkata,Pune,Ecotrans,2026-01-27,2026-01-27,2026-01-28 01:07:20.951996,2026-01-27 20:00:13.937634,-0.24938578192938973,-0.4071084976671658,0.09742667824056161,0.056248858862378986,-0.0274461221403417,-0.34450584330687206,Delivered,5.0
SHP001688,Kolkata,Lucknow,Globalline,2026-01-27,2026-01-27,2026-01-27 05:49:16.781701,2026-01-27 05:19:09.377021,-0.10038425850891627,0.34425140296067885,-1.2404479719478427,-0.7674921621919752,-1.1844846772815647,0.7603059389996112,Cancelled,3.0
SHP002447,Pune,Bangalore,Globalline,2026-01-27,2026-01-27,2026-01-27 04:30:31.108986,2026-01-27 04:40:59.479678,0.34949833265329294,0.1592448987979115,-1.0913731340927502,-0.8235154326932407,-1.0422473264552536,0.9222275112584438,In Transit,3.0
SHP002693,Ahmedabad,Ahmedabad,Fastship,2026-01-27,2026-01-27,2026-01-27 00:56:45.587562,2026-01-27 00:49:02.794241,-0.7769760972825492,-0.7245275916544968,-0.5328879833416686,-0.9755631302952741,-0.8577592815812515,0.8496908584093168,Delivered,1.0
SHP000023,Pune,Ahmedabad,Globalline,2026-01-27,2026-01-27,2026-01-28 04:12:26.406073,2026-01-28 03:02:28.021241,-0.6240159890470712,-0.6263961146249848,0.9521364441270029,0.187905005037225,1.2041846943671197,0.6013621915991213,Delivered,4.0
SHP001985,Jaipur,Bangalore,Ecotrans,2026-01-28,2026-01-27,2026-01-28 06:35:43.211183,2026-01-28 06:56:01.887660,0.2438007666219072,0.7836096126674537,-1.0146209389154714,-0.7344587927642762,-0.9593753050726779,0.9614689133677858,Delivered,5.0
SHP002882,Jaipur,Jaipur,Fastship,2026-01-27,2026-01-27,2026-01-28 14:07:14.565404,2026-01-28 17:05:00.248340,0.8810145540318721,0.906926977263853,1.9060314317430822,0.610991309190707,2.0738431660156076,1.350000480688524,Delivered,3.4301601423487544
SHP000391,Hyderabad,Jaipur,Fastship,2026-01-27,2026-01-27,2026-01-27 16:36:15.007521,2026-01-27 18:07:24.621469,0.5638851978858203,0.05732908063669084,-0.229028187059995,-0.3072986413206547,-0.4499966523959376,1.2440559231515047,Cancelled,5.0
SHP001923,Bangalore,Ahmedabad,Globalline,2026-01-28,2026-01-27,2026-01-28 09:43:50.661044,2026-01-28 06:36:59.960715,-0.5329270245836689,-0.6060344546292679,-0.8319245211008258,-0.6006450703902961,-0.8996280923906371,0.13520871804753082,Delayed,3.0
SHP002990,Lucknow,Jaipur,Ecotrans,2026-01-26,2026-01-28,2026-02-01 19:29:44.944766,2026-01-31 10:20:20.699639,-0.34335924245726007,-0.4201897224432062,0.11095035386454669,5.961790214522589,0.3213815745670712,-2.3754234253671918,Delayed,4.0
SHP002327,Pune,Kolkata,Globalline,2026-01-27,2026-01-28,2026-01-28 18:24:22.266125,2026-01-28 05:15:30.128709,-0.6286295851460681,-0.6460991231120191,1.1624165088819862,0.7938880738813049,1.527581772965106,-2.2660142980851514,In Transit,5.0
SHP003490,Kolkata,Bangalore,Fastship,2026-01-28,2026-01-28,2026-01-29 04:37:57.995029,2026-01-28 23:59:38.785071,-0.13172827374793283,-0.24076447267914064,0.293281955273682,0.2060621283838057,-0.036233361229267305,-0.22964763065415963,Delivered,4.0
SHP004783,Mumbai,Ahmedabad,Ecotrans,2026-01-28,2026-01-28,2026-01-28 21:01:59.663227,2026-01-28 17:50:35.343174,2.7564859486491313,1.5237503093190576,0.14548394403571052,-0.11827332928705786,0.18679379681862202,0.1170194644651164,Delivered,1.0
SHP001930,Chennai,Mumbai,Fastship,2026-01-28,2026-01-28,2026-01-29 09:04:09.189230,2026-01-29 15:13:12.577653,-0.7771503683699459,-0.7205986248029106,1.0013349859364522,0.395402056640664,0.9100846475672869,1.350000480688524,Delivered,2.0
SHP003953,Ahmedabad,Mumbai,Ecotrans,2026-01-28,2026-01-28,2026-01-28 14:51:33.935767,2026-01-28 11:12:20.289233,-0.9122722480932189,-0.8623470983526607,-0.3509030640797513,-0.3817613058123584,-0.3562919571890253,0.006048653476547031,Delayed,4.0
SHP000159,Delhi,Ahmedabad,Ecotrans,2026-01-28,2026-01-28,2026-01-28 21:10:26.004514,2026-01-28 12:17:45.150803,-0.6352521123393675,-0.6774995949544688,-0.14390377409921196,-0.11227060828195483,-0.11832491496045996,-1.2441867298449332,Delivered,5.0
SHP001701,Pune,Hyderabad,Ecotrans,2026-01-27,2026-01-28,2026-01-28 06:02:47.641936,2026-01-28 05:27:38.124231,0.07304054481760584,-0.19549530384548633,0.022340046503672134,0.2664003453056943,0.09658183128667014,0.7402225534090486,In Transit,5.0
SHP000099,Kolkata,Jaipur,Globalline,2026-01-28,2026-01-28,2026-01-29 07:07:19.778981,2026-01-28 20:51:52.303556,2.6314616908787833,2.87324550871673,0.13933875961286005,0.3123048744803164,0.5584013191360193,-1.5743498499709947,Cancelled,3.0
SHP002652,Delhi,Chennai,Fastship,2026-01-28,2026-01-28,2026-01-29 03:30:00.909470,2026-01-28 22:18:01.237893,0.15156601777407455,0.04986874028503749,0.2809226329006859,0.15772791632082075,0.3216348369454756,-0.3639606407116022,Delivered,4.0
SHP001542,Mumbai,Delhi,Ecotrans,2026-01-27,2026-01-28,2026-01-28 20:29:40.050821,2026-01-28 09:33:37.218482,-0.08272844327436327,-0.29536370386129596,1.3466305180768696,0.8830120803288816,-0.27997882478300173,-1.736243604649412,Delivered,3.0
SHP000758,Jaipur,Ahmedabad,Fastship,2026-01-28,2026-01-28,2026-01-28 19:51:22.919655,2026-01-28 20:20:24.461133,-0.3423598157697285,-0.2491603871958744,0.11758509860780772,-0.1685003012893096,0.0635358847478706,0.9962270951009068,Delivered,5.0
SHP000289,Jaipur,Jaipur,Globalline,2026-01-29,2026-01-28,2026-01-30 02:31:55.244117,2026-01-29 23:12:09.312773,-0.23781581026846021,-0.29330231279323055,0.5864490099973328,0.11640504343010893,0.29102132911203704,0.0836741528098744,Delayed,5.0
SHP000910,Mumbai,Jaipur,Globalline,2026-01-28,2026-01-28,2026-01-28 21:38:05.401520,2026-01-28 14:58:15.846330,-0.38013316563656746,-0.2763860682776357,0.48939073948041895,-0.09259830913013492,0.22824246825821817,-0.7142835194331204,Delayed,5.0
SHP000572,Bangalore,Ahmedabad,Fastship,2026-01-28,2026-01-28,2026-01-28 21:12:12.064152,2026-01-28 16:43:25.120640,-0.5691951178568698,-0.5254197867697563,0.11108381551735654,-0.11101326183708667,0.11922261265029963,-0.19160541881784823,Delivered,5.0
SHP004405,Pune,Chennai,Globalline,2026-01-28,2026-01-28,2026-01-29 03:15:01.905167,2026-01-28 19:35:13.418533,0.29522733432036946,0.04749586390890824,0.6194631588792727,0.14707014032710097,0.5890656930309254,-0.9535275172840976,In Transit,1.0
SHP003623,Hyderabad,Mumbai,Fastship,2026-01-28,2026-01-28,2026-02-02 08:42:32.165376,2026-02-02 11:49:24.365475,0.7971086854614837,0.47490684955469736,-0.4834745227596096,4.477144472522537,0.2533934493830837,1.350000480688524,In Transit,1.0
SHP004565,Jaipur,Pune,Fastship,2026-01-28,2026-01-28,2026-01-28 13:09:56.158488,2026-01-28 11:30:46.758085,-0.6329050632482253,-0.49285875341449514,-0.382687487398581,-0.4540509979918132,-0.41196847492369953,0.48496098417858013,Delivered,5.0
SHP000610,Pune,Pune,Ecotrans,2026-01-27,2026-01-28,2026-01-28 17:25:23.035600,2026-01-28 20:21:48.155252,-0.551336885838894,-0.5185747553121032,1.0886817072540826,0.751930181115517,1.2075449074011682,1.350000480688524,Delivered,4.0
SHP003365,Delhi,Lucknow,Fastship,2026-01-28,2026-01-28,2026-01-29 10:13:01.402106,2026-01-29 02:09:31.186423,1.039657228378018,0.4776412802103895,0.2860039244389112,0.44438980793094973,-0.006835303650878345,-1.0480389429214756,Cancelled,5.0
SHP004128,Pune,Delhi,Fastship,2026-01-29,2026-01-28,2026-01-29 10:09:06.377847,2026-01-29 09:37:24.545337,0.08801626584579415,-0.05732050764949451,-0.8329163296733244,-0.5826761128299719,-0.4112909886898896,0.7540287170216111,Delivered,1.0
SHP004675,Ahmedabad,Lucknow,Ecotrans,2026-01-29,2026-01-29,2026-01-29 04:56:18.617538,2026-01-29 05:12:15.727246,0.0483728109780111,-0.16312399551265747,-1.1841067775944247,-0.8051695811168099,-1.198118158889226,0.9440808968150252,Delivered,3.0
SHP002272,Chennai,Pune,Globalline,2026-01-29,2026-01-29,2026-01-29 19:42:15.081403,2026-01-29 13:14:59.158044,2.236854054192957,1.4093518815059376,-0.41707499558058037,-0.17499497250771953,-0.308775593371691,-0.664184790140351,In Transit,3.0
SHP001875,Lucknow,Ahmedabad,Fastship,2026-01-29,2026-01-29,2026-01-29 12:26:55.366105,2026-01-29 06:51:50.432334,-0.5840182393224815,-0.5527126719327151,-0.8258062257834147,-0.48464652131991237,-0.8375303923126064,-0.4560478811943013,Delivered,4.0
SHP004468,Kolkata,Hyderabad,Fastship,2026-01-30,2026-01-29,2026-01-30 11:38:19.708804,2026-01-30 07:13:12.392830,-0.29168542645369183,-0.13059529071108797,-0.3293324308253403,-0.5192118980338698,-0.4269204401957809,-0.17700537126293098,In Transit,5.0
SHP000142,Bangalore,Chennai,Ecotrans,2026-01-29,2026-01-29,2026-01-29 19:33:03.595733,2026-01-29 22:03:45.549121,-0.7930969603100283,-0.776842423998449,-0.336361006466065,-0.1815328841998579,-0.4232771039902487,1.350000480688524,Delivered,4.0
SHP001732,Jaipur,Jaipur,Globalline,2026-01-29,2026-01-29,2026-01-30 19:46:59.762358,2026-01-30 02:12:09.758766,-0.5899775853203759,-0.5956645857073225,1.4970704000427115,0.8526596328116721,1.2539269703669118,-2.3754234253671918,Delivered,3.0
SHP000627,Kolkata,Bangalore,Fastship,2026-01-29,2026-01-29,2026-01-31 06:41:50.492898,2026-01-31 05:41:08.867074,0.7132415184628709,1.05135579557712,3.417316638269698,1.3184547391748078,3.8065318659891787,0.6383735248201338,In Transit,3.0
SHP002627,Chennai,Jaipur,Globalline,2026-01-28,2026-01-29,2026-01-29 19:20:17.192500,2026-01-29 12:25:37.756147,-0.03147744285349952,0.008479418177534897,0.7406286446644273,0.8336610245588302,0.5990452597438372,-0.7734396135019124,Delivered,3.4301601423487544
SHP004993,Delhi,Kolkata,Fastship,2026-01-30,2026-01-29,2026-02-01 05:37:10.397167,2026-01-31 19:43:54.610383,-0.5699612209188613,-0.46868603418910915,2.0218732637560892,1.2724558590569497,1.6658129942093316,-1.4858239863020077,In Transit,3.0
SHP003734,Mumbai,Pune,Fastship,2026-01-29,2026-01-29,2026-01-29 06:03:22.967895,2026-01-29 05:14:37.045571,-0.26545081796092945,-0.16137360322905397,-0.979105264635437,-0.7574605495741322,-1.2893486583430982,0.6859509152984662,Delivered,1.0
SHP002678,Ahmedabad,Chennai,Ecotrans,2026-01-30,2026-01-29,2026-01-30 04:59:51.697459,2026-01-30 03:37:26.025698,-0.21974416844495398,0.01257664126464349,-1.1546768616795864,-0.8026434997026355,-1.2826153073897097,0.5516852485348678,Delivered,5.0
SHP003136,Ahmedabad,Hyderabad,Ecotrans,2026-01-29,2026-01-29,2026-01-29 20:11:43.693848,2026-01-29 14:02:10.802805,-0.5191832161899175,-0.5913214314754996,-0.12690821284096865,-0.15402791462071733,-0.14044063984335386,-0.5935182311680698,Delivered,2.0
SHP003252,Kolkata,Ahmedabad,Globalline,2026-01-29,2026-01-29,2026-01-29 12:57:37.126480,2026-01-29 14:12:13.736995,0.24429593007718958,-0.14374251150897824,-0.20097772158065855,-0.46281228820825504,-0.29304147010644316,1.178044632053773,Delivered,4.0
SHP000360,Jaipur,Lucknow,Globalline,2026-01-29,2026-01-29,2026-01-30 16:23:03.100197,2026-01-31 03:56:01.372273,-0.4263352214064554,-0.5366202874730489,1.331238882191436,0.7075929141583838,1.3125959250692159,1.350000480688524,Delayed,4.0
SHP002326,Kolkata,Jaipur,Ecotrans,2026-01-29,2026-01-29,2026-01-30 04:19:19.764305,2026-01-30 01:36:10.805613,-0.3374025921517404,-0.39542036806500624,0.3835415027471654,0.19280540365690946,0.2193488920569447,0.2297209804898027,In Transit,3.0
SHP003647,Bangalore,Lucknow,Ecotrans,2026-01-29,2026-01-29,2026-01-29 20:13:03.254477,2026-01-29 12:45:52.262702,-0.7527747285319318,-0.6046155808298679,-0.02163492458851724,-0.15308471627829895,-0.087566199444144,-0.9031719878057977,Delivered,3.4301601423487544
SHP001410,Ahmedabad,Mumbai,Ecotrans,2026-01-29,2026-01-29,2026-01-29 12:31:09.371783,2026-01-29 13:23:47.081060,-0.6300779104779272,-0.614173264441362,-0.7388262823209973,-0.481635261406554,-0.42705226482664604,1.0903688288717541,In Transit,3.0
SHP003391,Jaipur,Bangalore,Ecotrans,2026-01-29,2026-01-29,2026-02-01 11:31:21.780434,2026-01-31 04:36:43.665441,-0.6256099011983051,-0.4857534604949329,4.186653357240854,2.5486725857550314,4.5641529295681185,-2.3754234253671918,In Transit,4.0
SHP001316,Hyderabad,Delhi,Ecotrans,2026-01-29,2026-01-29,2026-01-29 19:33:37.993503,2026-01-29 18:48:38.270106,-0.33342192989168784,-0.07753969650478787,-0.3716801158159057,-0.18112509557116663,-0.3695818619568843,0.7009878051217782,In Transit,3.0
SHP003945,Lucknow,Jaipur,Ecotrans,2026-01-29,2026-01-29,2026-01-29 10:51:52.607130,2026-01-29 07:00:26.943516,-0.7201648964045313,-0.5928751715147045,-0.7323728484404636,-0.5522532363613069,-0.43860121232029775,-0.042613205033252784,Delivered,3.0
SHP002648,Jaipur,Ahmedabad,Fastship,2026-01-29,2026-01-29,2026-01-30 04:21:14.466047,2026-01-29 18:53:57.710901,0.6332963302644841,0.4316363139276706,0.16824933172318202,0.1941652030144089,0.1404280141380121,-1.3821851791574291,Delivered,5.0
SHP000571,Bangalore,Mumbai,Fastship,2026-01-29,2026-01-29,2026-01-29 08:21:21.340633,2026-01-29 09:02:42.741535,-0.8197996765627206,-0.7860450105678328,-1.1373384868272491,-0.6593197042173966,-1.0781214451351289,1.0454102843890998,Cancelled,5.0
SHP003128,Ahmedabad,Bangalore,Ecotrans,2026-01-30,2026-01-30,2026-01-30 16:19:24.136233,2026-01-30 06:24:36.427159,-0.041892228790821336,-0.2490927239344821,-0.3926539772609756,-0.31928261038068745,-0.6850767663924979,-1.4919346490065948,In Transit,4.0
SHP004418,Pune,Delhi,Globalline,2026-01-31,2026-01-30,2026-02-01 02:37:04.277532,2026-01-31 22:21:29.986407,0.404426044843412,0.22092958234289065,0.08907421548944444,0.1200686620663169,0.1113845443028271,-0.13891274352719896,In Transit,3.0
SHP001655,Hyderabad,Hyderabad,Ecotrans,2026-01-30,2026-01-30,2026-01-30 06:15:56.778212,2026-01-30 04:44:34.966098,0.3524238657526294,0.55111395540477,-0.8988242090363684,-0.7485240612038889,-0.9081192732449848,0.5160445692230131,Delivered,5.0
SHP003673,Jaipur,Lucknow,Globalline,2026-01-30,2026-01-30,2026-01-30 13:01:18.807169,2026-01-30 11:25:34.378014,-0.8299982012586512,-0.7963419312604105,-0.8891461044807342,-0.4601842439083563,-0.27997882478300173,0.4985867343711209,Cancelled,5.0
SHP002713,Lucknow,Mumbai,Ecotrans,2026-01-30,2026-01-30,2026-01-30 19:05:13.393431,2026-01-30 18:19:26.241227,-0.8791109735970253,-0.8045392876650519,-0.199053783722066,-0.20133328108680004,-0.31955724080469616,0.6978349088867306,Cancelled,4.0
SHP004473,Jaipur,Mumbai,Fastship,2026-01-30,2026-01-30,2026-01-30 05:41:02.113565,2026-01-30 04:33:29.873041,-0.29984355636992527,-0.4396114165858319,-1.204589842231352,-0.7733564969648205,-0.7994027070222988,0.6110773387346342,Delivered,3.0
SHP004009,Ahmedabad,Mumbai,Globalline,2026-01-30,2026-01-30,2026-01-30 12:03:03.707543,2026-01-30 11:15:19.609258,3.146743269210077,4.0125515724524945,-0.9436469661247657,-0.5016189609512267,-1.0104135290473097,0.6900607547004681,Delayed,4.0
SHP004844,Kolkata,Pune,Ecotrans,2026-01-31,2026-01-30,2026-01-31 03:21:08.638948,2026-01-31 03:50:33.115297,0.08637849898842731,-0.22594654780971193,-1.2077069179228292,-0.8728618853372717,-0.8501600391302232,1.350000480688524,Cancelled,5.0
SHP004076,Pune,Mumbai,Ecotrans,2026-01-29,2026-01-30,2026-01-30 03:22:52.407598,2026-01-30 05:04:34.351806,0.8698097513175475,1.3041030171276269,0.5373297579977379,0.15264798850931302,0.862799863117795,1.2860909609727333,In Transit,4.0
SHP001835,Pune,Delhi,Ecotrans,2026-01-30,2026-01-30,2026-01-30 10:02:35.095526,2026-01-30 07:30:37.218837,0.9150804668178767,0.3438581760172675,-0.9006816080234767,-0.587314799565345,-0.6615140982738832,0.2743320945890245,Delivered,3.4301601423487544
SHP001354,Mumbai,Mumbai,Fastship,2026-01-31,2026-01-30,2026-01-31 10:17:43.519361,2026-01-31 07:43:16.027155,-0.4915293365427702,-0.4549915738336032,-0.9122194615119799,-0.5765453541712707,-1.5232216250460902,0.26438619398363894,Delivered,4.0
SHP004157,Kolkata,Delhi,Ecotrans,2026-01-31,2026-01-30,2026-02-01 09:41:35.859200,2026-02-01 05:27:47.734396,2.7952302209976887,1.4734603091215939,1.8313358489727436,0.42203652902162825,1.6740251390322074,-0.13185518895346138,Delivered,4.0
SHP004417,Delhi,Delhi,Fastship,2026-01-30,2026-01-30,2026-01-30 05:57:15.740976,2026-01-30 03:17:51.490055,1.2269420535593265,1.6302371696993456,-1.0129932275518647,-0.7618140573791001,-0.5199914186341187,0.2446587436338738,In Transit,3.4301601423487544
SHP000940,Delhi,Kolkata,Ecotrans,2026-01-30,2026-01-30,2026-01-30 01:24:49.426988,2026-01-30 01:51:56.494365,-0.8455741844182404,-0.7886283857252715,-0.19971748678072937,-0.9556010640798313,-0.34181308129505483,0.9886172692401516,In Transit,2.0
SHP002907,Lucknow,Hyderabad,Globalline,2026-01-30,2026-01-30,2026-01-30 01:31:40.368929,2026-01-30 01:15:18.993515,-0.5406384159641454,-0.5202927404165787,-0.55373320223147,-0.9507293108095619,-0.8832140124026571,0.815217388971579,Delayed,4.0
SHP000837,Lucknow,Pune,Ecotrans,2026-01-31,2026-01-30,2026-02-01 17:22:35.403954,2026-02-01 05:10:24.424069,0.09967487465312999,0.14499524058381869,1.0300323533867994,0.7499428930352346,0.9253241848070356,-2.039917597523106,Delivered,1.0
SHP001466,Jaipur,Bangalore,Ecotrans,2026-01-31,2026-01-30,2026-01-31 18:42:17.736318,2026-01-31 18:08:23.754774,-0.5025757895565062,-0.46612644759880706,-0.33886861259395307,-0.21764181855375803,-0.13544490749343394,0.7452439252859937,Delivered,4.0
SHP004126,Pune,Jaipur,Globalline,2026-01-30,2026-01-30,2026-01-30 16:05:08.780305,2026-01-30 12:27:33.675402,-0.7102621189759551,-0.7093314346781642,-0.6032384571092663,-0.3294229310206836,-0.7588106847854048,0.012599346125749896,In Transit,3.4301601423487544
SHP003081,Hyderabad,Lucknow,Fastship,2026-01-30,2026-01-30,2026-01-30 21:46:59.143653,2026-01-30 15:57:23.664313,-0.5261003420013822,-0.2561244638776701,-0.247014440743539,-0.08627074865152622,-0.4731792934696889,-0.5139186146272035,In Transit,4.0
SHP004441,Pune,Lucknow,Globalline,2026-01-29,2026-01-30,2026-01-30 10:08:26.778443,2026-01-30 03:26:52.698782,0.06108961739348045,0.5153655887755132,1.7796519795899663,0.4411341199779402,1.5884592074508526,-0.721231929733347,Delivered,5.0
SHP000495,Ahmedabad,Bangalore,Ecotrans,2026-01-31,2026-01-31,2026-02-01 07:53:25.160886,2026-02-01 02:13:25.368995,-0.5769439007384919,-0.5994968949389877,0.5879989067812236,0.3450887230156081,0.3767664413603255,-0.47564898683504075,Cancelled,3.0
SHP002033,Hyderabad,Mumbai,Globalline,2026-02-01,2026-01-31,2026-02-02 22:56:46.279261,2026-02-02 12:29:18.865228,-0.5314117956659776,-0.4102028362245233,3.021811252069407,0.9876478037911476,2.8919645946265056,-1.6222087751729015,Delayed,4.0
SHP004745,Kolkata,Hyderabad,Fastship,2026-02-01,2026-01-31,2026-02-01 20:36:02.347863,2026-02-01 15:51:12.223791,-0.10299288095000692,-0.300213750584446,-0.1452894400393404,-0.1367354414916875,-0.3146139480460362,-0.25563419275043175,Delivered,3.0
SHP003281,Delhi,Kolkata,Ecotrans,2026-01-31,2026-01-31,2026-02-01 09:31:51.323611,2026-02-01 09:34:48.675807,-0.5646691608761846,-0.5992549746354856,1.1767284643553497,0.4151068076085728,1.3207303507727344,0.8922454263627542,Delivered,4.0
SHP003955,Hyderabad,Ahmedabad,Fastship,2026-01-31,2026-01-31,2026-01-31 10:53:57.937683,2026-01-31 07:49:04.496747,0.4323133510435131,0.5520927514774614,-0.9874866549617857,-0.5507674315057672,-0.9831585740179639,0.1430037000868993,Delivered,3.4301601423487544
SHP004572,Jaipur,Ahmedabad,Fastship,2026-02-01,2026-01-31,2026-02-03 09:12:07.121258,2026-02-02 05:44:13.314409,-0.1983175855880718,-0.33248982704375074,1.6944583522646417,1.4253476706159143,1.9247564594038433,-2.3754234253671918,In Transit,2.0
SHP001842,Delhi,Mumbai,Fastship,2026-01-31,2026-01-31,2026-01-31 05:19:48.848912,2026-01-31 03:35:04.355120,3.3675865139405095,2.1114387446953398,-1.1842682129890423,-0.7884511627048977,-0.9758695161600858,0.4626851827955203,In Transit,1.0
SHP003398,Delhi,Mumbai,Ecotrans,2026-01-31,2026-01-31,2026-01-31 07:25:19.250723,2026-01-31 06:57:29.028090,-0.049408921117159915,-0.09322735026053112,-1.0221302533516963,-0.6991775792377402,-1.0551628194283804,0.7694253073088844,Delivered,3.0
SHP001532,Hyderabad,Lucknow,Globalline,2026-01-31,2026-01-31,2026-01-31 18:46:59.846762,2026-01-31 13:50:44.519305,-0.9081956366423858,-0.8448480472420636,0.11585743879378557,-0.21429737414206232,0.37200651673897517,-0.3011840454551066,Delivered,2.0
SHP003765,Jaipur,Lucknow,Globalline,2026-02-01,2026-01-31,2026-02-01 12:36:18.805935,2026-02-01 09:30:40.775432,-0.3534906391250563,-0.3489232944572233,-0.8830884626849955,-0.47796689199639064,-0.7266090185110989,0.14003954629916643,Delivered,3.0
SHP003941,Jaipur,Bangalore,Globalline,2026-01-31,2026-01-31,2026-01-31 14:43:52.016131,2026-01-31 12:54:37.873784,-0.594796794387042,-0.5485102196822782,-0.572545400570832,-0.38723740419486485,-0.28403837960057676,0.4447599182227565,Delivered,3.0
SHP000935,Ahmedabad,Kolkata,Globalline,2026-01-31,2026-01-31,2026-01-31 23:25:20.618909,2026-01-31 18:12:10.366452,-0.20648144196233023,-0.36181960590838497,-0.23231592352881358,-0.01630823442787902,-0.14719202470204162,-0.36865260335823474,Delayed,2.0
SHP001972,Hyderabad,Chennai,Fastship,2026-02-01,2026-02-01,2026-02-01 08:02:31.390667,2026-02-01 07:09:40.002282,0.1371651074512406,-0.05722351234736911,-0.9075479401000545,-0.6727153615985669,-1.0041761754382341,0.6696332158134487,Delivered,3.0
SHP004246,Jaipur,Ahmedabad,Fastship,2026-02-02,2026-02-01,2026-02-02 15:21:07.082129,2026-02-02 11:23:03.296629,-0.6125963068998564,-0.5550435252561914,-0.46719053753550654,-0.3607404979359199,-0.7307974859111082,-0.06907891384729711,Delivered,3.4301601423487544
SHP002210,Chennai,Delhi,Fastship,2026-02-01,2026-02-01,2026-02-01 14:33:14.140849,2026-02-01 14:41:17.659810,-0.3600075084820806,-0.39775089820989473,-0.1722493966925582,-0.3947994724156857,-0.20937516512512508,0.9125982899855991,In Transit,4.0
SHP002966,Pune,Lucknow,Globalline,2026-02-02,2026-02-01,2026-02-05 13:38:01.715212,2026-02-04 22:13:56.106939,0.020858274625648866,0.20819483211171838,3.898738720185808,2.6387704887414087,4.2181946261524566,-2.3754234253671918,Delivered,4.0
SHP004345,Jaipur,Pune,Globalline,2026-02-01,2026-02-01,2026-02-02 04:08:44.132827,2026-02-01 23:09:19.726080,0.22332252896278135,-0.16322308021101467,0.9125663407742474,0.18526993592449986,1.235798966080682,-0.31375335552791744,Delivered,3.0
SHP001505,Bangalore,Hyderabad,Ecotrans,2026-02-01,2026-02-01,2026-02-01 10:11:56.931998,2026-02-01 07:39:41.035535,1.248367702692838,0.8949835210737562,-0.8099926945291059,-0.5806541781963392,-1.101818908533884,0.2731342049267143,Cancelled,4.0
SHP002540,Lucknow,Hyderabad,Ecotrans,2026-02-01,2026-02-01,2026-02-01 12:00:02.944133,2026-02-01 07:50:17.719746,0.09222359965230542,-0.003718427887520925,-0.7032883941536184,-0.5037619272613142,-0.6245376888599098,-0.11570804423926231,Cancelled,3.0
SHP003448,Ahmedabad,Chennai,Globalline,2026-02-01,2026-02-01,2026-02-01 13:36:00.814541,2026-02-01 15:05:18.871593,-0.15651045143735967,-0.13876326375558612,-0.18319021198481844,-0.4355018612706288,-0.19566224448104316,1.2366400225704086,Delayed,4.0
SHP004641,Delhi,Ahmedabad,Ecotrans,2026-02-01,2026-02-01,2026-02-02 03:53:46.449872,2026-02-02 05:27:40.083104,-0.8187900439730996,-0.781822886681905,0.9426690755995787,0.1746278246230996,1.0990319531172903,1.2549593342998988,Delivered,3.0
SHP001995,Hyderabad,Jaipur,Ecotrans,2026-02-01,2026-02-01,2026-02-03 00:16:26.010375,2026-02-02 13:35:48.210871,0.013371726449463706,-0.2007514010465556,1.1554596172265463,1.0443119414093733,-0.27997882478300173,-1.6747507540540554,In Transit,3.0
SHP002943,Hyderabad,Mumbai,Fastship,2026-02-02,2026-02-01,2026-02-02 11:33:40.495791,2026-02-02 11:29:09.211146,-0.3280665778429098,-0.3673166249774035,-0.6835264434271117,-0.5225219931412061,-0.4804119463354512,0.8624216653119523,Delivered,3.0
SHP002310,Chennai,Lucknow,Fastship,2026-02-02,2026-02-01,2026-02-02 09:50:38.650095,2026-02-02 05:31:31.694588,0.2619508360533946,0.5891462023734929,-0.9365518698421367,-0.595808323894273,-1.1287774169734017,-0.15304990555483636,Delayed,4.0
SHP003517,Delhi,Chennai,Fastship,2026-02-01,2026-02-01,2026-02-03 06:40:35.417866,2026-02-02 15:42:48.749357,-0.6333972702735199,-0.5880123906663703,1.9685319169378133,1.3175647179883883,2.234989306112183,-2.3754234253671918,Delayed,4.0
SHP001828,Ahmedabad,Lucknow,Fastship,2026-02-02,2026-02-01,2026-02-02 17:19:49.114040,2026-02-02 06:34:42.344721,-0.7122042898632553,-0.691604093710656,0.11041329393942674,-0.27630817596142765,-0.27997882478300173,-1.6926308984366658,Delivered,4.0
SHP003520,Mumbai,Ahmedabad,Globalline,2026-02-01,2026-02-01,2026-02-01 22:24:05.143273,2026-02-01 19:31:26.952407,1.340908625329972,1.575685528655567,0.03405634250906758,-0.05988132510541835,0.2477199144505951,0.19188047612559586,Cancelled,4.0
SHP000950,Hyderabad,Delhi,Globalline,2026-02-02,2026-02-01,2026-02-02 16:20:31.714841,2026-02-02 12:14:15.064224,-0.2713953795731959,-0.38758711967764353,-0.06542413812180145,-0.3184814599717518,-0.5044867613245915,-0.10184281136164192,Cancelled,4.0
SHP004905,Bangalore,Hyderabad,Ecotrans,2026-02-01,2026-02-01,2026-02-01 20:55:14.890924,2026-02-01 18:32:13.357930,0.20123153151928042,-0.08061371637821318,-0.28987763009720796,-0.12307194095094524,-0.453425638549751,0.3099862913445339,Delivered,5.0
SHP002146,Kolkata,Ahmedabad,Fastship,2026-02-01,2026-02-01,2026-02-01 06:40:04.333289,2026-02-01 05:31:12.044527,-0.5053117140670857,-0.2620024678597567,-1.157646718296266,-0.7313631669712327,-1.1037278882247774,0.6057560202327288,In Transit,2.0
SHP000077,Bangalore,Chennai,Fastship,2026-02-02,2026-02-02,2026-02-02 21:35:42.481341,2026-02-02 16:52:09.527819,-0.7996888284245512,-0.6754368849226396,-0.2731305253745617,-0.09429264056609023,-0.26108668103232074,-0.25050417258037877,In Transit,4.0
SHP003413,Chennai,Pune,Fastship,2026-02-02,2026-02-02,2026-02-02 14:54:29.448126,2026-02-02 11:20:47.533973,0.0258265102501302,-0.038420806004770956,-0.11263801014950554,-0.3796805911858448,-0.12700517498012073,0.028101027155233733,In Transit,3.0
SHP002460,Chennai,Ahmedabad,Globalline,2026-02-02,2026-02-02,2026-02-02 18:01:53.688235,2026-02-02 19:38:28.651963,-0.2951586075926587,-0.3608766040447624,-0.2842649298366919,-0.24637912426021777,-0.27997882478300173,1.2656840045079598,In Transit,5.0
SHP001776,Pune,Chennai,Ecotrans,2026-02-02,2026-02-02,2026-02-03 03:34:13.307028,2026-02-03 04:20:42.000137,0.8836828321042406,0.9235358976570734,0.7782623770757535,0.16072011182728516,0.6021759573550021,1.0658379633418888,Delivered,3.0
SHP000506,Hyderabad,Chennai,Ecotrans,2026-02-02,2026-02-02,2026-02-02 11:13:17.854475,2026-02-02 06:10:03.918095,-0.5079538796624694,-0.5768326482754969,-0.5110019337785153,-0.5370165147238978,-0.7401461761692367,-0.32901165868780036,Cancelled,3.0
SHP000470,Jaipur,Bangalore,Ecotrans,2026-02-02,2026-02-02,2026-02-02 09:51:08.870963,2026-02-02 06:24:36.032751,0.3869536531004709,1.0421890477903377,-0.9333580162124144,-0.5954500528153324,-0.8437986991408168,0.056624450038892764,Delivered,5.0
SHP003912,Hyderabad,Kolkata,Fastship,2026-02-03,2026-02-02,2026-02-03 17:53:07.927160,2026-02-03 14:58:52.453312,-0.5612036574144429,-0.6380852836906249,-0.5713202044609614,-0.25261206857881036,-0.4616414424419876,0.18541345392784148,Delayed,4.0
SHP001474,Ahmedabad,Kolkata,Globalline,2026-02-02,2026-02-02,2026-02-03 09:25:27.025783,2026-02-02 22:57:05.272607,0.06891897344259452,-0.17023902899413612,1.8869874805442877,0.41055092267055043,1.7964306793393725,-1.6258210456519044,In Transit,3.0
SHP000968,Jaipur,Lucknow,Ecotrans,2026-02-02,2026-02-02,2026-02-03 09:05:36.988199,2026-02-03 04:44:16.635302,-0.8013195058406667,-0.755744859752245,0.8642489357870686,0.3964429212218864,0.7123426494801851,-0.16191768350034105,Delivered,5.0
SHP001839,Kolkata,Mumbai,Ecotrans,2026-02-02,2026-02-02,2026-02-02 10:35:03.478300,2026-02-02 08:21:04.734356,1.2690247305445492,0.6429887104872758,-0.8150829576986305,-0.5642165484199705,-0.38858551071432007,0.3460689520821341,In Transit,1.0
SHP004169,Bangalore,Lucknow,Fastship,2026-02-02,2026-02-02,2026-02-04 20:44:46.492801,2026-02-04 10:37:22.125924,1.1863279153559747,2.101274289511977,3.1989779791228554,1.9180377179216168,2.9817762695407537,-1.542234534017368,Delivered,5.0
SHP003529,Lucknow,Mumbai,Globalline,2026-02-02,2026-02-02,2026-02-05 20:43:21.818369,2026-02-04 13:54:38.067214,-0.44700904266212665,-0.38919023776971956,-0.7858843697501041,2.9413135822641174,-0.808123967434882,-2.3754234253671918,Delivered,1.0
SHP001367,Hyderabad,Delhi,Ecotrans,2026-02-03,2026-02-02,2026-02-03 07:32:09.145898,2026-02-03 06:20:40.837689,1.2962489157901906,1.8936005628604258,-0.9764581489097012,-0.6943182354701868,-1.0302056140649096,0.5953844094300256,In Transit,1.0
SHP003904,Pune,Lucknow,Ecotrans,2026-02-02,2026-02-02,2026-02-02 18:33:51.813029,2026-02-02 11:46:38.196151,-0.22351534785815966,-0.31204179056967263,0.2540067738048004,-0.2236395841645481,0.36354655137209957,-0.7438031407937028,Delayed,5.0
SHP001698,Ahmedabad,Bangalore,Fastship,2026-02-02,2026-02-02,2026-02-03 11:56:07.717226,2026-02-03 03:44:33.403846,-0.705129421200902,-0.5812366292805159,2.193489334623412,0.5177291240958942,2.09519893298814,-1.0802200139373785,Delivered,4.0
SHP004147,Bangalore,Lucknow,Ecotrans,2026-02-02,2026-02-02,2026-02-02 22:56:01.161186,2026-02-03 01:26:14.668924,-0.6030963766448129,-0.6407748636020135,0.39964533451854195,-0.03716676227989298,0.34574280760833764,1.350000480688524,Delayed,3.0
SHP003118,Bangalore,Bangalore,Ecotrans,2026-02-02,2026-02-02,2026-02-03 19:56:56.642948,2026-02-03 08:01:38.488375,0.49422065586308533,0.9776385662590925,1.6482474122215924,0.8597357053035042,-0.27997882478300173,-1.9725886193144444,Delayed,5.0
SHP003411,Kolkata,Lucknow,Fastship,2026-02-03,2026-02-02,2026-02-03 08:36:46.142807,2026-02-03 07:11:49.951075,-0.25300198148204767,0.06705843846062946,-0.7509284506403983,-0.6483560921568703,-0.6151610135637653,0.5416792230857059,Delivered,5.0
SHP000531,Chennai,Mumbai,Fastship,2026-02-03,2026-02-02,2026-02-03 22:21:07.434034,2026-02-03 23:27:15.441216,-0.5932794776627525,-0.36018669406228343,-0.23212001022649378,-0.0619880839442881,-0.4664385593889957,1.144234514634028,Delayed,5.0
SHP000732,Lucknow,Jaipur,Ecotrans,2026-02-02,2026-02-02,2026-02-02 13:06:49.277695,2026-02-02 13:30:06.237397,-0.3996648057419166,-0.28205227659231336,-0.14758225667005004,-0.45626648642381873,-0.24409048003626055,0.9733205399304077,Delivered,3.0
SHP000564,Kolkata,Ahmedabad,Ecotrans,2026-02-02,2026-02-02,2026-02-02 19:35:39.318410,2026-02-02 18:13:19.888288,-0.24620408770016972,-0.34361458303214526,-0.4055216739190477,-0.17968677800351934,-0.460150897055342,0.5521001702111316,Cancelled,5.0
SHP004130,Ahmedabad,Lucknow,Ecotrans,2026-02-03,2026-02-03,2026-02-03 15:56:40.644125,2026-02-03 13:07:23.397229,-0.5608586222642268,-0.4373381418774554,0.036589522994684674,-0.33544693064040043,-0.18209066198058207,0.2052385073842894,Delivered,4.0
SHP002558,Lucknow,Chennai,Fastship,2026-02-01,2026-02-03,2026-02-03 18:02:00.866085,2026-02-03 04:27:14.378094,-0.6452735907944764,-0.6914854178954871,2.1912058653329827,1.8022653443248577,1.9280499080682443,-2.369341925024234,Delivered,4.0
SHP003200,Hyderabad,Jaipur,Ecotrans,2026-02-03,2026-02-03,2026-02-03 12:03:51.948389,2026-02-03 10:05:24.309777,-0.7748198052817183,-0.7530744293338473,-0.7598011246580795,-0.5010470614319227,-1.0716679937552298,0.40796548040290015,Delivered,5.0
SHP000268,Kolkata,Hyderabad,Globalline,2026-02-04,2026-02-03,2026-02-06 03:57:55.140682,2026-02-05 02:51:21.168910,-0.2431997907225756,-0.30000672166324605,1.9662775656705176,1.2018557635768752,2.104645572996571,-2.3754234253671918,Cancelled,3.4301601423487544
SHP002632,Lucknow,Delhi,Fastship,2026-02-04,2026-02-03,2026-02-04 11:56:39.929487,2026-02-04 08:47:31.097504,-0.44036228816573814,-0.3001369678092204,-0.7312380064820467,-0.5061686839449545,-0.7045373286679862,0.1260262232856973,Delivered,3.0
SHP000849,Bangalore,Lucknow,Globalline,2026-02-03,2026-02-03,2026-02-03 10:25:53.681036,2026-02-03 07:29:27.394645,0.22984798632303638,0.5263320528809461,-0.7991391121671748,-0.5707344439073161,-0.6323362385188929,0.1767175072994197,Delivered,4.0
SHP002375,Jaipur,Delhi,Fastship,2026-02-03,2026-02-03,2026-02-03 23:42:52.157706,2026-02-03 13:49:01.397156,-0.17340791713399795,0.03285784473721571,-0.2057325530622109,-0.0038421484251173446,-0.24247512527581264,-1.488148916278569,Cancelled,4.0
SHP004101,Chennai,Mumbai,Globalline,2026-02-03,2026-02-03,2026-02-03 05:29:12.439322,2026-02-03 05:26:19.806905,1.0313117820899567,0.9158021920669612,-1.1187384334211277,-0.781769748258526,-1.3760977617052934,0.868979710051308,Cancelled,1.0
SHP002389,Delhi,Hyderabad,Fastship,2026-02-03,2026-02-03,2026-02-03 13:09:13.090805,2026-02-03 15:46:43.850035,0.854221235992516,1.639736397351507,-0.24677112080082966,-0.45456156920575763,0.0278934646078497,1.350000480688524,Delivered,4.0
SHP000982,Pune,Jaipur,Fastship,2026-02-03,2026-02-03,2026-02-03 13:57:45.083068,2026-02-03 13:20:28.741615,-0.25288205783678663,-0.15679796995637985,-0.11168882589171772,-0.4200396418485365,-0.2595690787716883,0.7317917675032627,Delivered,3.0
SHP004863,Ahmedabad,Jaipur,Ecotrans,2026-02-03,2026-02-03,2026-02-03 10:52:44.754275,2026-02-03 11:10:35.482085,-0.3180215892689831,-0.49837641343906647,-0.7902947293470199,-0.5516350273098205,-0.6320517161437587,1.189682452604466,Delivered,2.0
SHP003994,Bangalore,Bangalore,Globalline,2026-02-03,2026-02-03,2026-02-03 16:05:17.743761,2026-02-03 12:23:32.083238,0.09798616372767674,0.42290106909641884,-0.3510287437819019,-0.3293166684487939,-0.44485258996540256,-0.00405668890730605,Delivered,3.0
SHP004352,Ahmedabad,Hyderabad,Fastship,2026-02-04,2026-02-03,2026-02-04 18:21:45.105323,2026-02-04 19:31:21.000533,-0.533137354718104,-0.29327765109911574,-0.3255623008942239,-0.23225476867970135,-0.15010722682702818,1.1580541618537588,Delivered,2.0
SHP003834,Ahmedabad,Lucknow,Globalline,2026-02-05,2026-02-04,2026-02-05 19:12:05.740321,2026-02-05 20:50:42.433764,-0.642359736709513,-0.6936310963868684,-0.5215667571546886,-0.19644487202005745,-0.21991877221121373,1.273776157450304,Delayed,1.0
SHP004800,Kolkata,Chennai,Ecotrans,2026-02-05,2026-02-04,2026-02-06 08:44:33.198279,2026-02-06 06:11:32.966503,-0.5203592091708271,-0.4077875192928075,1.1926112428404005,0.3814605792825965,1.028019828248088,0.270186953028994,Cancelled,2.0
SHP003035,Bangalore,Delhi,Globalline,2026-02-04,2026-02-04,2026-02-05 03:54:36.700175,2026-02-04 21:07:58.402633,-0.12560714651696292,-0.18353632568555367,0.4001655860357985,0.17522354643837873,0.4923158443910084,-0.7414552385683993,Delivered,4.0
SHP000946,Pune,Bangalore,Fastship,2026-02-04,2026-02-04,2026-02-04 23:41:33.470747,2026-02-04 17:24:32.436983,-0.6494587733731366,-0.6835930324446863,0.19749377094463488,-0.004774989326761042,-0.10244399523886026,-0.6233091449012559,Delivered,3.0
SHP002021,Pune,Chennai,Fastship,2026-02-04,2026-02-04,2026-02-04 21:18:38.269339,2026-02-04 16:44:45.363771,0.5254780497285277,0.9677608915997751,-0.4038432878479774,-0.10643476497836969,-0.3810841523257682,-0.21194467412380302,Delivered,3.0
SHP001734,Delhi,Mumbai,Fastship,2026-02-04,2026-02-04,2026-02-05 00:43:05.629973,2026-02-05 01:16:49.394181,-0.4639185804591448,-0.24673901945941823,1.1248468374677822,0.03899588680479373,1.5874866256794582,1.0149882455313168,Delayed,5.0
SHP004269,Hyderabad,Jaipur,Fastship,2026-02-04,2026-02-04,2026-02-06 10:59:56.867751,2026-02-06 08:21:12.122581,1.701676340707862,1.8399084354927666,1.8891524871671048,1.502047090923783,1.794251164261002,0.24728494364752024,Delivered,3.0
SHP002702,Hyderabad,Delhi,Fastship,2026-02-04,2026-02-04,2026-02-05 00:20:59.409361,2026-02-04 23:17:45.706226,-0.7332127398505598,-0.6701226395502127,-0.23528802019454603,0.023273423445749914,-0.472184303092394,0.6282639730178277,Delivered,5.0
SHP003379,Jaipur,Delhi,Globalline,2026-02-04,2026-02-04,2026-02-04 11:05:37.998564,2026-02-04 09:02:01.710138,-0.3176423255739884,-0.3699910134257936,-0.7577162875808229,-0.5424681474687613,-0.7700098393282332,0.38744755262730224,Delivered,4.0
SHP000756,Ahmedabad,Delhi,Fastship,2026-02-04,2026-02-04,2026-02-12 13:29:45.518693,2026-02-10 01:01:05.410025,-0.3082879794422773,-0.3466263308901193,-0.10822158731308228,7.7542864712008726,0.0867552821832089,-2.3754234253671918,Delivered,3.0
SHP004704,Chennai,Lucknow,Fastship,2026-02-05,2026-02-04,2026-02-05 03:14:19.200142,2026-02-05 02:26:32.152908,-0.8733037019139855,-0.765898776471207,-1.282264675146895,-0.877715818810118,-1.5572472980123617,0.6898647191940417,Delivered,3.0
SHP004177,Lucknow,Chennai,Globalline,2026-02-04,2026-02-04,2026-02-04 16:16:26.174719,2026-02-04 14:48:23.985691,-0.3519998642296574,-0.2514530648119027,-0.5052017740161074,-0.32139235997214555,-0.5885668619283775,0.5293147928716494,Delivered,3.0
SHP000116,Delhi,Jaipur,Fastship,2026-02-03,2026-02-05,2026-02-05 03:19:09.133518,2026-02-05 06:16:25.142556,-0.17688718329443914,-0.39004986916753254,2.371485727791062,1.174280741694802,2.384592370114414,1.350000480688524,Delivered,4.0
SHP003671,Hyderabad,Mumbai,Ecotrans,2026-02-05,2026-02-05,2026-02-06 12:59:43.775070,2026-02-06 16:17:15.387332,1.4116841190558391,0.83838869194804,1.049375889148121,0.5629688293692272,1.0067083956743252,1.350000480688524,Delivered,3.0
SHP002045,Delhi,Mumbai,Ecotrans,2026-02-05,2026-02-05,2026-02-05 08:47:34.556127,2026-02-05 07:32:49.267641,1.2884658370888251,2.239256294290861,-0.6505065359378772,-0.6406690945592973,-0.562782349769909,0.5822898702034337,In Transit,4.0
SHP003695,Delhi,Lucknow,Globalline,2026-02-05,2026-02-05,2026-02-05 08:04:47.585347,2026-02-05 04:34:17.721282,-0.08759007292093897,-0.1472710082358148,-1.0164288580633447,-0.6711007615521232,-1.0076125158253837,0.04086782517728352,Delayed,3.0
SHP003621,Lucknow,Bangalore,Fastship,2026-02-05,2026-02-05,2026-02-05 15:10:43.842564,2026-02-05 15:15:54.884402,-0.4383653126789962,-0.17627803090997093,-0.18324978321861154,-0.36812905842798976,-0.12492159883129583,0.9011326321684299,Delayed,2.0
SHP002088,Hyderabad,Hyderabad,Globalline,2026-02-05,2026-02-05,2026-02-05 19:01:42.874769,2026-02-05 19:17:33.486608,-0.6072200592989034,-0.5466378516349636,0.19682522991466797,-0.20382899856043873,0.1130424859307837,0.943648941891387,Delayed,1.0
SHP004699,Pune,Delhi,Fastship,2026-02-06,2026-02-05,2026-02-06 08:52:48.808624,2026-02-06 05:23:56.841555,-0.16114322264479827,-0.3091271565506941,-0.8871754998574076,-0.6369436032487487,-0.9560382509513237,0.04737566481387566,In Transit,4.0
SHP003401,Kolkata,Delhi,Fastship,2026-02-06,2026-02-05,2026-02-06 18:09:35.631218,2026-02-06 13:20:50.805988,-0.7020810613799301,-0.6299512141967495,-0.46107225948532593,-0.24090274909416762,-0.36099908866815594,-0.27123628026276453,Delivered,5.0
SHP000260,Pune,Ahmedabad,Fastship,2026-02-05,2026-02-05,2026-02-05 15:40:44.946535,2026-02-05 12:24:37.746079,0.18565337349729133,0.07707640099053013,-0.5352157843264345,-0.346776810599196,-0.2748864200467751,0.09821459430282288,Delayed,4.0
SHP003965,Hyderabad,Mumbai,Ecotrans,2026-02-05,2026-02-05,2026-02-05 09:54:38.112940,2026-02-05 07:29:43.965312,-0.34629551092089494,-0.49457875812516616,-0.9617639211863575,-0.5929694705616083,-1.1288477033843802,0.30250007615152097,Delayed,3.0
SHP003760,Hyderabad,Lucknow,Fastship,2026-02-05,2026-02-05,2026-02-10 09:45:27.345580,2026-02-10 10:02:44.637268,-0.1213200364748883,-0.2605097767451476,0.11885992722839733,4.521899569724486,-0.05148672776329549,0.9494111060033075,Cancelled,4.0
SHP004594,Delhi,Pune,Fastship,2026-02-06,2026-02-05,2026-02-06 07:45:15.447168,2026-02-06 07:45:14.929396,-0.12185491309131817,-0.3346011573045255,-1.0652673463171516,-0.6849965639484823,-0.8808575592449734,0.8804212716368034,Delivered,4.0
SHP004028,Kolkata,Hyderabad,Ecotrans,2026-02-05,2026-02-05,2026-02-05 09:42:25.989195,2026-02-05 06:38:06.743410,-0.6019370572647552,-0.5241618995830694,-0.7531650895631528,-0.6016488626916435,-1.0130484533855963,0.1452768705430905,Delayed,3.0
SHP002655,Chennai,Kolkata,Globalline,2026-02-05,2026-02-05,2026-02-05 19:33:51.014867,2026-02-05 18:50:50.395686,1.28743498442576,2.0035316116584854,0.2756576822611737,-0.18097072614068863,0.20296948088550051,0.7089054243485219,Delivered,1.0
SHP003857,Bangalore,Pune,Fastship,2026-02-03,2026-02-05,2026-02-05 11:35:51.448144,2026-02-05 02:29:55.934965,-0.57651637723384,-0.6210747990121721,-0.34031017760691945,1.5275898331899544,-0.32067693122270713,-1.2970128286502898,Delivered,3.4301601423487544
SHP004878,Hyderabad,Ahmedabad,Globalline,2026-02-03,2026-02-05,2026-02-05 05:43:05.554820,2026-02-05 03:58:45.787862,-0.73960588338125,-0.5981189589871564,1.5471209114529703,1.2766662846307602,1.7120286635773228,0.4643289336455733,Delayed,5.0
SHP000500,Ahmedabad,Delhi,Fastship,2026-02-05,2026-02-05,2026-02-05 07:22:28.966739,2026-02-05 06:19:52.776611,0.3085125014850931,0.1292432684916944,-0.9485784975930789,-0.7011963110207983,-1.0045316985787993,0.6307577025888796,Delivered,2.0
SHP003492,Delhi,Chennai,Ecotrans,2026-02-05,2026-02-05,2026-02-05 19:29:49.197038,2026-02-05 15:26:34.388379,-0.304489078934363,-0.12352827096041716,0.3090288703835715,-0.1838374980163537,0.17947756404707177,-0.08975461304891827,Delayed,3.0
SHP004045,Kolkata,Delhi,Globalline,2026-02-06,2026-02-06,2026-02-06 13:17:50.918345,2026-02-06 13:17:08.013390,-0.6125235423952554,-0.5600730098229865,-0.1717123943267319,-0.4484226776520454,-0.20278208082050322,0.8776035244036718,Delivered,2.0
SHP000888,Kolkata,Jaipur,Fastship,2026-02-05,2026-02-06,2026-02-06 14:25:54.167144,2026-02-06 16:49:36.269369,-0.18496100460551088,0.047556216809726985,0.7346189352837907,0.6242642874335723,0.8138353156564415,1.350000480688524,Delayed,4.0
SHP002932,Hyderabad,Bangalore,Ecotrans,2026-02-06,2026-02-06,2026-02-07 09:37:10.137050,2026-02-07 01:51:38.398409,-0.6812077218575524,-0.52857163536983,0.36647756027044515,0.4188863692876964,0.26245914627828687,-0.9763456742017462,Delivered,4.0
SHP002159,Lucknow,Ahmedabad,Globalline,2026-02-07,2026-02-06,2026-02-07 09:28:29.166402,2026-02-07 11:15:45.484620,0.21171109632169227,0.10573832890071783,-1.0293722976814088,-0.6115694713570422,-1.2534694944214178,1.308318940631315,In Transit,3.0
SHP004226,Chennai,Hyderabad,Fastship,2026-02-06,2026-02-06,2026-02-06 14:54:12.719730,2026-02-06 13:27:45.169018,0.18687689346424713,-0.1284535127094925,-0.7184624164734644,-0.37987890780421524,-0.6640919331664016,0.535606007200689,Delivered,3.4301601423487544
SHP004965,Pune,Pune,Ecotrans,2026-02-07,2026-02-06,2026-02-08 06:13:55.883033,2026-02-07 19:39:00.187486,-0.08052883151084232,0.16205493496358814,0.4811179759284024,0.27432240296553745,0.15154125350855882,-1.6520089153647493,Delivered,3.0
SHP001010,Hyderabad,Mumbai,Ecotrans,2026-02-05,2026-02-06,2026-02-06 06:03:35.072844,2026-02-06 06:20:03.037037,-0.309112974843723,-0.3373021667467714,0.28840958869584443,0.2669626429337124,-0.27997882478300173,0.9461319918297246,Delivered,5.0
SHP003088,Hyderabad,Delhi,Globalline,2026-02-07,2026-02-06,2026-02-07 07:27:29.672054,2026-02-07 08:37:34.739899,-0.6357911811520737,-0.5162085815455325,-1.0325448782231275,-0.69763142275222,-1.117628529241322,1.1599934535390404,Delayed,3.0
SHP004703,Kolkata,Chennai,Fastship,2026-02-06,2026-02-06,2026-02-07 09:36:40.265179,2026-02-07 12:47:18.729085,-0.826233119073356,-0.7177113961527306,1.3241712565904393,0.41853223561017006,1.0781813041506165,1.350000480688524,Delayed,4.0
SHP000885,Ahmedabad,Mumbai,Fastship,2026-02-06,2026-02-06,2026-02-06 11:37:56.104567,2026-02-06 08:39:28.103557,-0.1982254330148339,-0.3749527874867912,-0.3373706515172593,-0.5194917283699604,0.26226304611057644,0.16862635788477456,In Transit,2.0
SHP003272,Hyderabad,Hyderabad,Fastship,2026-02-06,2026-02-06,2026-02-06 21:23:55.918283,2026-02-06 21:28:10.570941,0.045978236397995136,-0.18874880479900835,0.09835502903964251,-0.10266900848996058,-0.04943650010682119,0.8973840826145811,Cancelled,5.0
SHP003099,Jaipur,Bangalore,Ecotrans,2026-02-06,2026-02-06,2026-02-10 05:54:12.202724,2026-02-10 09:10:20.662571,-0.6791150355943489,-0.6284722247472454,4.09562783008196,3.3331288293850543,4.129085676607929,1.350000480688524,Delivered,4.0
SHP001090,Chennai,Lucknow,Ecotrans,2026-02-08,2026-02-07,2026-02-11 11:17:05.224909,2026-02-11 00:06:05.366483,0.46293376393448293,0.12998377904709862,3.1430460597783205,2.538518043793346,3.1291405188638732,-1.795874667527334,Delivered,4.0
SHP004545,Kolkata,Chennai,Globalline,2026-02-07,2026-02-07,2026-02-07 11:08:45.553728,2026-02-07 09:06:34.801258,-0.7255476882867754,-0.5710418727922855,-0.8584661133406284,-0.5402446643182803,-0.6606824274749589,0.393133674853265,Delayed,3.0
SHP002634,Ahmedabad,Delhi,Ecotrans,2026-02-06,2026-02-07,2026-02-07 15:10:42.067060,2026-02-07 02:37:48.224399,-0.2900236257913417,-0.3598186980792221,0.7838472034648477,0.6561295800820421,0.8900378248406365,-2.122538637667155,Delayed,3.0
SHP002091,Mumbai,Hyderabad,Ecotrans,2026-02-07,2026-02-07,2026-02-07 12:46:32.457922,2026-02-07 10:23:23.386228,-0.07316910724788209,0.2070586944743342,-0.6917384020251949,-0.47069199310276094,-1.0390901888665984,0.3094851457254347,Delivered,3.0
SHP001674,Jaipur,Ahmedabad,Globalline,2026-02-07,2026-02-07,2026-02-07 08:43:00.024363,2026-02-07 07:50:29.666052,-0.23795227166693256,-0.4087898910342791,-0.5978235983665813,-0.643923693047724,-0.7793412403382767,0.6710312193756589,Delivered,4.0
SHP000450,Jaipur,Bangalore,Ecotrans,2026-02-07,2026-02-07,2026-02-07 14:22:20.713959,2026-02-07 13:45:21.748061,1.2016639992769842,0.6730950882510355,-0.25002523972139895,-0.40254590633778475,-0.05911709117399593,0.7329468318071438,Delivered,3.0
SHP002955,Chennai,Delhi,Globalline,2026-02-07,2026-02-07,2026-02-08 20:09:53.001769,2026-02-08 05:41:29.447884,0.21076006521502186,0.20765452899187867,0.7840615425883213,0.8689395082044302,0.5694131680402378,-2.3754234253671918,Delayed,3.0
SHP002208,Jaipur,Chennai,Ecotrans,2026-02-06,2026-02-07,2026-02-15 07:12:37.407251,2026-02-12 21:29:28.747686,-0.2543106221390345,-0.0926094288505016,0.9056130499745076,8.510307884027357,1.0779268413197445,-2.3754234253671918,Delayed,4.0
SHP002798,Kolkata,Chennai,Globalline,2026-02-07,2026-02-07,2026-02-08 02:57:39.890345,2026-02-08 03:39:39.123672,-0.42425277337006767,-0.39764308378430074,0.3781487049837912,0.13471696189783577,-0.25487007654642935,1.047925247718142,Cancelled,4.0
SHP004584,Hyderabad,Pune,Ecotrans,2026-02-08,2026-02-07,2026-02-08 15:18:32.910661,2026-02-08 14:13:31.604886,0.3092398517696212,0.6605526189739569,-0.5587241202372906,-0.3625682144007986,-0.28568285779411834,0.621110937131068,Delivered,2.0
SHP000551,Ahmedabad,Hyderabad,Globalline,2026-02-07,2026-02-07,2026-02-07 18:17:01.821461,2026-02-07 16:15:38.320620,2.3898521554661922,3.7386341618148977,-0.5760978931741235,-0.23561312406462917,-0.9468840548492732,0.39627479293312684,Cancelled,2.0
SHP003301,Bangalore,Bangalore,Ecotrans,2026-02-07,2026-02-07,2026-02-08 02:34:57.209722,2026-02-08 08:05:13.408896,-0.4067849153978156,-0.07369182208033291,0.25331480378541166,0.11856226187416391,0.08917558456064884,1.350000480688524,Cancelled,3.0
SHP001188,Ahmedabad,Lucknow,Fastship,2026-02-07,2026-02-07,2026-02-09 08:04:36.744568,2026-02-07 18:47:29.131916,-0.7006807132702317,-0.7089804303174132,1.506612667241197,1.37733009458755,1.5292732777182314,-2.3754234253671918,Delivered,2.0
SHP000978,Ahmedabad,Bangalore,Ecotrans,2026-02-07,2026-02-07,2026-02-07 22:27:23.094170,2026-02-07 21:28:55.520729,0.014502529545457842,-0.28237303152901366,0.06889469041517378,-0.057534599605703056,0.08848913648190827,0.647284844340776,Delayed,3.4301601423487544
SHP001548,Ahmedabad,Bangalore,Fastship,2026-02-07,2026-02-07,2026-02-08 02:14:10.099490,2026-02-07 21:52:11.444039,-0.5837908055936561,-0.5216016368964961,-0.13906153444504546,0.10377765911347121,0.09222139346018873,-0.1644638993117426,Delivered,3.0
SHP000467,Hyderabad,Delhi,Fastship,2026-02-07,2026-02-07,2026-02-07 22:20:12.581152,2026-02-07 20:39:26.611722,3.1795979382192665,4.275401698297931,-0.30715414864606516,-0.06263836973819745,-0.3524201115472683,0.4785414231373227,Delivered,2.0
SHP002043,Chennai,Mumbai,Fastship,2026-02-07,2026-02-07,2026-02-08 02:29:32.080451,2026-02-07 16:18:08.800722,1.2000921707328935,1.3256887531058759,-0.017903280124522813,0.11470782543712413,-0.27997882478300173,-1.5581165997749011,Delivered,3.4301601423487544
SHP000107,Lucknow,Ahmedabad,Ecotrans,2026-02-07,2026-02-07,2026-02-07 05:01:44.322725,2026-02-07 03:20:45.148953,0.6444466347236798,0.49296532247499925,-1.2135839906063737,-0.8013083171462563,-1.328029556138332,0.4776636460475872,In Transit,3.4301601423487544
SHP003961,Pune,Chennai,Fastship,2026-02-07,2026-02-07,2026-02-08 08:39:58.096649,2026-02-08 01:37:05.732959,-0.4663695993144479,-0.5198425179304608,0.43068298638882224,0.37819922497902414,0.3725155124322056,-0.8062076471777202,Delayed,5.0
SHP001896,Jaipur,Chennai,Ecotrans,2026-02-08,2026-02-08,2026-02-08 19:04:10.491730,2026-02-08 12:38:09.517087,-0.7261076770070263,-0.7462811014085343,-0.19280306653626963,-0.20207898634578475,-0.27997882478300173,-0.659202469490834,In Transit,1.0
SHP000535,Mumbai,Delhi,Globalline,2026-02-08,2026-02-08,2026-02-08 12:17:42.321747,2026-02-08 09:17:09.606504,-0.7156391518305961,-0.736300859938891,-0.578499763951801,-0.49120291138837896,-0.5224568403995891,0.16033580493701519,In Transit,3.0
SHP000096,Pune,Delhi,Ecotrans,2026-02-08,2026-02-08,2026-02-08 05:23:23.568670,2026-02-08 04:59:50.242599,-0.506111041883715,-0.33695205421620505,-1.037203779718818,-0.785905640875293,-1.1523974307767142,0.7865028653239217,Delivered,3.4301601423487544
SHP001534,Bangalore,Chennai,Globalline,2026-02-08,2026-02-08,2026-02-08 20:41:59.138905,2026-02-08 13:30:06.451212,0.0603520654622673,-0.15855910932908884,0.42687533767440383,-0.13250565193939212,0.684435953883663,-0.8421264404706784,Delivered,4.0
SHP001643,Lucknow,Lucknow,Fastship,2026-02-07,2026-02-08,2026-02-10 08:59:42.498085,2026-02-09 22:10:50.789548,0.8695247532761234,0.47786790372005217,0.057883787651199996,2.440799783917241,0.30772915163166226,-1.707584047343548,In Transit,3.0
SHP001988,Bangalore,Kolkata,Globalline,2026-02-08,2026-02-08,2026-02-08 13:50:10.496678,2026-02-08 09:15:31.971283,-0.5704837433540527,-0.3788426740071344,-0.8343501509223014,-0.42542880394485333,-0.9022889131958768,-0.2149773158849975,Cancelled,4.0
SHP002079,Kolkata,Chennai,Fastship,2026-02-08,2026-02-08,2026-02-08 13:46:26.764579,2026-02-08 07:52:23.174424,0.06513651669762321,-0.16409562103910122,-0.7130649317110273,-0.4280811678787945,-0.2725134686906993,-0.5317416557842176,Delayed,5.0
SHP000293,Lucknow,Pune,Globalline,2026-02-08,2026-02-08,2026-02-08 18:14:47.685169,2026-02-08 16:21:34.287291,2.0173423277363307,2.982174556215675,0.3507875786362276,-0.23720332173791564,0.2315015085973088,0.4288550723997477,Delivered,2.0
SHP003602,Lucknow,Pune,Globalline,2026-02-09,2026-02-08,2026-02-11 01:40:14.870146,2026-02-11 09:16:43.364306,-0.372868930217983,-0.49786775631667973,1.6726657139620495,1.1039295214221194,1.5520437018442133,1.350000480688524,Cancelled,4.0
SHP001235,Pune,Ahmedabad,Ecotrans,2026-02-08,2026-02-08,2026-02-08 08:33:07.001537,2026-02-08 07:55:14.600733,-0.2931196389007875,-0.13143721462102192,-0.8297076764539463,-0.6509540314165501,-1.0343839398066477,0.7293946717465392,Delayed,3.0
SHP000285,Jaipur,Kolkata,Globalline,2026-02-08,2026-02-08,2026-02-10 00:31:06.544081,2026-02-09 23:42:40.587295,0.32197951130586655,0.6443661012096323,2.1189322120073246,1.0547507468332458,1.9414141390045707,0.6872781523422085,Delivered,3.0
SHP002529,Chennai,Jaipur,Ecotrans,2026-02-08,2026-02-08,2026-02-08 08:20:30.362784,2026-02-08 04:56:57.408993,-0.3956742280036154,-0.4726515870958925,-0.8896647981486433,-0.6599240511576706,-1.0714461379650437,0.06858251834355497,Delayed,3.0
SHP000636,Pune,Pune,Fastship,2026-02-08,2026-02-08,2026-02-08 08:09:14.393240,2026-02-08 04:37:25.901989,0.16601421868682564,0.048049360812933706,-0.8551341951448747,-0.6679377302416533,-0.6286910971056382,0.03564097309323687,In Transit,3.0
SHP001244,Mumbai,Mumbai,Ecotrans,2026-02-09,2026-02-08,2026-02-09 05:58:52.502515,2026-02-09 04:05:18.183900,-0.6413430598971264,-0.5989843737049035,-1.019898772718626,-0.7606669407233279,-0.8585567743391881,0.42746433716742943,In Transit,3.0
SHP001755,Pune,Chennai,Ecotrans,2026-02-08,2026-02-08,2026-02-08 18:46:59.157917,2026-02-08 16:23:48.501473,0.0212388360316282,-0.2854527670505942,-0.5364435049758507,-0.21430554045853836,-0.7513048374571698,0.30937979725423026,Delivered,3.4301601423487544
SHP000043,Kolkata,Pune,Globalline,2026-02-07,2026-02-08,2026-02-09 11:29:00.378522,2026-02-08 07:03:27.502911,-0.4887116954662314,-0.22242013105477274,3.545811096841324,1.522716566247503,3.5362255169233907,-2.3754234253671918,Delivered,4.0
SHP001633,Bangalore,Delhi,Fastship,2026-02-08,2026-02-08,2026-02-08 07:58:52.588976,2026-02-08 05:43:58.253598,-0.46768789009503575,-0.23180742157184314,-1.140950135503225,-0.6753092751169107,-1.0363182194914267,0.34237343380861945,Delayed,2.0
SHP003331,Mumbai,Jaipur,Ecotrans,2026-02-08,2026-02-08,2026-02-08 20:19:45.221289,2026-02-08 19:25:58.281015,0.12513599417753804,0.1640455279228537,0.5735146403004737,-0.14831936395833262,0.9365460330659127,0.6659403263490798,Cancelled,4.0
SHP002505,Hyderabad,Kolkata,Ecotrans,2026-02-06,2026-02-08,2026-02-08 16:43:37.586712,2026-02-08 09:52:44.244809,0.10603017420413904,0.03500492308204026,2.7113855661671695,1.7465075489018806,3.1242254281633626,-0.7584096689331994,Delivered,4.0
SHP000948,Chennai,Pune,Fastship,2026-02-08,2026-02-08,2026-02-10 18:09:47.278122,2026-02-10 16:15:28.917909,-0.22685497491897783,0.03904178742385223,3.756680214165884,1.8077947005189015,4.005323782820646,0.42453661038485013,Delivered,3.4301601423487544
SHP000664,Lucknow,Delhi,Fastship,2026-02-08,2026-02-08,2026-02-08 14:03:00.621830,2026-02-08 14:01:38.330983,-0.5541489443767139,-0.6235306961450768,-0.33637539535524874,-0.4162989017404747,-0.18836259249765125,0.8749852921845737,Delivered,4.0
SHP000127,Kolkata,Ahmedabad,Ecotrans,2026-02-09,2026-02-09,2026-02-10 08:54:13.418191,2026-02-10 06:04:52.404942,-0.6152232115574245,-0.6251596973748987,2.0747245551984728,0.3883391379652738,2.192996472256061,0.20498813380450356,In Transit,3.4301601423487544
SHP000533,Jaipur,Kolkata,Globalline,2026-02-08,2026-02-09,2026-02-09 03:30:32.915746,2026-02-09 00:26:36.384687,0.08755083052022125,0.21881229644580402,0.7230226649249024,0.15810735357802186,0.9048821951766671,0.14678686370158459,Delivered,3.0
SHP003881,Lucknow,Bangalore,Ecotrans,2026-02-09,2026-02-09,2026-02-10 11:18:11.647373,2026-02-10 09:55:30.424526,-0.6976042426646701,-0.637755917540671,1.4680609435643222,0.4907461134876913,1.500725217375675,-0.4377090513748868,In Transit,5.0
SHP001707,Pune,Pune,Globalline,2026-02-09,2026-02-09,2026-02-10 12:06:31.871384,2026-02-10 12:44:52.115501,-0.748907331034411,-0.5953581960275581,0.4063397558581411,0.525128527175051,0.541524995831205,1.0333676339091953,Delivered,5.0
SHP003060,Ahmedabad,Chennai,Fastship,2026-02-09,2026-02-09,2026-02-10 15:57:31.729525,2026-02-10 11:56:12.514175,-0.7282434434000291,-0.5584322468587389,1.1569234769635892,0.6894383785956328,1.340625060588637,-0.08207038627208192,In Transit,3.4301601423487544
SHP003891,Kolkata,Kolkata,Fastship,2026-02-10,2026-02-09,2026-02-10 07:15:30.491319,2026-02-10 07:10:15.914570,-0.4996335160325996,-0.5656141777667038,-0.8112100131854343,-0.7061573743497107,-0.6374233523001953,0.8595437621905668,Delivered,2.0
SHP001159,Jaipur,Lucknow,Globalline,2026-02-10,2026-02-09,2026-02-10 21:43:22.339626,2026-02-10 11:27:50.447790,-0.12509557870915802,-0.2364133660385762,0.49092452259948616,-0.08884097968713638,0.562249676001344,-1.5746434370648956,Cancelled,2.0
SHP003353,Ahmedabad,Lucknow,Globalline,2026-02-09,2026-02-09,2026-02-09 19:41:28.224156,2026-02-09 15:50:56.217447,-0.7501770259651868,-0.7182448761017796,-0.4742527902389456,-0.17555046934716034,-0.23619664819557343,-0.039046287278842455,Delivered,3.0
SHP002348,Kolkata,Delhi,Ecotrans,2026-02-10,2026-02-09,2026-02-12 14:08:33.400363,2026-02-12 04:19:39.476703,0.45018154672016136,0.22981560456767014,1.9150894668911016,1.6362055919072194,1.7445982790187022,-1.468416269136416,Delayed,4.0
SHP000085,Chennai,Delhi,Globalline,2026-02-09,2026-02-09,2026-02-09 05:33:05.803661,2026-02-09 05:14:45.493731,-0.7033686991972525,-0.6284617490084733,-1.0050572284424175,-0.7790031932487074,-0.9144699553643578,0.8073110507895198,Delivered,3.4301601423487544
SHP000025,Ahmedabad,Kolkata,Ecotrans,2026-02-09,2026-02-09,2026-02-09 21:02:56.457356,2026-02-09 15:46:28.447558,-0.2838202036287284,-0.13109394873572905,-0.23082838049895343,-0.11760002983391535,-0.29353167514031114,-0.3817987990003041,Delivered,3.0
SHP000423,Chennai,Mumbai,Ecotrans,2026-02-10,2026-02-09,2026-02-10 06:04:18.214129,2026-02-10 06:02:30.356191,0.3488908855631149,0.7815648093348074,-1.0708440628249112,-0.7568056005617887,-0.6536391218147947,0.8732856840760453,In Transit,3.0
SHP002412,Hyderabad,Bangalore,Fastship,2026-02-09,2026-02-09,2026-02-09 11:59:36.266093,2026-02-09 08:02:24.257712,4.410551484781056,5.985007173994415,-0.9090924660394861,-0.5040781977921808,-1.0181115880984026,-0.06563695749455303,Delivered,4.0
SHP004547,Kolkata,Chennai,Fastship,2026-02-10,2026-02-09,2026-02-11 00:15:09.641789,2026-02-11 03:19:59.098522,0.8947530247187719,0.9452658127761869,-0.02848046881287422,0.01912689776070141,0.33422013249899457,1.350000480688524,Delivered,4.0
SHP000489,Kolkata,Mumbai,Globalline,2026-02-10,2026-02-09,2026-02-11 11:11:05.897824,2026-02-11 02:34:10.717670,0.18843794857636798,0.04459068626884844,0.3964731090983392,0.4856988146974983,0.5612765787567893,-1.1813217584057514,Delivered,3.4301601423487544
SHP000679,Delhi,Jaipur,Ecotrans,2026-02-09,2026-02-09,2026-02-09 14:54:21.733115,2026-02-09 13:52:09.895706,-0.6774613283538514,-0.6321650141679562,-0.7087379605506827,-0.3797720533283574,-0.3628912492070712,0.6323765836214191,Cancelled,3.0
SHP002776,Mumbai,Lucknow,Ecotrans,2026-02-09,2026-02-09,2026-02-09 09:50:48.911603,2026-02-09 08:23:26.520953,0.28534837732551666,0.19578014354627768,-0.7831556937359472,-0.5956866727937793,-0.9298910557317468,0.5319604456741162,In Transit,4.0
SHP002514,Chennai,Jaipur,Fastship,2026-02-09,2026-02-09,2026-02-09 12:24:12.951669,2026-02-09 09:11:00.631787,-0.38335200332112385,-0.4278823885815969,-0.8921359655868133,-0.48657195890888655,-0.8340948358242986,0.10984002488444353,Delivered,3.4301601423487544
SHP002173,Delhi,Mumbai,Globalline,2026-02-11,2026-02-10,2026-02-11 22:07:23.889521,2026-02-11 12:42:29.544978,-0.3543102857946901,-0.3058805699124877,-0.1118312702896222,-0.07175127742052032,-0.22346731701900296,-1.37271823528027,Delivered,3.0
SHP004942,Chennai,Jaipur,Ecotrans,2026-02-10,2026-02-10,2026-02-13 01:03:16.225608,2026-02-12 04:34:15.468772,-0.07174658087247315,-0.11315720623392762,2.7633284209607396,2.101906980301509,2.6592219513285036,-2.3754234253671918,Cancelled,4.0
SHP002132,Hyderabad,Lucknow,Fastship,2026-02-11,2026-02-10,2026-02-13 02:19:54.272037,2026-02-12 17:55:27.393548,-0.5971156353844377,-0.5896480714002065,1.9207946936204945,1.132137542543252,1.7441766704812198,-1.131577359347634,Delayed,4.0
SHP001407,Chennai,Hyderabad,Fastship,2026-02-08,2026-02-10,2026-02-11 15:36:24.509491,2026-02-11 16:40:22.791263,-0.1537956906736438,-0.18003200484439383,4.186653357240854,2.7229747468785788,4.191312976260399,1.1356108366912323,Cancelled,4.0
SHP002305,Bangalore,Bangalore,Globalline,2026-02-10,2026-02-10,2026-02-11 07:15:26.592616,2026-02-10 23:31:19.263075,-0.5418592914843482,-0.5347753750430452,0.2924740318299609,0.3180760934437519,0.3748645029933809,-0.9707344613033536,Delivered,3.0
SHP000738,Delhi,Delhi,Fastship,2026-02-10,2026-02-10,2026-02-10 23:54:08.151724,2026-02-10 20:51:21.572378,-0.5372485857743927,-0.6226573823264191,0.03116901137064039,0.004171820804478755,-0.16748066449647495,0.15143700159252577,Delivered,4.0
SHP001814,Kolkata,Bangalore,Globalline,2026-02-10,2026-02-10,2026-02-10 12:50:13.530448,2026-02-10 08:21:10.842619,-0.5369849218203333,-0.5104300707533295,-0.7342788295021072,-0.4680711586357421,-0.8727614263191134,-0.19265204429575034,Delivered,3.0
SHP000730,Hyderabad,Mumbai,Fastship,2026-02-10,2026-02-10,2026-02-10 21:33:51.673390,2026-02-11 02:33:46.257501,-0.03987900510427785,0.12686217263897334,-0.0003022162112357642,-0.09560627868732455,-0.5032329292285675,1.350000480688524,Delivered,4.0
SHP000972,Delhi,Kolkata,Fastship,2026-02-10,2026-02-10,2026-02-10 07:24:50.179925,2026-02-10 05:29:04.781251,-0.12485054884239094,0.2490184835329054,-1.1292988523343765,-0.6995222161272397,-1.1152228311627683,0.4187506070390091,Delivered,4.0
SHP001937,Ahmedabad,Bangalore,Globalline,2026-02-11,2026-02-10,2026-02-11 19:57:20.782298,2026-02-11 13:17:08.384059,3.214616969452169,2.9962975782109513,-0.42702746092928445,-0.16425780781210644,-0.40430942446928264,-0.7158020430423925,Delayed,3.0
SHP001616,Pune,Jaipur,Fastship,2026-02-11,2026-02-10,2026-02-12 04:00:36.024708,2026-02-11 21:56:30.278519,-0.42783981742980376,-0.5369404834017034,0.6784242883176921,0.1794833707535789,0.6170407341123498,-0.5717708197585476,Delivered,4.0
SHP002010,Kolkata,Mumbai,Ecotrans,2026-02-10,2026-02-10,2026-02-10 19:56:11.495669,2026-02-10 11:33:12.126343,-0.8480802623842034,-0.7851087659972795,0.6218217569133154,-0.16507920696517936,0.40455219430878775,-1.1257600654284576,In Transit,3.4301601423487544
SHP002493,Kolkata,Jaipur,Globalline,2026-02-10,2026-02-10,2026-02-11 08:30:22.558298,2026-02-11 01:47:41.263951,-0.6462223144739115,-0.6623528862149034,0.9433576882982031,0.37137616662575873,0.900944692529062,-0.7257001199290083,Delivered,2.0
SHP004887,Ahmedabad,Pune,Ecotrans,2026-02-10,2026-02-10,2026-02-10 12:00:28.450738,2026-02-10 07:35:53.977705,1.9583385457584088,1.6165400164883077,-0.218332222931817,-0.5034595441814701,-0.2903063741293345,-0.17482209085643038,Delivered,4.0
SHP001793,Ahmedabad,Delhi,Ecotrans,2026-02-10,2026-02-10,2026-02-10 23:15:08.370736,2026-02-10 19:51:23.525529,-0.7419448282553143,-0.6833702466680472,-0.26287001761996737,-0.023566490989477818,0.029930048034039192,0.06779201984470408,Delayed,3.0
SHP002161,Chennai,Bangalore,Fastship,2026-02-11,2026-02-10,2026-02-12 13:43:47.546213,2026-02-12 07:42:16.325079,-0.5913838719793261,-0.5782841978203234,0.5932758274326123,0.5943109714931619,0.4841085006231349,-0.561498550752708,Delivered,3.0
SHP001794,Ahmedabad,Bangalore,Fastship,2026-02-10,2026-02-10,2026-02-10 12:58:01.386880,2026-02-10 14:41:57.463163,-0.8158586720242779,-0.7577642163918522,-0.6793744916384216,-0.46252467900770716,-0.6037070179578816,1.2950075781304584,In Transit,3.0
SHP002532,Ahmedabad,Delhi,Globalline,2026-02-11,2026-02-10,2026-02-12 13:56:30.615606,2026-02-12 01:42:26.443890,0.25166408077994973,0.5328892337149739,2.254605995963091,0.6033572270345515,2.527303595035331,-2.0474421826934233,In Transit,2.0
SHP004477,Jaipur,Chennai,Fastship,2026-02-11,2026-02-10,2026-02-11 09:59:31.758315,2026-02-11 08:20:33.578685,-0.32863990552181294,-0.11437818902595304,-0.5929654503372002,-0.5894882785144784,-0.32208951704013994,0.48570690074666983,Delayed,3.0
SHP003074,Pune,Chennai,Fastship,2026-02-11,2026-02-11,2026-02-12 03:47:36.638895,2026-02-11 23:21:21.579869,0.927938128901149,0.4618922628122662,0.6915375211694031,0.17024368258504372,0.6169520099976413,-0.1815086853269228,Cancelled,1.0
SHP000555,Kolkata,Bangalore,Ecotrans,2026-02-11,2026-02-11,2026-02-11 20:34:50.843215,2026-02-11 21:15:26.541697,-0.5088915391136443,-0.4415024215373392,0.06279044842551233,-0.1375831354560712,0.0047783036813461395,1.0423721521427927,Delivered,5.0
SHP003563,Chennai,Lucknow,Globalline,2026-02-11,2026-02-11,2026-02-11 23:17:13.885032,2026-02-11 19:13:04.274420,-0.6606974372932406,-0.7033299682290928,0.4255906019285949,-0.022078507845018643,0.780178097701062,-0.09339764946952568,Delivered,5.0
SHP001028,Bangalore,Pune,Ecotrans,2026-02-11,2026-02-11,2026-02-11 14:13:14.225879,2026-02-11 08:20:46.343922,1.1469028022785526,0.5995657228775167,-0.3040799307561315,-0.40902457114731583,-0.3307138065439671,-0.5253793195538883,Delivered,3.0
SHP002732,Hyderabad,Kolkata,Globalline,2026-02-12,2026-02-11,2026-02-12 19:18:40.327479,2026-02-12 15:15:31.671460,0.3044115894385291,0.005846269500476915,-0.508614448975699,-0.19176700615516398,-0.24267196777229813,-0.0893456077055706,Delayed,3.0
SHP004506,Delhi,Lucknow,Ecotrans,2026-02-11,2026-02-11,2026-02-11 08:45:15.257392,2026-02-11 06:45:48.472490,-0.051690535117182926,0.2958621473788063,-0.8646692239068406,-0.6423204934611872,-0.8706853855413056,0.40403364810827713,Delivered,2.0
SHP003289,Mumbai,Pune,Ecotrans,2026-02-11,2026-02-11,2026-02-11 12:39:53.898414,2026-02-11 10:32:48.918075,-0.8555373067072116,-0.7813687788864777,-0.7212497405182206,-0.4754169515287825,-0.7704675179503641,0.3735744660286322,Delivered,1.0
SHP000886,Delhi,Pune,Fastship,2026-02-10,2026-02-11,2026-02-11 17:29:31.093965,2026-02-11 07:26:35.715586,-0.5197599179804288,-0.43641317538574836,1.3062376408014322,0.7548709351042415,1.0385432951701838,-1.52435314765622,Delivered,3.0
SHP004034,Bangalore,Chennai,Ecotrans,2026-02-11,2026-02-11,2026-02-11 15:18:10.886732,2026-02-11 09:57:40.939826,0.4929127269438051,0.41233944787535104,-0.6925108492121123,-0.3628293100448438,-0.8068127990326588,-0.39788190640234217,Delivered,3.0
SHP003889,Hyderabad,Mumbai,Fastship,2026-02-11,2026-02-11,2026-02-11 07:20:17.170298,2026-02-11 09:16:45.384677,1.10422403911667,1.7760423327387291,-0.9752542910946467,-0.702758769556786,-0.6849956727046939,1.345007009301357,In Transit,1.0
SHP004384,Jaipur,Hyderabad,Fastship,2026-02-11,2026-02-11,2026-02-12 01:34:02.245965,2026-02-11 23:08:11.963038,0.6415250616774395,0.18124538832016424,-0.19152358930195157,0.07523234133721429,-0.2578284607768062,0.2987684036919886,Delivered,3.4301601423487544
SHP001964,Jaipur,Kolkata,Ecotrans,2026-02-11,2026-02-11,2026-02-11 17:08:45.872963,2026-02-11 15:14:00.282152,-0.7276351994580993,-0.6282536254582167,-0.5674593982295533,-0.28417095793994995,-0.5897003635179072,0.42272641832346647,Delivered,3.4301601423487544
SHP003636,Mumbai,Hyderabad,Globalline,2026-02-11,2026-02-11,2026-02-11 16:52:30.904234,2026-02-11 13:07:00.563635,1.2681674120341913,0.7592834806673066,-0.5752431679296821,-0.29572929896093825,-0.5436989345444531,-0.018992610987543394,In Transit,3.0
SHP004073,Hyderabad,Ahmedabad,Ecotrans,2026-02-11,2026-02-11,2026-02-11 12:58:45.781735,2026-02-11 10:51:19.502902,1.23466770083744,1.3505968191663045,-0.8500348690155816,-0.4619983740458015,-0.7049793846151244,0.3721586188717601,Delivered,4.0
SHP003317,Mumbai,Ahmedabad,Ecotrans,2026-02-12,2026-02-11,2026-02-12 21:51:18.796688,2026-02-12 14:42:50.008998,-0.025827860495988897,0.04008962846656245,0.2446897349090502,-0.0831925388263341,0.5866269631634136,-0.8285719027867573,Delivered,5.0
SHP004088,Lucknow,Chennai,Fastship,2026-02-11,2026-02-11,2026-02-11 08:46:07.554567,2026-02-11 06:53:24.608377,-0.5294126277144128,-0.331473223600431,-0.976448610877423,-0.6417005057948166,-0.8401710868335512,0.43087939092089556,In Transit,3.4301601423487544
SHP001736,Chennai,Ahmedabad,Globalline,2026-02-11,2026-02-11,2026-02-12 05:35:13.702249,2026-02-12 08:10:27.235458,2.4540538381359243,2.858671959262489,0.5516091865139982,0.24679274315678681,-0.27997882478300173,1.350000480688524,Delivered,5.0
SHP000845,Chennai,Mumbai,Fastship,2026-02-11,2026-02-11,2026-02-12 03:55:55.908643,2026-02-11 16:32:26.995699,-0.3217419544686188,-0.3890367914166541,0.5268251270703597,0.17616256987553164,0.14177612910227932,-1.8456691135408658,In Transit,3.0
SHP003423,Pune,Mumbai,Ecotrans,2026-02-10,2026-02-11,2026-02-12 18:34:50.358391,2026-02-12 23:43:42.449340,1.152634446820196,0.47458000991470944,2.4561412828833276,1.8256138508424071,2.8244393903913165,1.350000480688524,Delivered,4.0
SHP001353,Jaipur,Chennai,Globalline,2026-02-11,2026-02-11,2026-02-11 15:31:43.552134,2026-02-11 11:19:00.452156,-0.2761567517049107,0.060514589474406036,-0.5447570646544981,-0.35319508938820127,-0.9709151698330196,-0.12753257276199745,Delivered,4.0
SHP000642,Mumbai,Mumbai,Globalline,2026-02-11,2026-02-11,2026-02-11 07:12:42.880741,2026-02-11 07:58:05.375958,1.117293215248595,0.926886200544587,-0.8730507917000931,-0.7081444126664924,-1.0350121805123567,1.061437365948518,Delayed,3.0
SHP002152,Pune,Chennai,Globalline,2026-02-11,2026-02-11,2026-02-13 06:22:58.682905,2026-02-13 00:25:39.490144,-0.5749027484139962,-0.6329638896562043,1.8749642506934951,1.3050370310075166,2.243952791160878,-0.5447446124055575,Delivered,5.0
SHP002841,Hyderabad,Pune,Fastship,2026-02-11,2026-02-11,2026-02-12 05:21:55.979487,2026-02-12 02:04:10.443151,0.9773724631431421,1.2379770549362628,1.5150421231619224,0.2373356688363494,1.6788145883695162,0.09167757923891663,Delayed,3.0
SHP002710,Bangalore,Mumbai,Globalline,2026-02-12,2026-02-11,2026-02-12 18:32:02.318540,2026-02-12 14:15:01.628186,-0.08308640636363204,0.09431687483227301,0.44828922300785534,-0.22493765107142283,0.1532600998926428,-0.1446562530324059,Cancelled,3.0
SHP000501,Bangalore,Chennai,Fastship,2026-02-11,2026-02-11,2026-02-11 10:34:40.062147,2026-02-11 07:23:28.853411,-0.36852291599020864,-0.41837439040500995,-0.4205857620126666,-0.5644941489979395,-0.6314437679593425,0.11789105758795858,Cancelled,5.0
SHP002720,Jaipur,Lucknow,Fastship,2026-02-11,2026-02-11,2026-02-11 16:42:39.354099,2026-02-11 12:07:12.163936,-0.381513174267476,-0.4872591476740392,0.27877316133933205,-0.30274217845305895,-0.27997882478300173,-0.21821237435498317,Delivered,4.0
SHP002522,Pune,Chennai,Ecotrans,2026-02-12,2026-02-12,2026-02-12 11:54:11.373076,2026-02-12 11:08:49.793910,-0.8160280191702398,-0.7497123610645585,-0.8507475504512385,-0.5079298334155505,-0.924125788250422,0.6995349123303958,In Transit,3.0
SHP001642,Hyderabad,Kolkata,Fastship,2026-02-12,2026-02-12,2026-02-12 16:28:03.536058,2026-02-12 14:55:28.894782,0.3836622832901216,1.0174288760346906,-0.5481255972185137,-0.313125079250004,-0.22174257570420372,0.5112031488880787,In Transit,3.0
SHP003020,Jaipur,Chennai,Fastship,2026-02-12,2026-02-12,2026-02-13 01:33:34.933659,2026-02-12 14:51:04.700849,-0.8486292808732065,-0.7793083446649459,0.5363958165670017,0.07490855152415193,0.7788310279392385,-1.6822249152148323,Delivered,3.0
SHP001659,Kolkata,Mumbai,Ecotrans,2026-02-13,2026-02-12,2026-02-13 05:20:36.810420,2026-02-13 04:02:41.550426,-0.4209839862931715,-0.49717910469602616,-1.302693024243762,-0.7878825747675305,-1.0495190055235328,0.5696612486920486,Delivered,4.0
SHP003927,Lucknow,Delhi,Fastship,2026-02-13,2026-02-12,2026-02-13 07:48:47.505409,2026-02-13 04:44:45.697421,-0.47380889582206615,-0.29111715286031525,-0.9624465892155045,-0.6824825946351957,-0.8065466955882814,0.14643607247091506,In Transit,1.0
SHP003063,Delhi,Lucknow,Fastship,2026-02-13,2026-02-12,2026-02-14 05:04:37.854732,2026-02-13 19:47:30.763622,-0.31788544504326494,-0.14288778511899874,0.7800255317160205,0.22502860749621992,0.8245148443538615,-1.3416569102564548,Delivered,2.0
SHP000098,Bangalore,Kolkata,Ecotrans,2026-02-12,2026-02-12,2026-02-12 20:24:32.576346,2026-02-12 13:55:13.640213,-0.14108452580133293,-0.003204721389159887,-0.48083659955043323,-0.1449127441968339,-0.27997882478300173,-2.3754234253671918,Delivered,4.0
SHP000270,Jaipur,Kolkata,Fastship,2026-02-12,2026-02-12,2026-02-12 12:50:30.146491,2026-02-12 11:15:33.535569,-0.7657875059028141,-0.7489396888327534,-0.821720772351914,-0.4678741739624992,-1.0566578705393168,0.5017655182438069,In Transit,3.0
SHP000336,Kolkata,Ahmedabad,Fastship,2026-02-12,2026-02-12,2026-02-12 09:57:34.953361,2026-02-12 06:49:31.710904,-0.4430381540254521,-0.4069113981477149,-0.840258188633384,-0.5908730116300108,-0.8598382782447148,0.1303863786989247,Delayed,3.4301601423487544
SHP001722,Ahmedabad,Ahmedabad,Fastship,2026-02-12,2026-02-12,2026-02-12 06:35:03.347892,2026-02-12 05:58:17.990971,-0.04364111431390205,-0.18894690959658367,-0.9630248953956169,-0.7349313756284807,-0.8329602273509543,0.7338515075740496,Delivered,4.0
SHP001783,Chennai,Chennai,Globalline,2026-02-12,2026-02-12,2026-02-12 11:39:10.756604,2026-02-12 09:14:22.873518,-0.5272503362475579,-0.5565404707553312,-0.27393633753559204,-0.5186067218197598,-0.37423609998108637,0.3029165203367205,Delivered,4.0
SHP000429,Delhi,Pune,Globalline,2026-02-12,2026-02-12,2026-02-13 06:58:15.292818,2026-02-13 04:46:41.519299,2.0360097540049376,1.1067884543243662,0.5947435843323811,0.30584994258100956,0.6872759024232251,0.3557060637045235,Delayed,4.0
SHP000228,Ahmedabad,Jaipur,Globalline,2026-02-13,2026-02-12,2026-02-13 00:49:29.899362,2026-02-13 00:43:50.530692,-0.2901936158954118,-0.05905401585001927,-1.0275688749116718,-0.980728252667151,-1.1690849506109553,0.8578956845912188,Delivered,3.0
SHP000736,Jaipur,Lucknow,Fastship,2026-02-13,2026-02-12,2026-02-14 03:02:59.440319,2026-02-14 02:28:48.442695,-0.30601626878799926,-0.3702277748527471,0.6834586431740882,0.13850525526844043,0.3747459942406348,0.7441127575851644,Delivered,2.0
SHP002107,Bangalore,Bangalore,Fastship,2026-02-12,2026-02-12,2026-02-13 10:27:38.861207,2026-02-13 07:37:44.869027,1.1300012470198193,1.026299610610289,1.014023215056304,0.45479216365511693,1.0798960726835305,0.20279581327268423,In Transit,5.0
SHP004453,Kolkata,Lucknow,Fastship,2026-02-11,2026-02-12,2026-02-12 06:48:49.565937,2026-02-12 02:26:19.475922,-0.5924724006102448,-0.414655741909464,0.8952501670687106,0.299143200068862,-0.27997882478300173,-0.16655355588872467,Cancelled,3.4301601423487544
SHP003689,Bangalore,Kolkata,Globalline,2026-02-12,2026-02-12,2026-02-12 14:59:08.522191,2026-02-12 12:08:33.934613,-0.5788232094188211,-0.6338592610718834,-0.42178370617371475,-0.37637214331795965,-0.3904013450226061,0.20009717745174813,Delayed,1.0
SHP000773,Jaipur,Pune,Ecotrans,2026-02-12,2026-02-12,2026-02-13 12:45:01.360439,2026-02-13 01:58:23.839605,-0.5991900750004711,-0.5755678000485663,0.5969534066207158,0.5525077254031905,0.6188781538090675,-1.6986637322367737,Cancelled,3.0
SHP003314,Kolkata,Ahmedabad,Fastship,2026-02-13,2026-02-12,2026-02-13 20:04:00.144252,2026-02-13 19:44:34.782308,-0.6621974026183524,-0.6897177788641093,-0.36688474076762745,-0.159523336318879,-0.5069657325829039,0.8029866272377557,Delayed,3.0
SHP001451,Kolkata,Hyderabad,Fastship,2026-02-12,2026-02-12,2026-02-12 14:13:06.399585,2026-02-12 16:24:42.977723,-0.7038371287241703,-0.7032124445887787,-0.2444177928949228,-0.40911735255749543,-0.31462851354602844,1.350000480688524,In Transit,1.0
SHP003535,Ahmedabad,Jaipur,Globalline,2026-02-13,2026-02-13,2026-02-14 11:45:15.403258,2026-02-14 07:29:26.348475,-0.06961523509917884,-0.08961476432761578,0.6294289168515877,0.5099958839676966,0.633571977091687,-0.1398941783274403,Delivered,3.0
SHP001705,Hyderabad,Bangalore,Globalline,2026-02-13,2026-02-13,2026-02-13 16:06:42.862293,2026-02-13 11:33:58.180193,-0.4970163964086941,-0.20333787613051663,-0.38724381176849754,-0.32830758067749183,-0.572609219831468,-0.20740942373474944,In Transit,1.0
SHP004317,Chennai,Pune,Fastship,2026-02-13,2026-02-13,2026-02-13 06:19:11.228800,2026-02-13 05:25:08.019192,0.530317088037619,0.06537468774625649,-1.1142052376822493,-0.7462188321756232,-1.4301939287094916,0.6648587996323034,Delivered,3.4301601423487544
SHP004207,Jaipur,Jaipur,Ecotrans,2026-02-13,2026-02-13,2026-02-13 15:14:39.639399,2026-02-13 16:18:28.875443,-0.8151650353977056,-0.6885396986672603,-0.7720213670815151,-0.3653336659709292,-0.9843699689262055,1.1350095092795083,Delivered,5.0
SHP004029,Hyderabad,Chennai,Ecotrans,2026-02-14,2026-02-13,2026-02-14 12:40:53.160341,2026-02-14 10:49:34.933802,0.2523914490505041,-0.14012283591874736,-0.9045103131010485,-0.47471439610542054,-0.7673073531161466,0.4365112481310602,Cancelled,2.0
SHP001619,Jaipur,Mumbai,Ecotrans,2026-02-14,2026-02-13,2026-02-14 18:48:02.854051,2026-02-14 15:30:24.413779,0.2787237101818404,0.24335242245306188,-0.05064250230916635,-0.2135504171324363,-0.14640235250732375,-2.3754234253671918,Cancelled,4.0
SHP001470,Pune,Delhi,Globalline,2026-02-14,2026-02-13,2026-02-26 20:41:06.660284,2026-02-22 16:32:34.939262,-0.11185868379667521,-0.017981414390264197,0.5798867766723375,12.158228456552035,0.5533512669859532,-2.3754234253671918,Delayed,3.4301601423487544
SHP003979,Mumbai,Lucknow,Ecotrans,2026-02-14,2026-02-13,2026-02-16 00:54:17.818462,2026-02-15 13:11:24.403881,3.96215576830388,2.2321855787515976,1.6621499828202726,1.0712444284057716,2.117932187444649,-1.923080987447038,In Transit,3.4301601423487544
SHP001523,Delhi,Lucknow,Globalline,2026-02-13,2026-02-13,2026-02-13 16:07:55.016636,2026-02-13 15:58:50.229480,-0.39560683725166507,-0.5370004399995697,-0.06879930287902904,-0.3274521845192669,-0.41493225144916235,0.8442402036275378,In Transit,5.0
SHP003833,Chennai,Chennai,Globalline,2026-02-14,2026-02-13,2026-02-15 05:08:36.734598,2026-02-14 19:34:03.999566,0.11487360782042207,0.21354892611529702,0.03405278728420936,0.2278605495650345,0.5238741677409579,-1.4111675514343855,Delivered,3.4301601423487544
SHP004253,Kolkata,Ahmedabad,Fastship,2026-02-14,2026-02-13,2026-02-14 11:12:47.813783,2026-02-14 07:58:31.421055,0.3241145484756088,0.462024898236872,-0.43882983596749836,-0.5373726498108428,-0.27997882478300173,0.10558069289403117,Delivered,3.0
SHP000734,Jaipur,Jaipur,Fastship,2026-02-13,2026-02-13,2026-02-13 13:06:07.585862,2026-02-13 11:23:35.490718,-0.4517115303449364,-0.5748062040396072,-0.5323988596271502,-0.45676074681583445,-0.22338280644521175,0.4714865679706652,Delayed,4.0
SHP004672,Lucknow,Kolkata,Globalline,2026-02-13,2026-02-13,2026-02-13 05:08:54.642037,2026-02-13 03:10:12.823151,-0.2477089583756114,-0.3616609121688896,-1.1696921471035553,-0.7962068434233496,-1.029162969950604,0.40702282686943586,Delayed,4.0
SHP000656,Delhi,Hyderabad,Fastship,2026-02-13,2026-02-13,2026-02-13 12:29:47.708515,2026-02-13 12:30:41.193925,-0.4294819849743228,-0.2878141349220045,-0.8763645236962737,-0.48260338671240316,-0.7838500469190804,0.8840112086387693,Delivered,1.0
SHP003187,Delhi,Kolkata,Globalline,2026-02-14,2026-02-13,2026-02-15 04:11:32.289131,2026-02-14 20:34:51.551955,-0.4142951674609579,-0.18582313174186801,0.983077922204365,0.18726344386773297,1.2690941706850247,-0.9410466096521503,Delivered,4.0
SHP003660,Hyderabad,Jaipur,Globalline,2026-02-14,2026-02-13,2026-02-14 15:28:25.947811,2026-02-14 21:41:03.072302,-0.44383393610517885,-0.5051307752899444,-0.6670331911216337,-0.3555377062209069,-1.1714205997461598,1.350000480688524,Cancelled,4.0
SHP001546,Kolkata,Jaipur,Fastship,2026-02-14,2026-02-13,2026-02-14 18:36:04.085344,2026-02-14 16:26:50.187336,0.3333943607608342,0.25144134705889526,-0.3039274625417732,-0.22207148409641053,-0.2920766928302881,0.3650044837977651,In Transit,3.0
SHP003560,Lucknow,Delhi,Ecotrans,2026-02-15,2026-02-14,2026-02-15 20:17:57.979833,2026-02-15 19:37:09.141545,-0.19332650851421454,0.22115104444538272,-0.24060525122376836,-0.1495907209580465,-0.3129045842103206,0.7176657433966253,Delivered,3.0
SHP001670,Ahmedabad,Kolkata,Fastship,2026-02-14,2026-02-14,2026-02-14 07:42:13.478462,2026-02-14 05:00:45.847130,-0.3003525456895517,-0.349834045770033,-0.8149318935006946,-0.6871538191500255,-0.5895800806926381,0.23645685836780464,Cancelled,4.0
SHP003274,Pune,Lucknow,Fastship,2026-02-15,2026-02-14,2026-02-16 03:42:38.070645,2026-02-16 04:48:19.810401,0.20225635632552488,0.24613681393605844,0.16216792258112642,0.1667041294195855,0.08820542030196171,1.1424883507775392,Delivered,5.0
SHP001943,Kolkata,Lucknow,Globalline,2026-02-14,2026-02-14,2026-02-14 16:02:41.231880,2026-02-14 14:53:08.006511,-0.44339595396588904,-0.5470641941872856,-0.3703797426215222,-0.33117213072236196,-0.4174541641474849,0.6030347020666209,Delivered,3.0
SHP000436,Mumbai,Kolkata,Fastship,2026-02-14,2026-02-14,2026-02-14 11:29:17.314338,2026-02-14 10:04:18.512402,-0.524951263930751,-0.6231245833957866,-0.5911694339645345,-0.5256420326929774,-0.9094035094310925,0.5415057061266074,Delivered,4.0
SHP004552,Mumbai,Lucknow,Fastship,2026-02-14,2026-02-14,2026-02-14 18:19:09.253090,2026-02-14 19:16:30.093674,-0.46817014041651467,-0.3725330914578391,-0.36724229942006953,-0.23410241076862198,-0.20466305724065745,1.109190378228128,Delivered,4.0
SHP000771,Hyderabad,Hyderabad,Globalline,2026-02-14,2026-02-14,2026-02-14 19:04:45.652224,2026-02-14 19:59:26.832342,-0.5622212176219747,-0.40869114699778114,-0.3031583570897147,-0.20166215557009132,-0.6044524719223575,1.0985767255984644,Delivered,3.4301601423487544
SHP000316,Bangalore,Pune,Fastship,2026-02-14,2026-02-14,2026-02-15 15:22:07.812063,2026-02-14 21:37:15.058834,-0.8820911735986249,-0.8400706463630047,2.4141662544094395,0.6642591481126814,1.9669279244264057,-2.3754234253671918,Cancelled,2.0
SHP002883,Mumbai,Bangalore,Ecotrans,2026-02-14,2026-02-14,2026-02-14 14:52:37.333039,2026-02-14 15:10:47.597293,-0.2571128250647894,-0.45369836280239295,-0.6769758855962961,-0.38100972551604395,-0.761971975872909,0.9529325313662145,Delayed,5.0
SHP004215,Lucknow,Hyderabad,Fastship,2026-02-14,2026-02-14,2026-02-14 12:07:43.250040,2026-02-14 09:19:52.640091,-0.37536830075881866,-0.2531935457398735,-0.5085818012584724,-0.4983049597791825,-0.3737924366413641,0.21099781952579716,In Transit,3.4301601423487544
SHP000397,Hyderabad,Chennai,Globalline,2026-02-15,2026-02-14,2026-02-15 10:45:50.572341,2026-02-15 08:29:53.713758,-0.8336345117187369,-0.8094748903835812,-0.988347282142106,-0.5565451909871514,-1.0570236414669165,0.3382171163695657,Delivered,3.0
SHP001306,Delhi,Mumbai,Ecotrans,2026-02-14,2026-02-14,2026-02-14 22:18:12.455066,2026-02-14 18:23:50.559216,1.6294762551264967,1.5365374812283616,-0.35311269616660207,-0.06406247517946467,-0.07018092759137232,-0.05432848923549839,Delayed,4.0
SHP000534,Ahmedabad,Lucknow,Fastship,2026-02-14,2026-02-14,2026-02-16 09:37:54.961490,2026-02-15 13:34:22.627298,-0.7423051368747351,-0.5863661632762375,1.5086307525726685,1.4436974542811518,1.1743544979156095,-2.3754234253671918,Delivered,3.0
SHP004194,Pune,Bangalore,Globalline,2026-02-14,2026-02-14,2026-02-14 04:45:02.590332,2026-02-14 04:34:34.480179,-0.8083151760513232,-0.7304225669172247,-1.1465778656293044,-0.8131839437962609,-1.2729173191776613,0.8387011909440817,Delivered,3.0
SHP004376,Chennai,Kolkata,Ecotrans,2026-02-14,2026-02-14,2026-02-14 07:08:31.801213,2026-02-14 04:39:56.586669,-0.7112753054100095,-0.7058027803483263,-1.0545761930502444,-0.7111209828166246,-1.0314088967005763,0.28780434393228116,Delivered,4.0
SHP002392,Mumbai,Mumbai,Fastship,2026-02-15,2026-02-14,2026-02-15 09:11:18.084954,2026-02-15 07:42:09.022494,-0.25090359297569803,-0.4563369417521893,-1.0705897942715028,-0.6237930336621291,-1.1607199385972367,0.5248692880125979,Delayed,5.0
SHP000546,Ahmedabad,Chennai,Fastship,2026-02-14,2026-02-14,2026-02-14 03:45:42.333109,2026-02-14 02:35:43.340854,-0.21178297300177512,-0.21738228504344378,-1.1829168795525824,-0.855391109945907,-1.2245574305340727,0.6013218123062206,Delivered,5.0
SHP003577,Chennai,Ahmedabad,Globalline,2026-02-14,2026-02-14,2026-02-14 21:15:41.037627,2026-02-14 17:57:36.687533,0.26025514802283956,0.167592736622313,-0.014061372732546448,-0.1085358626929739,0.15199210262219479,0.09042690838048036,Delivered,4.0
SHP001557,Jaipur,Delhi,Ecotrans,2026-02-14,2026-02-14,2026-02-14 20:02:09.102058,2026-02-15 00:55:23.276612,-0.3480499305557399,-0.23560783625411288,-0.4317487762947774,-0.1608397514105515,-0.2927862267409168,1.350000480688524,Delivered,1.0
SHP002981,Delhi,Pune,Fastship,2026-02-14,2026-02-14,2026-02-14 10:06:18.206716,2026-02-14 09:19:51.302097,-0.4960316669254565,-0.5729715362906748,-0.866292454766752,-0.5846697965524964,-0.579694739417679,0.6951923115389298,Delayed,5.0
SHP004155,Mumbai,Pune,Ecotrans,2026-02-14,2026-02-14,2026-02-14 10:46:25.183886,2026-02-14 08:47:36.263425,-0.6315147495628036,-0.5423084845019047,-0.6756365473077794,-0.5561348680412468,-0.6016906974458739,0.40655073974566724,Delivered,4.0
SHP001109,Pune,Delhi,Globalline,2026-02-14,2026-02-14,2026-02-14 12:39:27.491142,2026-02-14 08:22:22.703436,-0.637011859225376,-0.6792828829149847,-0.45934687802173274,-0.47573001208408366,-0.2942940193384811,-2.3754234253671918,Delivered,4.0
SHP003139,Mumbai,Delhi,Fastship,2026-02-15,2026-02-14,2026-02-15 15:01:08.467489,2026-02-15 12:26:08.771314,-0.697610526441943,-0.6634819351311863,-0.4052107052941345,-0.3749501811276639,-0.27997882478300173,0.2622453901339092,Cancelled,3.4301601423487544
SHP003668,Bangalore,Hyderabad,Fastship,2026-02-14,2026-02-14,2026-02-14 18:46:13.541399,2026-02-14 20:03:54.156023,-0.8951224331501285,-0.8209869718094513,-0.10621465431611922,-0.2148463283384301,-0.24011740184859404,1.1902765623761908,Delivered,4.0
SHP001255,Chennai,Hyderabad,Fastship,2026-02-14,2026-02-14,2026-02-14 21:58:40.980394,2026-02-14 17:23:54.328536,-0.44784774843381636,-0.4038871966493952,0.11838634295157985,-0.07795041164539326,0.03537613173631275,-0.21551753387101924,In Transit,3.4301601423487544
SHP004748,Lucknow,Ahmedabad,Ecotrans,2026-02-14,2026-02-14,2026-02-14 15:33:47.814703,2026-02-14 14:04:31.954501,1.067111246084839,0.5982923853490184,0.008809585742532036,-0.35172194557983943,0.2291807398685738,0.5244173986121617,Cancelled,4.0
SHP004089,Delhi,Mumbai,Globalline,2026-02-14,2026-02-14,2026-02-14 14:05:30.651881,2026-02-14 12:49:19.286839,-0.4561782624107432,-0.5414414542167576,-0.6421692349650882,-0.4145202821374262,-0.5186805213883386,0.5765678108368915,Delivered,3.0
SHP003564,Kolkata,Delhi,Globalline,2026-02-15,2026-02-14,2026-02-15 19:07:48.157263,2026-02-15 15:34:35.676636,-0.7143794885538738,-0.737899540639346,0.35162623948513455,-0.19949854208567305,0.5069567210869403,0.030057661934379174,Delivered,4.0
SHP002016,Ahmedabad,Delhi,Fastship,2026-02-14,2026-02-14,2026-02-14 11:16:28.716735,2026-02-14 08:42:16.166963,0.30945369394638483,0.13506788002848782,-0.9049518334894988,-0.5347538256528218,-0.9027399562754966,0.2653795131683498,Delivered,2.0
SHP003273,Bangalore,Mumbai,Globalline,2026-02-15,2026-02-15,2026-02-16 04:42:08.793818,2026-02-16 02:02:54.882020,-0.45990620967839463,-0.5571426680861854,1.2959921294946293,0.2090353703408963,1.690856438050637,0.2453460512859596,Delivered,3.0
SHP004867,Bangalore,Ahmedabad,Fastship,2026-02-15,2026-02-15,2026-02-15 17:24:54.804206,2026-02-15 14:08:03.170467,-0.6574944248626982,-0.47361572385065914,-0.6069909434524877,-0.27268419184600073,-0.4567695294957891,0.09526082971242296,Delayed,4.0
SHP001101,Kolkata,Chennai,Globalline,2026-02-16,2026-02-15,2026-02-16 05:17:34.029097,2026-02-16 05:35:23.142279,-0.25716348823202173,-0.3902472087525325,-1.0162277112833542,-0.7900494636100244,-1.094023423907732,0.9515264842928394,In Transit,3.0
SHP001025,Ahmedabad,Chennai,Globalline,2026-02-16,2026-02-15,2026-02-16 02:46:31.635811,2026-02-16 02:56:29.784247,1.546266476498234,1.4401162434217611,-1.3566181173830858,-0.89748494232287,-1.168697101648199,0.9202184445501657,Delivered,1.0
SHP000967,Kolkata,Bangalore,Globalline,2026-02-16,2026-02-15,2026-02-16 09:20:00.369574,2026-02-16 07:26:05.280311,-0.6746543457642937,-0.6526169706296506,-1.073010579005598,-0.6176013030287001,-1.1605791642894514,0.42608357931116075,In Transit,4.0
SHP001547,Ahmedabad,Pune,Ecotrans,2026-02-16,2026-02-15,2026-02-17 20:44:32.975314,2026-02-17 08:04:10.105425,-0.4797851425319685,-0.5700138385404476,0.983108945192207,0.8935977796406129,1.1528814165268535,-2.152388350239413,In Transit,5.0
SHP002157,Ahmedabad,Delhi,Fastship,2026-02-15,2026-02-15,2026-02-16 04:33:43.859368,2026-02-15 20:01:37.562385,1.9969965520039967,1.637968204347676,1.6443321960170494,0.20304932750868038,1.77117587051024,-1.162117845850781,Delivered,4.0
SHP000097,Ahmedabad,Jaipur,Ecotrans,2026-02-15,2026-02-15,2026-02-15 09:23:00.796745,2026-02-15 06:28:06.281191,-0.9010042187404277,-0.857002824365931,-0.6929130548918714,-0.615462322854961,-0.5737732834214208,0.18281810195415085,Cancelled,3.4301601423487544
SHP002296,Jaipur,Ahmedabad,Globalline,2026-02-16,2026-02-15,2026-02-16 18:12:57.447082,2026-02-16 16:08:52.516498,-0.17292318346205685,0.12428664615971804,-0.42266972844222106,-0.2385102040660718,-0.4227831380277941,0.38554352514202644,Delivered,5.0
SHP004343,Kolkata,Bangalore,Globalline,2026-02-15,2026-02-15,2026-02-16 11:05:33.985611,2026-02-16 08:29:50.690219,-0.2882302514911435,0.07269663031150221,1.4856891169403155,0.48176396588627796,1.4359148980384797,0.2593470712466066,Delayed,2.0
SHP002035,Jaipur,Hyderabad,Fastship,2026-02-15,2026-02-15,2026-02-15 22:17:30.829712,2026-02-15 18:46:25.119251,-0.3924210466733305,-0.428523559435956,0.6418201570902368,-0.06455594745196828,0.3005306016695687,0.038484885901825173,Delivered,2.0
SHP003344,Hyderabad,Ahmedabad,Ecotrans,2026-02-15,2026-02-15,2026-02-17 02:44:11.314201,2026-02-16 19:25:16.255517,-0.3144759348840051,-0.24805776969427187,4.186653357240854,1.1494109070420755,4.151644900140011,-0.8702041424317939,In Transit,5.0
SHP000249,Delhi,Lucknow,Fastship,2026-02-15,2026-02-15,2026-02-15 06:59:21.016106,2026-02-15 05:33:44.959105,0.862892233702898,0.4320431986595567,-1.026580022084244,-0.7176505892663061,-1.0336293654622906,0.5390291236105227,Delayed,5.0
SHP000329,Jaipur,Lucknow,Globalline,2026-02-16,2026-02-15,2026-02-16 12:40:39.753359,2026-02-16 10:05:58.189721,-0.861246493276706,-0.7624810010268251,-0.33790157537365967,-0.47487333707102436,-0.6385213462127447,0.2634507758742497,In Transit,3.0
SHP003653,Bangalore,Delhi,Fastship,2026-02-15,2026-02-15,2026-02-16 16:38:03.905529,2026-02-16 13:12:55.105915,-0.5405850790651215,-0.31056101033808564,0.6599211801445188,0.7182720415185123,0.7177904101751936,0.06221103329899652,In Transit,4.0
SHP004616,Mumbai,Chennai,Ecotrans,2026-02-15,2026-02-15,2026-02-16 08:25:52.544345,2026-02-16 11:53:14.939696,-0.5876421536327691,-0.5690664661033366,1.1247386264085277,0.36817512718047707,1.213761041511658,1.350000480688524,Delivered,2.0
SHP001511,Chennai,Pune,Fastship,2026-02-15,2026-02-15,2026-02-15 23:16:46.522806,2026-02-16 00:22:54.827242,0.15798316090091005,-0.05982733090343586,0.2276368177736696,-0.022402889463779028,0.167605786435215,1.1442542750091405,Delivered,3.0
SHP000621,Delhi,Delhi,Fastship,2026-02-15,2026-02-15,2026-02-15 19:45:29.786715,2026-02-15 18:20:29.311043,0.11049226047189227,0.5907226283132209,0.12951846466969913,-0.1726867237171258,-0.007135806155954881,0.5413944421866803,Delivered,4.0
SHP002106,Delhi,Lucknow,Fastship,2026-02-15,2026-02-15,2026-02-15 08:21:06.025046,2026-02-15 05:37:34.840469,-0.2758284202037438,-0.3787866315563828,-0.9302660776100764,-0.6595012718680174,-1.129732673282713,0.22824348372002107,Delayed,3.0
SHP004469,Hyderabad,Bangalore,Ecotrans,2026-02-16,2026-02-15,2026-02-16 03:01:13.986785,2026-02-16 02:15:22.568569,1.6983737866244313,1.117510029166076,-1.2908377936803508,-0.887024593016952,-1.0845019537884264,0.6975513197765624,Delivered,3.0
SHP000647,Mumbai,Mumbai,Globalline,2026-02-16,2026-02-15,2026-02-16 07:20:57.932202,2026-02-16 03:51:41.842537,-0.2180008673989487,0.19091712205971437,-1.0906604716635087,-0.7022755335553088,-1.427452212833112,0.045772081529396824,Delivered,2.0
SHP003320,Pune,Lucknow,Globalline,2026-02-15,2026-02-15,2026-02-15 08:28:56.356007,2026-02-15 07:07:16.976207,-0.30464166166149775,-0.3192958464829733,-0.7246595512401531,-0.6539254564722519,-0.37810278472890557,0.5547625713431323,Delivered,3.4301601423487544
SHP002566,Ahmedabad,Pune,Fastship,2026-02-15,2026-02-15,2026-02-16 04:17:28.653204,2026-02-15 19:37:59.789097,-0.8344627949017657,-0.7701520242084142,0.017895104462268132,0.19148817166967896,-0.2996855639230186,-1.1915381139805594,Delayed,3.0
SHP003793,Delhi,Mumbai,Fastship,2026-02-15,2026-02-15,2026-02-15 23:22:44.913569,2026-02-15 19:48:06.354970,3.5639230735114675,2.2317241296062593,0.01659166494255137,-0.018154135082615826,-0.1941119067556693,0.02433550843725788,Delayed,4.0
SHP004211,Bangalore,Kolkata,Fastship,2026-02-15,2026-02-15,2026-02-16 03:11:18.260725,2026-02-15 17:12:12.708743,-0.6484171480046758,-0.6279772804289483,0.6415024142392463,0.14441881556389008,-0.27997882478300173,-1.5090751166946592,In Transit,3.0
SHP004166,Ahmedabad,Ahmedabad,Fastship,2026-02-17,2026-02-16,2026-02-17 23:53:45.074650,2026-02-17 17:28:49.664751,-0.6652179006252954,-0.44717960776718574,-0.1715348163246617,0.0038982400322441894,0.16147868987963376,-0.6548439614956935,In Transit,1.0
SHP000784,Chennai,Jaipur,Fastship,2026-02-16,2026-02-16,2026-02-16 18:41:03.162178,2026-02-16 12:01:44.261744,-0.6501730885127689,-0.6196268653168651,0.39657421498446727,-0.21852590162814314,0.48120117909013843,-0.712245701682851,Cancelled,3.4301601423487544
SHP004327,Pune,Jaipur,Globalline,2026-02-17,2026-02-16,2026-02-18 14:32:39.469704,2026-02-18 06:13:50.849715,-0.39924204508263594,-0.44568567424090577,0.6029122964680987,0.6290691853340117,0.6608084330875675,-1.109091152787075,Delayed,5.0
SHP003836,Delhi,Lucknow,Globalline,2026-02-16,2026-02-16,2026-02-16 06:43:23.175788,2026-02-16 02:22:42.026587,-0.5434358588223821,-0.4117211794846159,-0.9035738332653528,-0.729005871449692,-1.0806322713195402,-0.15931156301499225,In Transit,1.0
SHP003805,Hyderabad,Bangalore,Ecotrans,2026-02-16,2026-02-16,2026-02-16 22:13:37.684279,2026-02-16 18:44:02.289550,-0.5960388272258565,-0.6019876572782463,-0.3160623672863182,-0.06731990730318123,-0.325816373329691,0.044488750417927776,Delivered,5.0
SHP003803,Hyderabad,Lucknow,Fastship,2026-02-17,2026-02-16,2026-02-17 22:16:25.642867,2026-02-17 23:28:56.015616,-0.7064596755459119,-0.6049541722117777,0.7219498395650649,-0.06532874329969328,0.7544845291117735,1.1696528001204454,Delayed,5.0
SHP001119,Lucknow,Jaipur,Globalline,2026-02-16,2026-02-16,2026-02-16 06:15:07.910536,2026-02-16 07:32:33.367566,-0.6627212305288556,-0.6672525013284251,-1.0106604679615383,-0.7491033918428057,-0.8274238454043289,1.1892689401297576,Delivered,3.4301601423487544
SHP003943,Bangalore,Jaipur,Fastship,2026-02-16,2026-02-16,2026-02-16 15:29:08.776825,2026-02-16 13:39:44.972834,-0.565220866510981,-0.6213044532923852,-0.1432358620927273,-0.355029964456614,-0.07084920800507152,0.44411764693408645,Delayed,5.0
SHP000324,Lucknow,Chennai,Ecotrans,2026-02-16,2026-02-16,2026-02-17 06:15:22.019838,2026-02-17 04:30:27.836991,5.077681834329956,4.619755358516807,0.1395224770915006,0.27534356245171354,0.21121650528244187,0.4620410893223138,Delivered,4.0
SHP001792,Bangalore,Bangalore,Ecotrans,2026-02-16,2026-02-16,2026-02-16 21:03:57.199205,2026-02-16 19:28:40.831012,-0.6328788071392456,-0.6580957458526668,0.3451509387515944,-0.11687992980611915,0.20699249612393253,0.5004521260399777,In Transit,4.0
SHP000007,Delhi,Jaipur,Globalline,2026-02-17,2026-02-17,2026-02-18 00:49:31.467159,2026-02-17 15:38:11.457938,5.535223124122006,6.600555831180386,0.5075771280756648,0.043570020968574916,0.9467295364440372,-1.3185841565799528,Delayed,3.0
SHP000643,Hyderabad,Hyderabad,Globalline,2026-02-17,2026-02-17,2026-02-17 06:14:59.926706,2026-02-17 04:06:47.539595,-0.7213311837235485,-0.6739854610869703,-1.1638611712951024,-0.7491980408689112,-1.1157516718596006,0.3690935066476485,In Transit,3.0
SHP004615,Ahmedabad,Kolkata,Ecotrans,2026-02-17,2026-02-17,2026-02-17 07:12:59.531664,2026-02-17 07:13:26.548457,-0.6615942209499788,-0.552853000707113,-0.8658769015757117,-0.7079470145013917,-0.8897821997851384,0.8822516703293569,Delivered,4.0
SHP000723,Ahmedabad,Bangalore,Fastship,2026-02-15,2026-02-17,2026-02-18 00:34:52.752435,2026-02-17 16:30:56.161423,-0.18604122099678924,-0.23381500358501311,2.3915440392559604,2.0817121542649866,2.2686807672073797,-1.0497922797807024,Delayed,4.0
SHP002170,Chennai,Bangalore,Globalline,2026-02-18,2026-02-17,2026-02-18 20:09:17.012540,2026-02-18 12:27:08.014958,1.092507252032693,0.3951052859589359,-1.2753113973187524,-0.155766834575528,-1.2306720046647914,-0.962868178940044,Cancelled,5.0
SHP000817,Lucknow,Bangalore,Fastship,2026-02-17,2026-02-17,2026-02-17 02:24:22.210224,2026-02-17 01:47:27.781248,-0.5772084198804316,-0.5537883875111292,-0.07014028900189608,-0.9132454009452102,0.006008884546375775,0.7332484300382042,Delivered,3.0
SHP000727,Chennai,Chennai,Ecotrans,2026-02-17,2026-02-17,2026-02-17 03:55:38.111872,2026-02-17 02:55:51.963890,0.06478999623040378,0.4511896270866368,-1.223402902566225,-0.8483280996978245,-0.27997882478300173,0.6420614919066846,In Transit,1.0
SHP002766,Bangalore,Ahmedabad,Ecotrans,2026-02-17,2026-02-17,2026-02-18 02:06:02.992356,2026-02-17 22:19:55.970906,-0.031042303937567926,0.10274789631000132,-0.17131737941837635,0.09800296070389077,0.17865986067824874,-0.02143102182541778,In Transit,4.0
SHP002954,Ahmedabad,Chennai,Ecotrans,2026-02-17,2026-02-17,2026-02-18 13:19:35.076031,2026-02-18 11:10:40.983320,-0.8009031438693857,-0.7956068648774539,0.915359362763005,0.5770918082523727,0.9152993972504477,0.3663210685970686,Delivered,4.0
SHP004841,Delhi,Ahmedabad,Ecotrans,2026-02-17,2026-02-17,2026-02-17 17:53:51.113767,2026-02-17 16:00:34.888149,0.2183090576481118,-0.1122162328040795,0.10730074778381239,-0.25210008750882956,0.07481601871658364,0.4286670944310062,Delivered,3.4301601423487544
SHP003243,Kolkata,Chennai,Ecotrans,2026-02-17,2026-02-17,2026-02-17 11:45:32.950154,2026-02-17 13:07:33.536324,-0.6308530281098641,-0.6254311255330499,-0.8802272777259519,-0.5140757832801635,-0.5648009774578332,1.2075585342504345,Delivered,5.0
SHP003104,Hyderabad,Delhi,Ecotrans,2026-02-17,2026-02-17,2026-02-17 21:09:08.178433,2026-02-17 16:11:12.399661,-0.16947251626310134,-0.06227382966548113,-0.0022985478014708287,-0.11319324338848849,-0.06485365666416729,-0.3078616870173136,Cancelled,4.0
SHP000637,Kolkata,Ahmedabad,Fastship,2026-02-17,2026-02-17,2026-02-17 19:44:33.109051,2026-02-17 16:17:37.957589,-0.6514625095953799,-0.6740684296792271,0.4987279820213624,-0.17335864245577556,0.23695872357465464,0.055141145558628826,Cancelled,1.0
SHP000870,Chennai,Ahmedabad,Ecotrans,2026-02-17,2026-02-17,2026-02-17 11:23:49.367003,2026-02-17 03:27:48.114734,-0.4571356614716735,-0.3806356831642803,-0.9267401144676671,-0.5295298775168552,-0.6979262738507546,-1.0181934724740582,In Transit,5.0
SHP002801,Ahmedabad,Kolkata,Fastship,2026-02-17,2026-02-17,2026-02-18 04:14:27.376380,2026-02-18 02:14:05.057471,-0.05526240702760021,0.19874104737056092,-0.056211594085389185,0.1893391187840995,-0.021954796450627204,0.40034194737485135,Delivered,3.0
SHP000207,Delhi,Mumbai,Globalline,2026-02-17,2026-02-17,2026-02-17 17:51:19.563333,2026-02-17 15:31:35.717802,-0.30628407046500505,-0.3734264688658869,-0.44822683503316024,-0.2538967313867101,-0.05709901056843907,0.323127841748887,Delivered,1.0
SHP003388,Lucknow,Hyderabad,Globalline,2026-02-17,2026-02-17,2026-02-17 15:14:55.700036,2026-02-17 15:39:22.863993,-0.505322420132935,-0.4687676044965592,-0.5537561414006122,-0.3651432656845633,-0.7879390442193098,0.9779874659037688,Delivered,3.4301601423487544
SHP001481,Pune,Lucknow,Ecotrans,2026-02-17,2026-02-17,2026-02-18 05:40:58.651523,2026-02-18 03:51:48.506734,-0.6818481674479269,-0.7063180567334436,0.1989819137157613,0.2508821474877341,0.3531089379998021,0.4450256614780651,Delayed,5.0
SHP004486,Jaipur,Lucknow,Ecotrans,2026-02-17,2026-02-17,2026-02-17 16:21:22.898107,2026-02-17 08:58:47.297439,-0.43358972375684596,-0.1582909195468969,-0.18602263155342133,-0.31787467780145595,-0.0394332482146858,-0.884864979062653,Delivered,5.0
SHP002598,Lucknow,Lucknow,Ecotrans,2026-02-18,2026-02-17,2026-02-19 18:19:38.239733,2026-02-19 15:19:33.650300,-0.6501449268054753,-0.5763437934080218,1.1307034542200085,0.7905209157334951,1.1993387273430627,0.16220550746730794,Delivered,4.0
SHP003286,Kolkata,Lucknow,Globalline,2026-02-17,2026-02-17,2026-02-17 10:15:42.921668,2026-02-17 07:26:30.875255,-0.7279005029412104,-0.7208587920273551,-0.7827846347798938,-0.5779750505570116,-0.9278042292119687,0.20558421676026276,Delivered,3.0
SHP003312,Lucknow,Jaipur,Fastship,2026-02-19,2026-02-18,2026-02-19 07:48:03.054051,2026-02-19 05:25:46.192196,-0.24299676301561268,-0.3818447981157967,-0.8310653871517422,-0.6830095694397286,-0.27997882478300173,0.3129558677449775,In Transit,4.0
SHP002937,Hyderabad,Kolkata,Fastship,2026-02-18,2026-02-18,2026-02-19 20:08:17.778600,2026-02-19 13:39:05.575024,0.4766606669996126,0.6601037547201455,1.5579024326564372,0.8678106290685265,1.7141656452435186,-0.6719146800865566,Delivered,4.0
SHP001939,Bangalore,Delhi,Ecotrans,2026-02-17,2026-02-18,2026-02-19 01:39:06.637299,2026-02-18 18:28:44.899683,2.4239630503221794,2.08611105561323,1.756511742748844,1.103120614956506,1.9997108472229406,-0.836080406984097,Delivered,3.0
SHP004693,Bangalore,Delhi,Fastship,2026-02-18,2026-02-18,2026-02-18 07:11:15.651108,2026-02-18 06:05:53.009905,-0.49343363950417674,-0.5997088334930623,-1.191629087538216,-0.7091785277270908,-1.4622503995032985,0.6196926347349245,Delayed,4.0
SHP004733,Bangalore,Lucknow,Globalline,2026-02-18,2026-02-18,2026-02-18 18:10:13.448848,2026-02-18 16:14:09.992135,-0.03050653769956532,0.21242515879422522,0.42227704500717994,-0.24045441772892345,0.5743183372033269,0.4175501736573421,Delayed,3.4301601423487544
SHP004763,Ahmedabad,Lucknow,Fastship,2026-02-18,2026-02-18,2026-02-18 16:39:19.084084,2026-02-18 13:44:46.285377,1.1388576171644202,0.9631567235255676,-0.5756922392603566,-0.30511639729727386,-0.3284283957450178,0.18426175971141642,In Transit,3.0
SHP002559,Chennai,Bangalore,Globalline,2026-02-18,2026-02-18,2026-02-18 09:16:55.110138,2026-02-18 08:12:28.431608,-0.6220905087839742,-0.6685978839718939,-0.9856118072224381,-0.6197975701214856,-0.8574584360194407,0.6234128316398331,Delivered,3.0
SHP004335,Ahmedabad,Jaipur,Fastship,2026-02-18,2026-02-18,2026-02-18 13:37:36.416253,2026-02-18 08:27:27.088102,-0.28554478235892944,-0.38252159125365204,-0.5769024961913872,-0.4343684944701373,-0.5789971815238881,-0.35662540724478414,Delivered,5.0
SHP003998,Chennai,Mumbai,Ecotrans,2026-02-18,2026-02-18,2026-02-18 21:58:22.027916,2026-02-18 17:39:50.673254,-0.4947939164153929,-0.31142210528716535,-0.11325829310214292,-0.07817509496429814,0.0260464365297493,-0.15068328962530192,Delayed,4.0
SHP001288,Delhi,Hyderabad,Fastship,2026-02-19,2026-02-18,2026-02-20 10:48:25.811876,2026-02-19 23:30:07.555642,-0.3795540712498724,-0.4646427014816233,1.2273073150634826,0.4695748747701959,1.460164086109361,-1.8250177745486935,Delivered,5.0
SHP000536,Jaipur,Pune,Fastship,2026-02-19,2026-02-18,2026-02-19 06:34:39.916180,2026-02-19 05:25:15.415223,0.04627490507280428,-0.0198903648331395,-0.9472971526322125,-0.7352091606654398,-0.9592926526382848,0.6036146695481518,Delivered,5.0
SHP000598,Jaipur,Mumbai,Fastship,2026-02-18,2026-02-18,2026-02-19 23:13:47.648650,2026-02-19 16:24:55.393483,0.15459405966592132,0.5667416310987641,0.9942481807495199,0.999756228764234,1.5382927321000928,-0.7503602589185512,In Transit,2.0
SHP000055,Chennai,Delhi,Ecotrans,2026-02-18,2026-02-18,2026-02-18 08:18:58.815651,2026-02-18 08:09:24.940784,-0.5086234039004865,-0.23749147320088468,-0.7090896269142039,-0.6610093505628902,-0.8195221056910841,0.8423065573838519,Cancelled,3.0
SHP000815,Ahmedabad,Pune,Ecotrans,2026-02-18,2026-02-18,2026-02-19 17:11:57.814498,2026-02-19 15:11:19.563650,0.5520910159873306,0.13519018304042646,1.1766090428254827,0.7423842133031832,1.116301010509448,0.39928284946226594,Cancelled,5.0
SHP004603,Pune,Ahmedabad,Fastship,2026-02-19,2026-02-18,2026-02-19 16:17:07.102526,2026-02-19 18:45:40.380457,0.1585515293548058,0.5547830845671391,-0.6282025117731901,-0.32090715717405627,-0.4894384244115146,1.350000480688524,Delivered,4.0
SHP003247,Lucknow,Lucknow,Ecotrans,2026-02-18,2026-02-18,2026-02-19 00:57:41.728111,2026-02-18 13:33:22.531800,-0.7588236713515223,-0.7575614382962453,0.5373719826275263,0.049382108169673304,0.7926085136332008,-1.8490117706416405,Delivered,1.0
SHP003788,Chennai,Mumbai,Fastship,2026-02-19,2026-02-18,2026-02-19 16:17:32.311414,2026-02-19 13:48:18.271260,-0.8004771152914213,-0.6756836617519224,-0.6395247014893369,-0.3206083035649927,-0.7195901593563194,0.285223357242221,Delayed,1.0
SHP001851,Hyderabad,Jaipur,Globalline,2026-02-20,2026-02-19,2026-02-20 19:51:27.090004,2026-02-20 16:30:02.564673,-0.3919335616360023,-0.07664448726711816,-0.4962345032588564,-0.16845086142647345,-0.48342266638459985,0.07711997972239527,Delivered,3.0
SHP003439,Mumbai,Bangalore,Fastship,2026-02-19,2026-02-19,2026-02-19 17:27:15.836937,2026-02-19 16:16:50.563238,1.665031691286883,0.7563943265428466,-0.1717205288919785,-0.27101223626244575,0.06135408020216647,0.599574716583589,Delivered,3.0
SHP000337,Bangalore,Pune,Fastship,2026-02-19,2026-02-19,2026-02-19 12:46:26.345499,2026-02-19 11:44:05.540936,-0.3781466360770293,-0.4473406739158665,-0.2493038246362955,-0.4707644564158505,-0.4539382812085664,0.6317804795261656,In Transit,2.0
SHP004743,Hyderabad,Pune,Globalline,2026-02-19,2026-02-19,2026-02-20 02:19:04.922512,2026-02-19 16:19:45.155623,1.3932003441646938,2.455660841430433,0.11350386298248864,0.10727281227431652,0.4980161828181398,-1.5100200725052035,Delivered,4.0
SHP004349,Pune,Jaipur,Globalline,2026-02-19,2026-02-19,2026-02-20 08:58:20.699869,2026-02-20 08:45:42.757361,-0.2577514591095595,-0.3978448665872281,0.4744356579173967,0.39127068425885186,0.34438747135440084,0.8300704036829373,Delivered,3.0
SHP003049,Mumbai,Ahmedabad,Globalline,2026-02-19,2026-02-19,2026-02-20 10:51:32.710126,2026-02-20 11:19:32.069430,0.9186345912315168,0.9310678236174743,0.39623660123703985,0.4717905701622747,0.36072609006108697,0.9920934481742261,In Transit,3.4301601423487544
SHP003087,Lucknow,Chennai,Ecotrans,2026-02-20,2026-02-19,2026-02-20 12:12:21.216732,2026-02-20 12:01:25.475381,-0.16361234162068267,-0.14649977804759778,-0.24033052266085606,-0.49500963991076985,-0.14628036357492677,0.8368643684377922,Cancelled,4.0
SHP002875,Lucknow,Chennai,Fastship,2026-02-19,2026-02-19,2026-02-19 22:48:36.938908,2026-02-19 18:18:47.265536,-0.5950014718514044,-0.6484483039008659,-0.08040486064089879,-0.04243305690646863,-0.21705871144451383,-0.195775473936862,Delivered,1.0
SHP002620,Mumbai,Ahmedabad,Fastship,2026-02-20,2026-02-19,2026-02-20 22:12:48.059025,2026-02-20 14:06:57.964440,-0.5434624740516559,-0.5709581263749558,-0.14269071188311278,-0.0679082191152755,-0.26753603380165353,-1.0573375884361813,Delivered,4.0
SHP001086,Delhi,Delhi,Fastship,2026-02-19,2026-02-19,2026-02-22 09:40:38.078339,2026-02-22 03:07:35.882267,-0.433224224200469,-0.4896174275230551,-0.8869686023182343,2.4699109063120996,-0.7583073406516314,-0.6872037527112934,Delivered,4.0
SHP004254,Ahmedabad,Lucknow,Ecotrans,2026-02-20,2026-02-19,2026-02-20 21:02:10.094784,2026-02-20 21:44:19.945269,0.19016523738507946,0.34859130906399316,-0.13894368010377234,-0.1181496622529519,-0.17370677438925045,1.048631038135453,Delivered,1.0
SHP001728,Chennai,Pune,Fastship,2026-02-19,2026-02-19,2026-02-19 08:56:51.310192,2026-02-19 06:57:20.113625,0.8832548710970601,0.5729313060909003,-0.6832780331627052,-0.6340687255827088,-0.7666916256006083,0.40374037651135947,Delivered,3.4301601423487544
SHP004093,Delhi,Ahmedabad,Globalline,2026-02-19,2026-02-19,2026-02-19 11:32:16.214241,2026-02-19 11:57:28.472068,-0.5604357394710999,-0.6025712420884586,-0.7005230259864323,-0.5235211584252413,-0.7404265806319182,0.9809851439382749,In Transit,3.0
SHP001264,Kolkata,Kolkata,Fastship,2026-02-19,2026-02-19,2026-02-21 02:12:35.011863,2026-02-20 21:06:58.548063,-0.6338178297479778,-0.39902156637406055,1.2194883758064665,1.12693007409725,-0.27997882478300173,-0.33848636813830507,Delivered,4.0
SHP002917,Mumbai,Pune,Fastship,2026-02-20,2026-02-19,2026-02-20 10:48:47.164079,2026-02-20 10:07:15.534202,-0.20899063207251214,-0.29305700436315957,-0.9073058326410088,-0.5544516802272429,-0.765107866187621,0.7148211127094185,In Transit,4.0
SHP000741,Ahmedabad,Hyderabad,Globalline,2026-02-19,2026-02-19,2026-02-19 23:40:50.340241,2026-02-19 16:07:31.484730,-0.5502312068887996,-0.5975956499846719,-0.05966662028295599,-0.00528630531652536,-0.35726263787116297,-2.3754234253671918,Delivered,5.0
SHP002528,Kolkata,Lucknow,Ecotrans,2026-02-19,2026-02-19,2026-02-20 04:30:23.080587,2026-02-20 01:56:27.391570,-0.13138220113911966,0.2846220632436688,0.6657874001851126,0.20066907718818422,1.0839631231082782,0.26650035542271144,Delivered,3.0
SHP003185,Chennai,Pune,Globalline,2026-02-20,2026-02-19,2026-02-21 19:09:42.797896,2026-02-21 01:05:57.050609,-0.5607358236087188,-0.47183457303707044,1.218721829186864,0.8261402200766291,1.3094652991664997,-2.3754234253671918,In Transit,2.0
SHP003193,Bangalore,Kolkata,Fastship,2026-02-20,2026-02-19,2026-02-22 11:45:50.123945,2026-02-21 16:05:41.122908,2.511578679827814,2.2115628567107697,1.9582701563578226,1.5346871880720157,2.0887841174465076,-2.3754234253671918,Cancelled,4.0
SHP004983,Kolkata,Mumbai,Fastship,2026-02-19,2026-02-19,2026-02-19 14:29:37.589653,2026-02-19 12:20:11.015692,-0.12567792063907285,-0.09453003226113686,-0.6132040011842312,-0.3973667061107717,-0.6946954919895041,0.36416183210531705,Cancelled,4.0
SHP004412,Pune,Jaipur,Globalline,2026-02-20,2026-02-19,2026-02-20 06:08:00.382444,2026-02-20 06:18:34.917140,-0.5506149597355895,-0.5696023962289039,-1.1579300564279558,-0.7541717754155818,-1.3563117802186166,0.9226372720395745,Delayed,2.0
SHP001743,Ahmedabad,Hyderabad,Ecotrans,2026-02-19,2026-02-19,2026-02-19 18:38:49.907157,2026-02-19 16:12:26.885394,-0.3748587681768212,-0.5274923892844455,-0.04329518419349121,-0.2201056517504686,-0.08265845386715878,0.2965920438108673,Delivered,3.0
SHP004563,Ahmedabad,Ahmedabad,Ecotrans,2026-02-19,2026-02-19,2026-02-20 06:44:32.534023,2026-02-19 22:27:14.382187,0.23048707078200267,0.1518378615645236,0.12787954789056602,0.29609606386588583,-0.24582806957694853,-1.1030771558719632,Delayed,4.0
SHP001703,Pune,Bangalore,Globalline,2026-02-20,2026-02-19,2026-02-23 03:31:22.464669,2026-02-22 11:33:39.076731,-0.500014637619149,-0.5606344458859537,2.731094018999394,2.2072541350045776,2.657194462878662,-2.3754234253671918,Delayed,4.0
SHP000162,Chennai,Chennai,Ecotrans,2026-02-20,2026-02-20,2026-02-20 16:09:34.582483,2026-02-20 14:04:08.613844,-0.9528563833361431,-0.8813221181807058,-0.6517140622511259,-0.32627182254797255,-0.832166061833247,0.3801564071716105,Delivered,3.0
SHP003547,Ahmedabad,Kolkata,Ecotrans,2026-02-20,2026-02-20,2026-02-20 20:09:51.672635,2026-02-20 19:52:59.972503,0.5023173853721097,0.3449651381259016,-0.2823906072262129,-0.15535593606162806,-0.20658718300812093,0.8132015109586431,In Transit,4.0
SHP004232,Jaipur,Chennai,Fastship,2026-02-20,2026-02-20,2026-02-21 08:45:58.935551,2026-02-21 11:00:01.529783,0.023599629787453398,0.0392842424756922,0.23116560049212065,0.3824770022703031,0.23310461095072896,1.350000480688524,In Transit,2.0
SHP001249,Chennai,Chennai,Ecotrans,2026-02-20,2026-02-20,2026-02-20 16:05:38.256198,2026-02-20 12:41:47.364653,-0.6734702600966688,-0.5385934096536276,-0.6222925810194188,-0.3290734916837856,-0.7909014641853749,0.06739008107538137,Cancelled,4.0
SHP001788,Mumbai,Lucknow,Ecotrans,2026-02-20,2026-02-20,2026-02-21 18:24:48.870982,2026-02-21 21:20:25.144526,1.177804462357929,1.4259657546923232,0.8315024058755723,0.7942034768348427,0.9669927251001108,1.350000480688524,Delivered,3.4301601423487544
SHP001709,Hyderabad,Chennai,Globalline,2026-02-20,2026-02-20,2026-02-20 22:52:05.370489,2026-02-20 21:55:34.228372,-0.45462035380181287,-0.5513977446220244,-0.34058169226992946,-0.03996208196944864,-0.23605179809615368,0.6550247793360042,Cancelled,3.0
SHP003776,Bangalore,Ahmedabad,Fastship,2026-02-21,2026-02-20,2026-02-22 10:34:29.736268,2026-02-22 07:51:12.887407,-0.31463878455754846,-0.4230920673234106,0.3231997770722311,0.4596631240566265,0.11932336743768315,0.2291964704776915,Delivered,5.0
SHP000035,Hyderabad,Chennai,Fastship,2026-02-20,2026-02-20,2026-03-06 18:48:49.120843,2026-02-28 20:30:33.866790,-0.30829230514472544,-0.41346286523253245,1.4732483182978786,14.126913701554916,1.2635277071217876,-2.3754234253671918,Delivered,5.0
SHP003724,Hyderabad,Ahmedabad,Ecotrans,2026-02-20,2026-02-20,2026-02-20 04:43:17.447579,2026-02-20 03:38:02.991400,-0.12078986160208986,-0.10459222124952818,-1.072003420567284,-0.8144304204914938,-0.9447259699666432,0.6202367456452701,Delayed,2.0
SHP002649,Pune,Lucknow,Ecotrans,2026-02-18,2026-02-20,2026-02-21 14:37:07.995189,2026-02-21 04:01:27.015106,-0.1305271771252707,-0.3165607487857153,3.5133423899324767,2.6808119533932064,3.0455391439557196,-1.6550192681880933,In Transit,4.0
SHP001611,Bangalore,Ahmedabad,Globalline,2026-02-20,2026-02-20,2026-02-20 08:32:13.712183,2026-02-20 08:01:44.316107,-0.1516629958061015,0.1332146132904687,-0.9359386886234216,-0.6515857814480354,-1.1839069923834906,0.7588440302138423,Delivered,4.0
SHP001011,Hyderabad,Hyderabad,Fastship,2026-02-19,2026-02-20,2026-02-20 03:45:47.125544,2026-02-20 00:06:26.013658,-0.9963334497483998,-0.9161067270375803,0.448707330204982,0.16894539206722875,-0.27997882478300173,0.005552383768263863,Delivered,2.0
SHP002490,Chennai,Mumbai,Ecotrans,2026-02-20,2026-02-20,2026-02-21 02:29:01.389587,2026-02-21 07:54:59.376981,-0.2075682401027913,-0.1745137971892167,-0.08045361990661573,0.11434398251575136,0.10103597604474021,1.350000480688524,Delayed,2.0
SHP000462,Hyderabad,Bangalore,Ecotrans,2026-02-20,2026-02-20,2026-02-20 07:43:21.580438,2026-02-20 05:06:02.862470,0.28629770970662455,0.6745171237467001,-0.8559356374972561,-0.6863464641666286,-0.6374941939464148,0.2530037221379319,Delayed,4.0
SHP004064,Delhi,Chennai,Fastship,2026-02-20,2026-02-20,2026-02-20 18:49:10.479013,2026-02-20 13:29:14.725630,-0.004142999500642005,0.4493154266192229,-0.49949875992771764,-0.21274871718450608,-0.1934022270842403,-2.3754234253671918,Delivered,3.0
SHP000521,Lucknow,Ahmedabad,Fastship,2026-02-20,2026-02-20,2026-02-20 06:45:40.762825,2026-02-20 04:38:06.887349,-0.09983873964358102,-0.21590682110066475,-0.8161947813944228,-0.7273747648884294,-0.7267463690682695,0.3716536214107508,Delivered,1.0
SHP004976,Delhi,Jaipur,Fastship,2026-02-19,2026-02-20,2026-02-21 09:41:49.515846,2026-02-20 22:12:28.203323,-0.686511049032927,-0.5965069936927283,1.984751127250729,1.4464781170415884,1.9581257471252502,-2.3754234253671918,Delivered,4.0
SHP001760,Lucknow,Bangalore,Globalline,2026-02-21,2026-02-20,2026-02-21 19:37:46.461830,2026-02-21 12:34:21.910546,0.8205999829570665,1.5267326095135887,-0.39729004281290803,-0.17817948144722318,-0.6250760631636846,-0.8083473624764383,Delivered,3.4301601423487544
SHP002767,Delhi,Jaipur,Ecotrans,2026-02-19,2026-02-20,2026-02-20 19:59:42.451317,2026-02-20 21:05:28.208535,0.2672330434956381,0.030921380509919327,0.9745078714145823,0.8617013782766213,1.051664853533089,1.142755417179067,In Transit,5.0
SHP002939,Kolkata,Bangalore,Globalline,2026-02-20,2026-02-20,2026-02-22 02:32:55.381593,2026-02-21 20:58:45.618683,-0.35228889180310524,-0.19393227305016403,1.3621752309497122,1.1413976658311904,1.2022223861414063,-0.45238032109878296,Delivered,3.4301601423487544
SHP002233,Ahmedabad,Kolkata,Fastship,2026-02-21,2026-02-21,2026-02-21 15:26:55.905259,2026-02-21 13:10:50.346239,-0.8893317163823337,-0.8127125790355308,-0.6424097715887717,-0.35660516868811687,-0.48950470076376945,0.3376387426596688,Delivered,4.0
SHP000457,Pune,Lucknow,Fastship,2026-02-21,2026-02-21,2026-02-21 22:29:49.891286,2026-02-21 14:58:07.786389,-0.7070563022406301,-0.6048753741381121,0.6991788829038978,-0.05579430673817573,1.2493330073117266,-0.921194611516865,Delayed,5.0
SHP003582,Ahmedabad,Bangalore,Fastship,2026-02-21,2026-02-21,2026-02-21 22:38:51.052476,2026-02-21 18:23:21.469650,0.22241833171763142,0.34102331831087723,-0.12315366777766158,-0.04937879268646372,0.3655758612830148,-0.13859975277053543,Delayed,5.0
SHP000763,Hyderabad,Lucknow,Fastship,2026-02-21,2026-02-21,2026-02-21 19:33:48.372027,2026-02-21 10:44:00.298657,4.840257412415172,4.595842380978429,-0.09030658712155328,-0.1810020572492752,0.30945260446811473,-1.2327009151874155,In Transit,1.0
SHP004420,Lucknow,Hyderabad,Ecotrans,2026-02-21,2026-02-21,2026-02-22 08:53:55.663651,2026-02-21 23:46:34.511226,1.2202882256358247,1.9646881945829546,0.6199005681109366,0.38812865630705323,0.3861481057919647,-1.3027058172233688,Delivered,1.0
SHP004370,Delhi,Kolkata,Fastship,2026-02-21,2026-02-21,2026-02-21 07:36:02.451137,2026-02-21 06:40:53.796806,-0.7834837150946139,-0.6398011657398014,-0.7419172781675947,-0.691552381095565,-0.698540299971246,0.6605082702008876,Delivered,5.0
SHP003635,Delhi,Hyderabad,Ecotrans,2026-02-21,2026-02-21,2026-02-23 13:18:33.591773,2026-02-23 00:17:27.047391,-0.7722048647186374,-0.7035517835382854,2.0080899438051496,1.6006425941699787,2.486911067210807,-2.2350633504055475,Delivered,1.0
SHP003667,Bangalore,Jaipur,Ecotrans,2026-02-21,2026-02-21,2026-02-21 19:49:19.387181,2026-02-21 13:06:04.042847,-0.6329828312742016,-0.5997935444220203,-0.2428936979828254,-0.16996478976518686,-0.27997882478300173,-0.7279636404054084,Delivered,4.0
SHP004819,Lucknow,Lucknow,Fastship,2026-02-21,2026-02-21,2026-02-22 15:31:35.303682,2026-02-22 01:44:44.506812,-0.34219467322089964,-0.39235208240812824,0.656751270852795,0.670986811743243,0.5530449948451421,-2.3754234253671918,Cancelled,3.0
SHP004007,Kolkata,Delhi,Globalline,2026-02-21,2026-02-21,2026-02-21 08:38:14.996402,2026-02-21 04:14:52.354844,2.8976609657523396,2.961849945966449,-0.7919495452495607,-0.647302724885372,-0.6927282720028949,-0.1700469931592562,Delivered,5.0
SHP001073,Mumbai,Pune,Ecotrans,2026-02-21,2026-02-21,2026-02-22 02:40:41.902323,2026-02-21 17:20:42.527156,-0.1904244420801543,-0.4050914205841141,0.2965597750104472,0.1226486233257992,0.10039767947723413,-1.3531097337414322,Cancelled,3.0
SHP004162,Hyderabad,Lucknow,Ecotrans,2026-02-21,2026-02-21,2026-02-21 11:57:05.587398,2026-02-21 11:50:21.147255,-0.3036346845118668,-0.2841528450382631,-0.714519636485162,-0.5058645071312802,-0.27997882478300173,0.8535699674752325,Delivered,4.0
SHP004267,Bangalore,Hyderabad,Fastship,2026-02-21,2026-02-21,2026-02-21 10:56:45.337116,2026-02-21 09:32:56.651215,-0.40891042402214967,-0.5023365184538127,-0.7718384902138468,-0.5487828963311732,-1.0888341075231742,0.5461667675521662,Delivered,4.0
SHP000891,Jaipur,Bangalore,Fastship,2026-02-21,2026-02-21,2026-02-21 08:36:17.581676,2026-02-21 07:09:23.823336,0.8645632533656133,0.3728157257416751,-0.9142551070779092,-0.6486946869116211,-0.9879551797071308,0.5338638184998277,Cancelled,3.0
SHP004491,Mumbai,Lucknow,Ecotrans,2026-02-23,2026-02-22,2026-02-23 14:18:34.864186,2026-02-23 12:37:36.141296,-0.07039037090724533,-0.23366231270234863,-0.09777129875956218,-0.4052233754881989,-0.379848627818412,0.4776936190587206,Delivered,3.0
SHP001133,Chennai,Ahmedabad,Fastship,2026-02-23,2026-02-22,2026-02-23 14:16:02.935172,2026-02-23 07:36:04.427795,0.6998827294300799,0.5731061354329499,-0.5572408801152443,-0.4070245074661468,-0.24675612072151368,-0.7148786285761304,Delivered,4.0
SHP004044,Kolkata,Pune,Globalline,2026-02-22,2026-02-22,2026-02-23 03:17:07.324513,2026-02-22 22:05:48.358606,-0.7465647044783967,-0.7239445082810994,0.46324590523280756,0.14855699782658213,0.3202765916191564,-0.3612546744053426,Delivered,4.0
SHP000958,Bangalore,Bangalore,Fastship,2026-02-22,2026-02-22,2026-02-22 18:09:04.953035,2026-02-22 16:23:20.666977,-0.5787253601109029,-0.40571126831525295,-0.08229988089782728,-0.24126644168199296,0.0018629629180142236,0.4587104083434374,Delayed,1.0
SHP000080,Kolkata,Mumbai,Fastship,2026-02-22,2026-02-22,2026-02-25 05:01:39.419171,2026-02-25 14:43:28.681985,-0.6837745567406038,-0.48425762524355276,2.8199801489200245,2.271472612581075,2.741354089557414,1.350000480688524,Delivered,3.4301601423487544
SHP001704,Jaipur,Lucknow,Fastship,2026-02-22,2026-02-22,2026-02-22 10:59:58.207445,2026-02-22 07:12:53.351665,-0.036332195073453435,-0.2749342418452423,-0.7165566308936128,-0.5464964014183681,-0.5390879235036753,-0.02527563974535649,In Transit,3.0
SHP000745,Ahmedabad,Hyderabad,Fastship,2026-02-22,2026-02-22,2026-02-22 10:12:37.038522,2026-02-22 08:47:34.163013,-0.008531049762566181,0.03835349512963009,-0.5753922352803827,-0.5801787117856264,-0.5777494786189801,0.5412349096679301,Delayed,4.0
SHP002084,Bangalore,Hyderabad,Globalline,2026-02-21,2026-02-22,2026-02-25 11:49:11.214375,2026-02-23 21:18:40.255756,-0.30724472590671836,-0.46016037443338836,-0.1711916331642995,3.58563050754268,-0.636233596708795,-2.3754234253671918,Delayed,3.0
SHP004916,Ahmedabad,Hyderabad,Ecotrans,2026-02-22,2026-02-22,2026-02-24 07:01:07.541855,2026-02-23 22:59:57.366141,-0.592246816043055,-0.6662946671727098,1.3780268816196315,1.3321716575096492,1.5730063584495175,-1.0387295902528264,Delivered,4.0
SHP001660,Ahmedabad,Lucknow,Ecotrans,2026-02-22,2026-02-22,2026-02-22 11:40:40.981528,2026-02-22 09:10:52.904662,-0.4084449168811275,-0.5119964040665631,-0.6363797641852875,-0.5175370973249999,-0.6398227884167298,0.2829607192400001,Delivered,4.0
SHP002049,Lucknow,Mumbai,Globalline,2026-02-22,2026-02-22,2026-02-23 01:19:53.034537,2026-02-23 02:43:29.511663,-0.6486695698182283,-0.6023848858565573,-0.23259156022809796,0.0651648643017731,-0.4851491041618108,1.2139330195742488,Delivered,5.0
SHP002580,Hyderabad,Mumbai,Globalline,2026-02-22,2026-02-22,2026-02-22 13:09:23.134250,2026-02-22 14:42:19.846938,-0.5376445364397904,-0.26937655527727744,-0.48540260045110406,-0.45444250328104824,-0.2833674637653334,1.2511754615814796,Delivered,3.0
SHP004244,Bangalore,Bangalore,Ecotrans,2026-02-22,2026-02-22,2026-02-22 10:55:45.461330,2026-02-22 06:23:06.469550,-0.6116183682393239,-0.5228241653114747,-0.7187754118436968,-0.5494927290932767,-0.8534284173585668,-0.2070311517595717,Cancelled,4.0
SHP001501,Kolkata,Delhi,Fastship,2026-02-22,2026-02-22,2026-02-25 00:59:42.954333,2026-02-24 17:25:08.854253,-0.8468351170969671,-0.8099691077243338,2.596481455390534,2.0993786303580926,-0.27997882478300173,-0.932628231698942,In Transit,4.0
SHP004786,Pune,Kolkata,Ecotrans,2026-02-22,2026-02-22,2026-02-22 13:53:26.743754,2026-02-22 09:13:28.432264,0.7258967236703495,0.3958506515444929,-0.7011958167057787,-0.4231022773897513,-0.5542342992507734,-0.2362355435048932,Delivered,4.0
SHP001970,Bangalore,Bangalore,Fastship,2026-02-23,2026-02-22,2026-02-25 06:30:53.891779,2026-02-24 23:41:05.193980,-0.26442986686848863,0.014412895174182315,2.2979031024293093,1.3106706744833876,2.4206064772196303,-0.7541123617688081,Delivered,2.0
SHP003967,Lucknow,Jaipur,Ecotrans,2026-02-22,2026-02-22,2026-02-22 22:12:55.664460,2026-02-22 21:01:37.180694,-0.8147322709414992,-0.7248530754772199,-0.2416515200631289,-0.06781805599695903,-0.5166544380516654,0.5960375030097594,Delivered,3.4301601423487544
SHP002996,Bangalore,Hyderabad,Ecotrans,2026-02-22,2026-02-22,2026-02-22 18:26:29.037773,2026-02-22 16:13:21.104273,-0.5656364638841799,-0.6048705231355378,-0.0664794216511046,-0.22888872422094753,0.05048192150982769,0.3494466473631624,Delayed,3.0
SHP000001,Delhi,Delhi,Globalline,2026-02-23,2026-02-22,2026-02-24 03:38:52.343754,2026-02-23 22:24:09.991469,-0.7058509017815753,-0.5711416751298167,0.13498150418007396,0.16402811704207695,0.1857001073145311,-0.3747750681495113,Delivered,3.4301601423487544
SHP002696,Delhi,Ahmedabad,Globalline,2026-02-22,2026-02-22,2026-02-24 00:42:01.767448,2026-02-23 14:51:14.908558,-0.701694814205058,-0.5419185964321871,1.224152413632056,1.0625184781540753,1.1794140367632338,-1.475923796396616,Delivered,1.0
SHP000185,Hyderabad,Jaipur,Globalline,2026-02-23,2026-02-23,2026-02-23 15:33:47.055415,2026-02-23 15:32:03.244166,0.16839968219655702,0.4027249336866474,-0.5085536020139297,-0.3517309470144092,-0.215589855721855,0.8735546933832479,Delayed,3.0
SHP003676,Chennai,Kolkata,Globalline,2026-02-23,2026-02-23,2026-02-23 17:18:20.257900,2026-02-23 15:02:43.548149,0.4672798792612183,0.3058687119538305,0.03912790761217074,-0.27736157339846684,-0.27997882478300173,0.3395565381381419,Delivered,5.0
SHP003706,Ahmedabad,Jaipur,Globalline,2026-02-23,2026-02-23,2026-02-23 03:48:00.106658,2026-02-23 04:02:04.029940,-0.19651581205547514,-0.3595000114579421,-1.2255695418970123,-0.8537577922606133,-1.3182435043407021,0.936556670949637,Delivered,3.0
SHP002609,Bangalore,Kolkata,Ecotrans,2026-02-23,2026-02-23,2026-02-23 17:20:25.544013,2026-02-23 11:34:07.294033,-0.05403532661197161,-0.10765797637399341,-0.5347927601795227,-0.2758762953919105,-0.27997882478300173,-0.5008075172600513,In Transit,4.0
SHP000367,Mumbai,Kolkata,Ecotrans,2026-02-23,2026-02-23,2026-02-23 07:10:02.094023,2026-02-23 04:00:48.026011,-0.8048845850012389,-0.6636442507230745,-0.8360512741948046,-0.7100505535174418,-0.9951073339251938,0.12567815093969248,Delivered,3.4301601423487544
SHP000712,Chennai,Kolkata,Ecotrans,2026-02-22,2026-02-23,2026-02-23 08:51:45.471677,2026-02-23 01:33:48.698955,0.7006628115531348,1.362491522791125,0.3712136826529907,0.38658521886977343,0.7290593104680368,-0.8663295016434238,Delayed,4.0
SHP000863,Kolkata,Lucknow,Globalline,2026-02-23,2026-02-23,2026-02-23 19:34:29.500675,2026-02-23 18:49:08.602694,-0.5672006339130735,-0.6217170326791693,-0.2833457231197671,-0.1805144734603692,-0.28561199519730224,0.6995801950553412,Delayed,2.0
SHP001245,Hyderabad,Delhi,Globalline,2026-02-24,2026-02-23,2026-02-24 18:05:19.116549,2026-02-24 14:56:25.423878,1.742185977680943,1.6046823094376104,-0.15766843172603498,-0.2439437533189314,0.21726629568262376,0.12703263021062816,Delivered,1.0
SHP000151,Bangalore,Chennai,Globalline,2026-02-22,2026-02-23,2026-02-23 00:20:21.895040,2026-02-23 00:36:18.147465,0.8858844570137238,0.8417654125834833,-0.2449248522608238,0.022828687836167587,-0.3264570425234612,0.9440239077294033,Delivered,3.0
SHP004120,Lucknow,Delhi,Globalline,2026-02-23,2026-02-23,2026-02-23 20:39:37.012758,2026-02-23 14:48:54.310820,-0.32860602913673537,-0.03790096944454074,-0.18854526352014256,-0.13419057005328153,-0.010580967817781478,-0.518387330784123,Delivered,3.0
SHP002113,Hyderabad,Delhi,Ecotrans,2026-02-23,2026-02-23,2026-02-23 07:40:42.275728,2026-02-23 08:37:50.393294,-0.7484997272256869,-0.6873814832326655,-0.8198166046122212,-0.6882350356785898,-0.8910176941049117,1.1083445978240236,Delayed,4.0
SHP000157,Ahmedabad,Jaipur,Fastship,2026-02-23,2026-02-23,2026-02-23 14:32:19.661701,2026-02-23 10:46:10.804001,-0.5207423434731367,-0.618568990728665,-0.7093228635990055,-0.3954453275684641,-0.7395978702640713,-0.021553089110635682,Delayed,3.0
SHP003062,Jaipur,Bangalore,Ecotrans,2026-02-23,2026-02-23,2026-02-23 14:46:08.494607,2026-02-23 16:13:34.476995,-0.6276108257140894,-0.6779937469442264,-0.3436549997177503,-0.3856194397236441,-0.47156812739656384,1.2291897026378444,Delayed,1.0
SHP004427,Ahmedabad,Kolkata,Ecotrans,2026-02-23,2026-02-23,2026-02-25 22:56:58.888081,2026-02-25 17:45:47.713996,-0.6112611399245681,-0.38176253209145006,-0.7792621028944313,2.012076969731499,-0.930849080297017,-0.3607367021475126,Delivered,1.0
SHP002314,Pune,Hyderabad,Fastship,2026-02-23,2026-02-23,2026-02-23 16:16:01.581838,2026-02-23 15:10:03.959990,-0.861940271986332,-0.7885768650962934,-0.2529259569940848,-0.321683910758491,-0.10791797438589915,0.6173672474672237,In Transit,3.0
SHP003092,Lucknow,Bangalore,Fastship,2026-02-23,2026-02-23,2026-02-23 09:58:34.218667,2026-02-23 11:03:51.940848,-0.9114244558873885,-0.8583143345296789,-0.7995010912193256,-0.5901704161592328,-0.8805769532695622,1.1408917489108197,Cancelled,3.4301601423487544
SHP001772,Mumbai,Hyderabad,Ecotrans,2026-02-23,2026-02-23,2026-02-23 11:44:37.402171,2026-02-23 10:11:19.073866,-0.2870285075921931,-0.4797233629782404,-0.4081933786383299,-0.5147343095619326,-0.44203748984152763,0.5082989925753442,In Transit,3.4301601423487544
SHP001572,Ahmedabad,Ahmedabad,Globalline,2026-02-23,2026-02-23,2026-02-24 05:21:49.588187,2026-02-23 18:53:05.962085,-0.15533097601145512,-0.1740086597372684,0.6149435468967808,0.23725989941277242,0.9257890410110715,-1.627275078978842,Delivered,3.4301601423487544
SHP004181,Hyderabad,Lucknow,Ecotrans,2026-02-23,2026-02-23,2026-02-23 15:09:16.354024,2026-02-23 06:05:28.388542,0.13080589076852903,-0.21482072478469819,0.026189776326473076,-0.3691662428491384,0.04897228659965897,-1.288533917222889,Delivered,4.0
SHP003624,Lucknow,Pune,Ecotrans,2026-02-23,2026-02-23,2026-02-23 19:46:45.905745,2026-02-23 19:59:42.122531,1.0193649874231483,0.7058811884167713,-0.2773857423219093,-0.17178432584342368,-0.3033947835841234,0.9320557869968387,Delivered,4.0
SHP002736,Ahmedabad,Jaipur,Globalline,2026-02-24,2026-02-24,2026-02-25 01:52:45.445983,2026-02-25 00:10:54.176699,-0.29342532260780646,-0.34781790619636244,0.014728628944279162,0.08854797749014046,-0.20953735635124282,0.4742005240751606,Delivered,3.4301601423487544
SHP000152,Jaipur,Kolkata,Fastship,2026-02-25,2026-02-24,2026-02-28 16:42:29.874495,2026-02-27 20:33:32.820623,-0.8122910157803597,-0.7830795843085765,3.4974681737757933,2.7699845018109936,3.124827331317062,-2.3754234253671918,In Transit,2.0
SHP000728,Hyderabad,Chennai,Fastship,2026-02-25,2026-02-24,2026-02-25 10:31:57.728201,2026-02-25 09:33:21.008929,-0.8152603836072777,-0.7385462269370157,-0.7858909473961241,-0.5664186323675372,-0.27997882478300173,0.6466768624422163,Delivered,3.0
SHP004414,Ahmedabad,Delhi,Ecotrans,2026-02-25,2026-02-24,2026-02-27 13:17:03.901576,2026-02-27 16:40:27.356174,0.02906077397558209,0.1497459649720486,4.186653357240854,1.5995793089096506,4.145860499712277,1.350000480688524,Cancelled,5.0
SHP003644,Hyderabad,Chennai,Ecotrans,2026-02-24,2026-02-24,2026-02-24 06:36:17.716647,2026-02-24 06:36:12.149132,-0.4642937647991816,-0.45763280670694356,-1.1577852535980275,-0.7340497274245688,-1.1501234783479144,0.8800855829130145,Cancelled,3.4301601423487544
SHP002643,Jaipur,Hyderabad,Ecotrans,2026-02-24,2026-02-24,2026-02-24 08:07:18.754730,2026-02-24 08:04:33.520949,-0.6620750237780859,-0.657959297204902,-0.9169018508083013,-0.6693086350707182,-0.8976213872620696,0.8694715447202443,Delivered,3.4301601423487544
SHP004258,Mumbai,Hyderabad,Fastship,2026-02-25,2026-02-24,2026-02-25 23:09:58.088347,2026-02-25 17:09:58.483223,-0.6229514416004098,-0.6755664939104665,-0.15421009917463127,-0.02724491632061623,-0.03109877032421914,-0.5554082484391989,Delivered,5.0
SHP003297,Delhi,Bangalore,Fastship,2026-02-24,2026-02-24,2026-02-24 17:25:14.607596,2026-02-24 15:12:21.730513,-0.7603287694022521,-0.7597713421734203,-0.02334597120837424,-0.2724494208951835,-0.1689876840528504,0.3504475437271087,Cancelled,5.0
SHP000699,Bangalore,Jaipur,Ecotrans,2026-02-24,2026-02-24,2026-02-24 17:28:12.577357,2026-02-24 15:22:14.899970,0.4132996401973737,0.05703992110925395,0.12552970882891912,-0.2703395735354618,-0.27997882478300173,0.3780485238300102,Cancelled,4.0
SHP003707,Mumbai,Chennai,Ecotrans,2026-02-24,2026-02-24,2026-02-24 11:03:57.852822,2026-02-24 06:18:13.134147,-0.480347799228634,-0.4724521732399759,-0.9343590799772128,-0.5436553841570014,-0.9844629275753537,-0.259263445289983,Delayed,5.0
SHP002097,Kolkata,Bangalore,Globalline,2026-02-25,2026-02-24,2026-02-28 15:32:19.519824,2026-02-28 06:19:23.312122,-0.2547337203846171,-0.42797467737980993,3.901260291190117,2.720070372570258,3.806300989227756,-1.3249790850579601,Delivered,4.0
SHP000296,Pune,Lucknow,Fastship,2026-02-24,2026-02-24,2026-02-24 08:13:12.234009,2026-02-24 08:26:30.897892,-0.6139085266539984,-0.5920375656385775,-0.7976712093709034,-0.6651181067650382,-0.27997882478300173,0.9335479891435012,Delivered,4.0
SHP004987,Kolkata,Pune,Ecotrans,2026-02-25,2026-02-24,2026-02-25 06:16:02.049394,2026-02-25 06:32:22.896198,-0.7319484382288177,-0.7190229975357862,-1.2168140424989156,-0.7484615708693485,-1.226579825348479,0.9456588534482031,Cancelled,5.0
SHP001661,Chennai,Kolkata,Fastship,2026-02-24,2026-02-24,2026-02-24 22:47:22.053204,2026-02-24 11:59:28.656384,0.09105311654869792,-0.24723420687478329,0.818068684635435,-0.04332083358780296,0.8566486332253992,-1.7037076944555556,Delayed,1.0
SHP003034,Ahmedabad,Pune,Fastship,2026-02-24,2026-02-24,2026-02-24 22:02:32.477235,2026-02-24 19:32:56.828355,-0.07791520201509401,0.1786594293334056,-0.22466657289770028,-0.07520599599828973,-0.1200021141768678,0.2837868869795475,In Transit,1.0
SHP001519,Chennai,Mumbai,Fastship,2026-02-24,2026-02-24,2026-02-25 06:02:28.904373,2026-02-25 01:52:43.997082,0.012150809527786029,-0.22816853936266124,0.6409867699094364,0.26617820982993995,0.6879258834268073,-0.11568696483946729,Delivered,5.0
SHP003321,Delhi,Pune,Fastship,2026-02-25,2026-02-25,2026-02-25 07:46:39.854998,2026-02-25 05:52:20.730101,-0.3877778274897942,-0.4489674246024203,-0.817053482304264,-0.6839959016192014,-0.7638199100696778,0.4244857769471759,In Transit,1.0
SHP004861,Hyderabad,Jaipur,Globalline,2026-02-25,2026-02-25,2026-02-25 10:44:07.179526,2026-02-25 12:00:52.260773,-0.7276859073807032,-0.7236485718771151,-0.5150433258337859,-0.5577709220105596,-0.5634433257062347,1.1865849035228957,In Transit,1.0
SHP001004,Lucknow,Lucknow,Ecotrans,2026-02-26,2026-02-25,2026-02-26 09:39:51.608044,2026-02-26 07:03:11.274549,0.4139601507799009,0.6954088691766989,-0.7293972512691996,-0.603479064971692,-0.47989262823482626,0.2555553836293539,Delivered,4.0
SHP003294,Pune,Delhi,Ecotrans,2026-02-26,2026-02-25,2026-02-26 19:40:33.469659,2026-02-26 19:20:01.429371,-0.30950842155393427,-0.22722500201988946,-0.30633525388368404,-0.17619958878013248,-0.3230180960870597,0.7985540911261725,Delivered,5.0
SHP003022,Jaipur,Chennai,Fastship,2026-02-25,2026-02-25,2026-02-26 01:59:20.353022,2026-02-26 04:17:48.966101,1.35666897805578,0.7665001252729947,-0.19248522649100425,0.0932296355672449,-0.24494322751355582,1.350000480688524,Delayed,4.0
SHP004326,Hyderabad,Chennai,Fastship,2026-02-25,2026-02-25,2026-02-25 14:00:56.069133,2026-02-25 12:30:22.768100,-0.6557571284170549,-0.6804720590228244,-0.7332400512689402,-0.41777548505304923,-0.6066227687843488,0.5192694111348705,Delivered,4.0
SHP000161,Kolkata,Hyderabad,Ecotrans,2026-02-25,2026-02-25,2026-02-25 14:19:44.083319,2026-02-25 10:02:03.497503,0.4386586666604933,0.3230040141445365,-0.4387730065615807,-0.4044027765163322,-0.5861778868503998,-0.14730835962946381,Delayed,1.0
SHP001539,Kolkata,Kolkata,Globalline,2026-02-25,2026-02-25,2026-02-25 16:04:11.169567,2026-02-25 16:28:08.077525,-0.566912282508516,-0.49186581383340405,-0.11867954662681986,-0.3301059114350332,-0.16701908257503445,0.9759761560824041,Delayed,1.0
SHP004289,Mumbai,Bangalore,Fastship,2026-02-25,2026-02-25,2026-02-25 15:31:07.950290,2026-02-25 14:44:17.955812,-0.5212274523498016,-0.37435211877748226,-0.2583659999903641,-0.35361715241978187,-0.1538846958584628,0.6936573808899493,Delivered,4.0
SHP003486,Chennai,Hyderabad,Ecotrans,2026-02-25,2026-02-25,2026-02-25 23:48:14.807383,2026-02-25 18:55:06.630656,-0.6878276381578327,-0.49851457895095963,0.5478095063601421,-1.7107797000817242e-05,0.7421518771410146,-0.28874293910378224,Cancelled,3.0
SHP003779,Mumbai,Bangalore,Globalline,2026-02-25,2026-02-25,2026-02-27 05:40:41.647947,2026-02-27 01:45:53.499918,-0.5130482257028991,-0.3004291527332228,1.5611201204073615,1.2749602558490856,1.301105819710899,-2.3754234253671918,Delivered,5.0
SHP004519,Hyderabad,Chennai,Ecotrans,2026-02-25,2026-02-25,2026-02-25 09:37:50.919676,2026-02-25 06:29:50.598766,-0.3348519925290995,-0.48071160840802674,-0.6730462638801232,-0.604909836312452,-1.2042891444755452,0.13058059261910215,In Transit,5.0
SHP004869,Bangalore,Ahmedabad,Ecotrans,2026-02-26,2026-02-25,2026-02-26 19:01:15.522987,2026-02-26 20:20:51.519898,-0.7734434398245928,-0.6557242202524807,-0.46968622914577096,-0.20415325636962112,-0.5391884383911265,1.1979467611706385,Delivered,4.0
SHP000065,Ahmedabad,Bangalore,Ecotrans,2026-02-25,2026-02-25,2026-02-25 08:55:45.489297,2026-02-25 08:16:23.380895,0.4254479270057723,0.9238680812185573,-0.6456846985922473,-0.6348490381575022,-0.8873615141589466,0.7234312337880558,Delivered,5.0
SHP004385,Lucknow,Chennai,Fastship,2026-02-25,2026-02-25,2026-02-25 14:03:35.310603,2026-02-25 08:03:02.914609,-0.13844003041617528,0.1565540793265252,-0.7098407782556427,-0.41588766325506016,-0.7666547128356218,-0.5575880673531961,Cancelled,4.0
SHP000857,Ahmedabad,Hyderabad,Ecotrans,2026-02-27,2026-02-26,2026-02-27 23:02:18.702140,2026-02-27 18:43:34.628575,0.1361752750392125,-0.11556857522454064,0.2212065290363665,-0.03269098066826466,0.42326154451125936,-0.15152879647902995,Delayed,3.0
SHP002641,Mumbai,Mumbai,Globalline,2026-02-27,2026-02-26,2026-02-27 13:25:59.979789,2026-02-27 12:29:07.063846,0.8259995428074292,1.1719852902759762,-0.745472490050813,-0.4426248107239349,-0.5414348855612535,0.6535773338200758,Delayed,3.0
SHP002481,Lucknow,Ahmedabad,Ecotrans,2026-02-26,2026-02-26,2026-02-26 10:36:00.983291,2026-02-26 11:02:55.027635,-0.5580592199733713,-0.47776669076272527,-0.7708239160269437,-0.5635348216334843,-1.2234469544907614,0.9877515449196009,Cancelled,4.0
SHP000088,Pune,Hyderabad,Fastship,2026-02-26,2026-02-26,2026-02-27 13:57:18.761920,2026-02-27 07:51:08.696280,0.07135786471040967,0.4649580965882032,2.5730484658742547,0.6039280058703003,2.805033126824532,-0.580035129021083,Cancelled,4.0
SHP002893,Mumbai,Lucknow,Globalline,2026-02-26,2026-02-26,2026-02-27 15:14:03.560135,2026-02-27 11:48:41.928555,-0.37493003492093585,-0.4580465194193164,0.8509146162635717,0.6585182984172567,0.5226505488311233,0.061358010424319126,Delivered,4.0
SHP000425,Chennai,Hyderabad,Globalline,2026-02-26,2026-02-26,2026-02-27 03:36:47.086253,2026-02-26 21:03:57.110074,0.21913579650621254,-0.07636801863390721,0.13604717921904552,0.16254317822976655,0.05206946105015905,-0.6863914182447659,Delayed,4.0
SHP001282,Delhi,Mumbai,Ecotrans,2026-02-26,2026-02-26,2026-02-26 18:18:05.039330,2026-02-26 21:32:03.027601,-0.661436890621458,-0.7033359575789959,0.4802574839397854,-0.2348636706019656,0.7525989126766031,1.350000480688524,Delivered,3.0
SHP000542,Jaipur,Lucknow,Fastship,2026-02-25,2026-02-26,2026-02-26 17:48:21.156898,2026-02-26 04:56:29.041797,2.262915989101001,1.2110105495525691,1.1434194849659873,0.7682679317158748,1.3877741120117308,-2.1982068890430444,In Transit,3.0
SHP004851,Hyderabad,Lucknow,Ecotrans,2026-02-27,2026-02-26,2026-02-27 13:22:05.006172,2026-02-27 13:52:01.033019,1.0717947423293026,0.4752482915921882,-0.605223301852635,-0.44541044385572914,-0.4643339263453467,0.999849086157635,Delivered,3.0
SHP000277,Lucknow,Bangalore,Globalline,2026-02-26,2026-02-26,2026-02-26 20:51:42.441143,2026-02-26 17:21:37.212387,1.0251846773981592,1.7135607039897347,0.23709165993995032,-0.12559055200998184,0.25557127856951645,0.04250549177503987,In Transit,2.0
SHP000952,Ahmedabad,Jaipur,Fastship,2026-02-25,2026-02-26,2026-02-26 02:11:41.759205,2026-02-26 02:00:40.579005,-0.6035805702272679,-0.4404548516672475,0.24554001215202637,0.10201907183139003,0.5571042864063815,0.8365028133488124,Delayed,3.0
SHP003164,Mumbai,Jaipur,Globalline,2026-02-26,2026-02-26,2026-02-26 20:04:16.368133,2026-02-26 19:44:28.980322,-0.8239769692678859,-0.7949430688485432,-0.057574330458610094,-0.1593310007625355,-0.045856654236002395,0.8015224269440827,Delivered,4.0
SHP004436,Bangalore,Kolkata,Globalline,2026-02-26,2026-02-26,2026-02-26 15:29:41.417221,2026-02-26 13:10:01.932040,0.1439242296330368,-0.1462086546932128,-0.5742812066752954,-0.3546430096541133,-0.6543857700447914,0.32341770210945825,Cancelled,4.0
SHP001962,Bangalore,Delhi,Ecotrans,2026-02-25,2026-02-26,2026-02-26 08:58:20.030235,2026-02-26 08:04:44.391069,-0.18802469713221306,-0.3582102862987025,0.29752648593899567,0.39126274568610014,0.2990122410330174,0.6666915832985761,Cancelled,5.0
SHP002257,Delhi,Pune,Ecotrans,2026-02-26,2026-02-26,2026-02-27 00:10:04.761974,2026-02-26 13:57:46.992373,-0.5564873367465389,-0.5592277242451346,-0.17416566120459526,0.015512520427600101,-0.07688023078973305,-1.5617388901748475,Delayed,3.0
SHP002218,Jaipur,Jaipur,Globalline,2026-02-26,2026-02-26,2026-02-27 06:45:33.413495,2026-02-26 15:51:52.868074,-0.817066116834108,-0.7950915760267865,0.05483053962552912,0.2968177954131722,0.16022577957894346,-2.3754234253671918,Cancelled,4.0
SHP003067,Jaipur,Ahmedabad,Ecotrans,2026-02-27,2026-02-26,2026-02-27 12:42:05.587110,2026-02-27 13:03:07.258563,1.0930014726027963,1.4041268741126363,-0.2599763873255924,-0.47385577031940085,-0.2555870736714513,0.9643270644900852,Delayed,3.0
SHP002127,Ahmedabad,Pune,Ecotrans,2026-02-25,2026-02-26,2026-02-26 12:54:22.199963,2026-02-26 03:21:42.371218,-0.6575957620788656,-0.6467863310270401,1.242312534148464,0.5591565278625832,0.8935118635269962,-1.4036619482005632,In Transit,5.0
SHP002866,Bangalore,Chennai,Fastship,2026-02-28,2026-02-27,2026-02-28 14:05:55.378167,2026-02-28 08:52:52.384341,1.0330236437380715,0.919407488237464,-0.762799242674168,-0.41422714982149067,-0.8371436218766013,-0.36817007571735416,Delivered,4.0
SHP001699,Hyderabad,Jaipur,Ecotrans,2026-02-27,2026-02-27,2026-02-28 03:53:53.408050,2026-02-27 19:05:42.491496,-0.3081004880904026,-0.07365502895233945,1.2987549641944658,0.17471031444092136,1.401947030558642,-1.2262422800508492,In Transit,5.0
SHP002462,Delhi,Lucknow,Ecotrans,2026-02-27,2026-02-27,2026-02-27 07:40:21.636391,2026-02-27 06:51:49.024088,0.4863443686391836,0.25650444888591123,-1.1273891755977314,-0.688479716848176,-1.2615518084137163,0.6868357175474308,Cancelled,3.0
SHP004640,Mumbai,Chennai,Fastship,2026-02-28,2026-02-27,2026-02-28 08:12:06.967796,2026-02-28 05:02:40.151779,-0.44732635693409295,-0.20458716916925754,-0.6810973035129123,-0.6658918435245018,-0.27997882478300173,0.12483070948983971,Delayed,4.0
SHP001992,Bangalore,Chennai,Ecotrans,2026-02-28,2026-02-27,2026-03-01 03:29:06.446543,2026-02-28 22:54:24.606994,-0.39838810207222863,-0.49366547788609866,0.02518701520371615,0.1570822534766196,0.09393614928200987,-0.21519762890423416,Cancelled,4.0
SHP001012,Jaipur,Delhi,Ecotrans,2026-02-28,2026-02-27,2026-03-01 05:59:17.528979,2026-02-28 22:45:22.712107,-0.06980687821700741,-0.17831767300814946,0.347258984528834,0.2639094375079023,-0.27997882478300173,-0.8502451483407407,Delivered,4.0
SHP004815,Ahmedabad,Chennai,Fastship,2026-02-27,2026-02-27,2026-02-27 20:51:32.418711,2026-02-27 17:14:41.783108,-0.10253646101893914,-0.33266204038185343,-0.2436253492874924,-0.12570936882932113,-0.286704532137858,0.015555504996564513,In Transit,1.0
SHP001753,Bangalore,Pune,Globalline,2026-02-27,2026-02-27,2026-02-27 08:53:06.413827,2026-02-27 05:48:43.896355,-0.48036069343875043,-0.3244018318831255,-1.0191016147000311,-0.6367348920016679,-1.2806956597401558,0.14505938057703346,Cancelled,4.0
SHP002171,Mumbai,Hyderabad,Fastship,2026-02-28,2026-02-27,2026-03-01 05:18:09.317558,2026-03-01 04:38:50.955446,0.6670421127372371,0.17453538614943886,0.491670638564051,0.23464857149813656,0.7228736660744082,0.7236802736518754,Cancelled,3.0
SHP004333,Bangalore,Kolkata,Fastship,2026-02-27,2026-02-27,2026-02-27 15:23:17.655565,2026-02-27 17:21:34.660665,-0.2793331011727128,-0.4022746684791076,-0.08390679692672351,-0.35919253822507996,-0.1329130450274387,1.350000480688524,Delivered,3.0
SHP002880,Jaipur,Jaipur,Fastship,2026-02-28,2026-02-27,2026-02-28 19:32:48.581117,2026-02-28 19:31:43.024353,-0.26900448331842797,-0.2905464971441855,0.3629259354663842,-0.18171088380633474,0.3967112912957229,0.8760977137406898,In Transit,4.0
SHP000004,Chennai,Lucknow,Fastship,2026-02-28,2026-02-27,2026-02-28 09:51:30.232522,2026-02-28 05:53:41.362643,-0.5689408217182638,-0.552449115201713,-0.8477984602390771,-0.5951968096234903,-0.7323765548538331,-0.06808737709423686,In Transit,5.0
SHP003406,Mumbai,Pune,Ecotrans,2026-02-27,2026-02-27,2026-02-27 20:06:35.842705,2026-02-27 14:36:08.450213,-0.5117377873711741,-0.4598113441357652,0.1941934803820703,-0.1576775173002784,-0.03775189113248719,-0.43759793676223013,Delayed,3.0
SHP004363,Delhi,Chennai,Globalline,2026-02-27,2026-02-27,2026-02-27 11:47:38.878851,2026-02-27 10:08:18.901991,-0.26911287985392834,-0.29896907039197573,-0.5357534326842257,-0.5125828873725411,-0.8903914348537152,0.48425789941713043,Delivered,1.0
SHP004961,Jaipur,Delhi,Ecotrans,2026-02-28,2026-02-27,2026-03-01 03:15:36.333560,2026-03-01 07:27:28.444817,0.23124117177358602,-0.13221106773740093,0.3294658728936243,0.14747829198756357,0.35467625523471613,1.350000480688524,Cancelled,2.0
SHP002086,Hyderabad,Ahmedabad,Globalline,2026-02-27,2026-02-27,2026-02-27 15:48:02.732598,2026-02-27 13:13:28.126469,-0.1629889019202484,0.060441488926838205,-0.5949892738402108,-0.3415868178781629,-0.6338383361885157,0.26391328600931213,In Transit,4.0
SHP004201,Bangalore,Lucknow,Ecotrans,2026-02-27,2026-02-27,2026-02-28 14:30:06.889729,2026-02-27 19:00:19.123551,-0.32371682569261734,-0.29390836257414676,0.8570119149622231,0.6272603361538491,0.8020116038933531,-2.3754234253671918,Delivered,3.4301601423487544
SHP000183,Kolkata,Lucknow,Globalline,2026-02-27,2026-02-27,2026-02-27 13:51:46.380074,2026-02-27 17:06:08.056157,-0.3016940640533087,-0.40165553226311823,-0.34589953475283053,-0.42429209774716253,-0.38082790639851183,1.350000480688524,Delayed,4.0
SHP001493,Delhi,Lucknow,Fastship,2026-02-28,2026-02-28,2026-02-28 08:48:09.421136,2026-02-28 09:03:08.665667,-0.5396969185882134,-0.5305543501970139,-0.9109563273244755,-0.6402557667840483,-0.6938306472324756,0.9402342282976478,Delivered,3.4301601423487544
SHP001963,Pune,Delhi,Ecotrans,2026-02-28,2026-02-28,2026-03-01 05:16:19.429336,2026-02-28 23:03:57.332392,-0.6721559230149632,-0.57467356205735,0.1640808901865527,0.23334583685865062,0.025285292871395287,-0.604766429930707,Delivered,3.4301601423487544
SHP003316,Chennai,Pune,Ecotrans,2026-02-28,2026-02-28,2026-02-28 03:00:45.196818,2026-02-28 02:32:48.167031,1.0577949144475862,1.3371280884309085,-1.375862009369901,-0.8873659006414514,-1.104043569732991,0.7689727922325936,Delivered,5.0
SHP003970,Ahmedabad,Kolkata,Ecotrans,2026-03-01,2026-02-28,2026-03-01 22:42:50.763038,2026-03-01 12:53:55.347273,-0.656912871971867,-0.7016559873447372,-0.19128799195244897,-0.04653700264609822,-0.4656184007612525,-1.4685154589017586,Delayed,4.0
SHP002547,Chennai,Hyderabad,Fastship,2026-02-28,2026-02-28,2026-02-28 09:22:02.611294,2026-02-28 07:36:39.169052,-0.5372159725738956,-0.608192098779853,-0.688602080181705,-0.6161521165529875,-0.6663900094378528,0.4600960301447707,In Transit,4.0
SHP000070,Chennai,Jaipur,Ecotrans,2026-02-28,2026-02-28,2026-02-28 14:48:43.874182,2026-02-28 17:57:41.963335,-0.017319413280178587,-0.18764804616242411,-0.7851154896124661,-0.38377740103722796,-0.3527702566206695,1.350000480688524,Delayed,5.0
SHP002267,Hyderabad,Delhi,Globalline,2026-02-28,2026-02-28,2026-02-28 15:53:37.063039,2026-02-28 14:16:15.837850,3.066970923480594,3.1263493601127417,-0.5504202466664541,-0.33762330075167846,-0.37926221990281284,0.4921520827222581,Delivered,3.0
SHP004193,Delhi,Ahmedabad,Fastship,2026-02-28,2026-02-28,2026-03-01 00:56:54.149968,2026-02-28 22:18:47.317117,0.7899320115729734,0.3833383495737105,0.10074540640029878,0.04881806505772143,0.09860165570767328,0.2498052180418778,Delayed,5.0
SHP002119,Jaipur,Ahmedabad,Fastship,2026-02-28,2026-02-28,2026-03-01 00:40:56.504678,2026-02-28 13:45:28.032806,-0.7950777752876143,-0.6667177474003454,-0.05732185175747347,0.03746509493843325,0.22285948207725803,-1.7339594445810638,Delivered,4.0
SHP000400,Lucknow,Kolkata,Ecotrans,2026-02-28,2026-02-28,2026-02-28 16:17:31.946042,2026-02-28 17:18:16.660812,-0.5458377427619616,-0.38683086159236646,-0.4411511256997951,-0.32061263508410875,-0.4578102469970675,1.1227431996908905,In Transit,5.0
SHP002523,Jaipur,Bangalore,Fastship,2026-03-01,2026-02-28,2026-03-01 12:51:10.581655,2026-03-01 08:43:48.831208,-0.11677330125646028,0.11999347697433921,-0.7848732201335197,-0.4673948115010859,-0.5542044605927854,-2.3754234253671918,Delayed,5.0
SHP002831,Lucknow,Delhi,Fastship,2026-02-28,2026-02-28,2026-02-28 19:11:48.643056,2026-02-28 16:55:26.983822,-0.15636214750571556,-0.032921673057362946,0.2630441517237483,-0.19664756161123742,0.20023090137160499,0.336568458431266,Delivered,3.4301601423487544
SHP002387,Lucknow,Bangalore,Globalline,2026-02-28,2026-02-28,2026-02-28 15:43:54.109981,2026-02-28 13:12:16.978279,-0.600370334855644,-0.6444133504365922,-0.28345360896483046,-0.3445342611203273,-0.27997882478300173,0.27571114659445267,Cancelled,4.0
SHP003609,Jaipur,Jaipur,Ecotrans,2026-02-28,2026-02-28,2026-03-01 00:38:42.154264,2026-02-28 17:00:59.099290,-0.694989726603818,-0.6758697746708544,0.6718939651515682,0.0358723588284597,0.2622104095789986,-0.9451892723737882,Cancelled,5.0
SHP004185,Jaipur,Lucknow,Ecotrans,2026-02-28,2026-02-28,2026-02-28 12:42:42.236003,2026-02-28 09:19:17.779475,-0.16658865276001833,0.11805923594455438,-0.38495426577451597,-0.47342129443386627,-0.27997882478300173,0.06914738577783201,In Transit,4.0
SHP001620,Delhi,Mumbai,Fastship,2026-03-01,2026-02-28,2026-03-01 19:29:25.207013,2026-03-01 18:55:35.354754,-0.7899704747889198,-0.682234678744424,-0.3834193015187454,-0.1841219018953786,-0.42904420866772847,0.7455184252777379,Delivered,3.0
SHP001405,Delhi,Kolkata,Fastship,2026-02-28,2026-02-28,2026-03-01 02:45:04.258521,2026-02-28 23:49:11.221358,-0.09943428589270768,-0.3621563769459259,0.08140174279647236,0.12575887939308483,0.29215779211419246,0.17892779620209948,Delivered,2.0
SHP001227,Ahmedabad,Kolkata,Ecotrans,2026-03-01,2026-02-28,2026-03-02 07:41:21.093045,2026-03-02 01:16:13.041979,0.5692472479404516,0.09783669077409429,0.5069743896328244,0.3365048343383384,0.7698520668555259,-0.6556843007401725,In Transit,1.0
SHP000556,Chennai,Jaipur,Fastship,2026-03-02,2026-03-01,2026-03-04 07:26:53.229427,2026-03-03 14:17:20.517100,-0.3767697419797533,-0.20073069662880744,2.0368009109175187,1.3504959211910514,1.8958242349778134,-2.3754234253671918,Delivered,5.0
SHP000750,Chennai,Kolkata,Ecotrans,2026-03-02,2026-03-01,2026-03-02 06:43:38.591422,2026-03-02 04:39:49.104880,0.29260863760185674,0.7991970293311622,-1.0793142103941193,-0.7288231177377289,-1.092294960450371,0.38657018941961874,In Transit,3.0
SHP001950,Delhi,Pune,Globalline,2026-03-01,2026-03-01,2026-03-01 10:52:22.125680,2026-03-01 09:34:10.884030,-0.10998870382568235,-0.2957984719886775,-0.5660305993575869,-0.5519032913224943,-0.8238971886537904,0.5685988457724005,Cancelled,4.0
SHP000685,Hyderabad,Pune,Fastship,2026-03-01,2026-03-01,2026-03-01 06:04:35.523928,2026-03-01 06:13:00.175934,-0.2729800847038037,-0.43463434646345633,-1.1975978133084177,-0.7566003913521292,-1.1305657946199674,0.9140031386889536,Delayed,3.4301601423487544
SHP001397,Mumbai,Hyderabad,Ecotrans,2026-03-02,2026-03-01,2026-03-02 11:18:07.142348,2026-03-02 09:25:18.123331,-0.4595171829405631,-0.3468577847881334,-0.585571850736242,-0.533586981257501,-0.27997882478300173,0.43047569125827506,Delayed,3.4301601423487544
SHP003485,Hyderabad,Lucknow,Globalline,2026-03-01,2026-03-01,2026-03-01 21:14:57.595687,2026-03-01 16:09:33.413352,-0.28605347982512414,0.027740516942502638,0.6100271520965524,-0.10905087076163214,0.49852055260121364,-0.3376699405870202,Cancelled,3.0
SHP000164,Chennai,Kolkata,Ecotrans,2026-03-01,2026-03-01,2026-03-02 07:24:34.395780,2026-03-02 07:58:42.994396,-0.01779644877949831,-0.2528341662443788,0.23503974970466035,0.32457034869483137,0.38552413525281787,1.0166391475133727,Cancelled,3.4301601423487544
SHP002574,Ahmedabad,Ahmedabad,Globalline,2026-03-01,2026-03-01,2026-03-01 09:52:39.300521,2026-03-01 07:57:47.261160,-0.6427535560713561,-0.6877508597011911,-0.7083658430987295,-0.5943780023514843,-0.5530798069612681,0.42229774194928493,Delayed,2.0
SHP001403,Bangalore,Bangalore,Globalline,2026-03-01,2026-03-01,2026-03-02 17:36:58.581944,2026-03-02 10:28:13.156891,1.4270224231229898,0.9312216293207347,1.4996801182965314,0.7601759449009923,1.5965832448489816,-0.8296778947456911,Delivered,3.0
SHP003199,Mumbai,Kolkata,Fastship,2026-03-02,2026-03-02,2026-03-02 17:04:39.989710,2026-03-02 15:52:06.541468,0.35746480294105204,0.1549116221566489,-0.3516238177845619,-0.28708592577289543,-0.14675158748443523,0.5910541346922152,Delivered,3.0
SHP000230,Delhi,Chennai,Fastship,2026-03-01,2026-03-02,2026-03-02 14:59:12.714019,2026-03-02 01:20:11.035035,-0.5960350194812525,-0.5263896642581792,1.8121750482290635,0.6479572384476718,1.8013158978594677,-2.3754234253671918,In Transit,3.4301601423487544
SHP001323,Lucknow,Ahmedabad,Fastship,2026-03-02,2026-03-02,2026-03-04 03:16:32.132744,2026-03-03 08:02:00.747873,-0.6729302490605187,-0.64669182767852,1.6348440601647132,1.1724194835488546,1.7374214280056095,-2.3754234253671918,Cancelled,5.0
SHP003176,Delhi,Bangalore,Globalline,2026-03-02,2026-03-02,2026-03-02 11:52:29.473025,2026-03-02 10:30:34.612543,-0.635717792739748,-0.5845314873610031,-0.45674533559204983,-0.5091378675942236,-0.2737882279070664,0.5537334713703295,Delivered,3.0
SHP004433,Lucknow,Jaipur,Fastship,2026-03-02,2026-03-02,2026-03-02 23:44:17.024397,2026-03-02 18:36:27.995128,-0.2549518590463414,-0.2216817652323599,0.6215482258589794,-0.0028360462531881814,0.5214196939517056,-0.3472988429725851,In Transit,3.4301601423487544
SHP004151,Lucknow,Mumbai,Globalline,2026-03-03,2026-03-02,2026-03-03 10:49:12.020095,2026-03-03 09:42:20.008803,-0.6459628612469608,-0.6732223897844942,-0.8712313426578134,-0.5541570099409948,-1.3258740709468528,0.6137516331589418,In Transit,4.0
SHP000677,Lucknow,Bangalore,Ecotrans,2026-03-02,2026-03-02,2026-03-03 08:22:08.060258,2026-03-03 02:07:15.156764,-0.711802560173412,-0.7395408116837235,0.7610744759021493,0.3655138483567227,0.7511251793527375,-0.614791506119436,Delivered,3.0
SHP003999,Kolkata,Mumbai,Globalline,2026-03-02,2026-03-02,2026-03-02 11:01:18.034395,2026-03-02 07:56:34.192173,-0.5504270164460723,-0.285818270904706,-0.9466794463072019,-0.5455500458202939,-0.7768439880693693,0.14364178801586427,Delivered,2.0
SHP004725,Delhi,Kolkata,Ecotrans,2026-03-02,2026-03-02,2026-03-02 18:50:55.318689,2026-03-02 14:06:10.122066,-0.23987060734491866,-0.17521754669819972,-0.0910871875566354,-0.21150583349625537,0.08146488398547747,-0.25530663369121953,Cancelled,4.0
SHP004891,Pune,Pune,Fastship,2026-03-01,2026-03-02,2026-03-02 07:35:42.828261,2026-03-02 00:25:06.311668,0.13427945760572346,-0.029448486310781872,1.2023097998725425,0.33249467522242226,1.0543544499362452,-0.8370628601362744,Delayed,2.0
SHP000719,Lucknow,Kolkata,Ecotrans,2026-03-02,2026-03-02,2026-03-02 13:34:57.050691,2026-03-02 07:35:36.771331,1.362985895562406,1.1585590277646607,-0.7849022968342899,-0.43625778739592086,-0.7939119207052086,-0.5527940133129393,Delivered,2.0
SHP003416,Lucknow,Bangalore,Ecotrans,2026-03-02,2026-03-02,2026-03-02 13:01:01.125289,2026-03-02 07:47:59.457898,1.408035808067335,0.7946098385632552,-0.44568033181326266,-0.4603938641773709,-0.42913952145362017,-0.36808189909681327,In Transit,5.0
SHP002904,Jaipur,Kolkata,Globalline,2026-03-02,2026-03-02,2026-03-03 17:45:33.334814,2026-03-03 08:55:00.118270,-0.7401856471385956,-0.66420466981207,1.2762563701174063,0.7662783859782789,1.3434626432606713,-1.2357018707742322,Delivered,3.4301601423487544
SHP003902,Lucknow,Chennai,Fastship,2026-03-02,2026-03-02,2026-03-03 11:17:59.328883,2026-03-03 06:19:54.504223,-0.755011696326096,-0.7610228506956485,1.2358180871905506,0.49060007668853467,0.9815718469863673,-0.30846302506526097,Delivered,4.0
SHP001372,Bangalore,Kolkata,Globalline,2026-03-02,2026-03-02,2026-03-03 00:13:31.164619,2026-03-02 19:29:01.554184,-0.5849307718387117,-0.6194505321397092,0.2540811898559011,0.017959442153029997,-0.27997882478300173,-0.25427052005960427,Delivered,4.0
SHP004243,Ahmedabad,Hyderabad,Fastship,2026-03-03,2026-03-02,2026-03-03 06:54:56.846265,2026-03-03 06:00:36.820884,-0.8160945281250048,-0.8013975794566134,-1.1503723065758034,-0.7207823462274205,-1.3131479789548608,0.6637409476192616,Delivered,4.0
SHP000118,Bangalore,Jaipur,Ecotrans,2026-03-03,2026-03-03,2026-03-03 19:29:21.475170,2026-03-03 14:51:16.128377,0.4025467152176724,-0.014933466117707746,-0.425608748817224,-0.18416614322658914,-0.836500744193678,-0.2287260573846837,Cancelled,2.0
SHP000061,Chennai,Jaipur,Globalline,2026-03-03,2026-03-03,2026-03-03 21:33:47.025076,2026-03-04 00:50:30.442461,0.662443305150022,0.5729451117164217,-0.4059665922106184,-0.09566138485890469,-0.27997882478300173,1.350000480688524,In Transit,5.0
SHP003119,Hyderabad,Pune,Fastship,2026-03-02,2026-03-03,2026-03-04 17:45:16.770558,2026-03-05 01:21:27.171780,0.40752659346558917,-0.046092641099470553,2.353459348015682,1.7903617025140357,2.3908581347069506,1.350000480688524,Cancelled,5.0
SHP000113,Ahmedabad,Pune,Ecotrans,2026-03-03,2026-03-03,2026-03-04 09:45:41.772702,2026-03-04 11:45:45.915335,-0.8048323960794216,-0.7280951529031049,0.5676686752635521,0.4249518554707854,0.6047406775628353,1.350000480688524,In Transit,3.4301601423487544
SHP000066,Hyderabad,Ahmedabad,Fastship,2026-03-04,2026-03-03,2026-03-04 09:15:49.281578,2026-03-04 06:41:39.149975,1.1038294861394304,1.7947448165204543,-1.0401501145781908,-0.6205779735585647,-0.9184216247916563,0.2655402643324222,In Transit,4.0
SHP000026,Lucknow,Lucknow,Ecotrans,2026-03-03,2026-03-03,2026-03-03 10:34:21.050228,2026-03-03 09:38:41.779405,0.1658288381237015,0.49269025029209945,-0.9134769434903344,-0.5647195369885124,-0.9164464484270713,0.6584729961034984,Delivered,3.0
SHP002067,Jaipur,Chennai,Fastship,2026-03-04,2026-03-03,2026-03-04 12:24:20.804314,2026-03-04 07:12:57.752010,2.718677321904224,4.132937108000003,-0.6847686324909631,-0.48647886510614224,-0.48414596908107055,-0.3615263233573434,Delivered,1.0
SHP000146,Jaipur,Hyderabad,Ecotrans,2026-03-03,2026-03-03,2026-03-03 17:26:39.414244,2026-03-03 15:08:26.622720,0.36526378696505857,0.9525458486709615,0.06689107955856523,-0.2714440305361584,0.12101789158396817,0.32918078412747764,Cancelled,4.0
SHP003581,Hyderabad,Hyderabad,Fastship,2026-03-03,2026-03-03,2026-03-03 13:35:31.092628,2026-03-03 09:40:59.176630,-0.32782546593429307,-0.41602591000334005,-0.7658445866395508,-0.43585421720210776,-0.7212907973117393,-0.05499459257863792,Delivered,5.0
SHP003466,Hyderabad,Ahmedabad,Ecotrans,2026-03-04,2026-03-03,2026-03-04 01:15:32.329064,2026-03-04 00:59:26.841496,-0.5415055585755812,-0.4914095456464487,-0.649675262210378,-0.9622055095435156,-0.6279314775137902,0.816273555740362,Delivered,3.0
SHP002217,Hyderabad,Kolkata,Fastship,2026-03-03,2026-03-03,2026-03-03 19:03:07.969686,2026-03-03 18:40:11.972660,-0.4611566607994826,-0.372359184616292,0.07828524573558666,-0.20282019074252558,0.42658972598001377,0.7889843657639058,Delivered,2.0
SHP003288,Mumbai,Delhi,Ecotrans,2026-03-05,2026-03-04,2026-03-06 00:23:11.050611,2026-03-05 20:14:22.667015,0.4886224202539739,0.20189164980586838,0.6400442845852472,0.024834042172781404,0.5847157892479589,-0.1119294732129864,In Transit,4.0
SHP000658,Chennai,Lucknow,Fastship,2026-03-03,2026-03-04,2026-03-13 11:24:28.907741,2026-03-12 16:57:32.005655,-0.17448670587005918,-0.07674613774102584,0.8609908285765747,9.713735754119686,0.9975117798547137,-2.3754234253671918,Delivered,1.0
SHP002671,Delhi,Pune,Globalline,2026-03-04,2026-03-04,2026-03-04 04:50:45.537488,2026-03-04 02:39:54.694181,0.014465244075443119,-0.2801451003266641,-1.1598951857818522,-0.8091182747502336,-0.9118647992728631,0.3585599095494043,Delivered,4.0
SHP001186,Delhi,Lucknow,Globalline,2026-03-04,2026-03-04,2026-03-04 05:10:24.810445,2026-03-04 04:11:26.720643,-0.21674042449511038,-0.4088327161942987,-1.0386293922881205,-0.7951378889155116,-1.0443778797662253,0.6452562265915619,Delivered,3.0
SHP003908,Chennai,Jaipur,Globalline,2026-03-02,2026-03-04,2026-03-04 10:19:35.959934,2026-03-04 05:20:53.351066,0.2971735583896246,0.8921893954576691,2.0840233311300107,1.4733470133600841,1.9554127472590923,-0.31097478310183707,Delivered,4.0
SHP002007,Mumbai,Kolkata,Ecotrans,2026-03-04,2026-03-04,2026-03-05 03:14:36.365610,2026-03-04 14:39:29.498705,-0.06605489162842705,0.01621971598978471,0.9825640156108529,0.14676736660587186,0.8867033998965221,-2.131381610210775,Cancelled,4.0
SHP000876,Kolkata,Chennai,Fastship,2026-03-04,2026-03-04,2026-03-04 18:51:03.587067,2026-03-04 14:55:50.761255,-0.6629210523569931,-0.6995797206112724,-0.0503593780847574,-0.21140781114177887,0.16355851673402674,-0.057714129642622986,Delivered,4.0
SHP003641,Jaipur,Bangalore,Fastship,2026-03-04,2026-03-04,2026-03-04 14:17:09.622983,2026-03-04 11:10:34.256420,-0.6443131973235884,-0.6072529047215627,-0.742966472523583,-0.40623391753870547,-0.6418095279102966,0.1362280515738939,Delivered,3.4301601423487544
SHP002711,Lucknow,Delhi,Globalline,2026-03-05,2026-03-04,2026-03-06 02:51:22.127200,2026-03-05 18:27:11.079108,-0.13789986199467982,-0.2593205492211099,0.1626436373063527,0.13023854620082112,-0.15216133161715253,-1.1305250115814205,Delayed,4.0
SHP003521,Mumbai,Delhi,Ecotrans,2026-03-04,2026-03-04,2026-03-04 09:59:46.224045,2026-03-04 05:24:56.578781,0.9343797968070351,0.9112338998448899,-0.5136712570196018,-0.5893167859930786,-0.7550109430435678,-0.2157165247186567,Delivered,3.4301601423487544
SHP001979,Chennai,Bangalore,Ecotrans,2026-03-05,2026-03-04,2026-03-05 17:15:13.637560,2026-03-05 15:55:22.396684,-0.14021103713252725,-0.3539270666842761,-0.5867001311801835,-0.2795739741371608,-0.7772970743512242,0.5619512574583388,Cancelled,5.0
SHP003630,Jaipur,Kolkata,Ecotrans,2026-03-06,2026-03-05,2026-03-06 12:10:01.162942,2026-03-06 08:55:31.466197,-0.4264363434230598,-0.38638899656900827,-0.7868215223954028,-0.4966699900536349,-0.7698671669357012,0.10469628976935828,In Transit,5.0
SHP002494,Mumbai,Delhi,Fastship,2026-03-05,2026-03-05,2026-03-05 18:19:36.961480,2026-03-05 16:42:11.571574,-0.6380625759089504,-0.6908209907191346,-0.09647436182984077,-0.23377392533162866,0.14212977713605648,0.4918752273387915,Delayed,3.0
SHP001808,Pune,Pune,Fastship,2026-03-05,2026-03-05,2026-03-06 20:51:00.348563,2026-03-06 17:53:26.587306,0.1392710487410702,-0.0211698024892036,1.645785938608073,0.8981901239726001,1.8158144647351309,0.17223202127461312,Delivered,1.0
SHP004754,Mumbai,Ahmedabad,Globalline,2026-03-05,2026-03-05,2026-03-05 20:50:46.056639,2026-03-05 19:14:29.168162,-0.458648819984995,-0.584292885245029,-0.24800582694977188,-0.12625899532560197,-0.05851099834931142,0.4964289555738174,Delivered,4.0
SHP000133,Hyderabad,Ahmedabad,Ecotrans,2026-03-05,2026-03-05,2026-03-05 23:45:02.454283,2026-03-05 19:24:33.843832,0.5429960452766823,0.15235383948208164,-0.13686025982108319,-0.002297470911767673,-0.10655797133171238,-0.15847803208373326,In Transit,3.0
SHP004219,Delhi,Bangalore,Fastship,2026-03-04,2026-03-05,2026-03-04 23:15:15.812959,2026-03-05 00:07:10.956576,-0.5634706926927702,-0.6375602627342831,-0.2916366649949312,-0.02347826277351511,-0.1540383386077316,1.087539217130596,In Transit,5.0
SHP004629,Chennai,Mumbai,Ecotrans,2026-03-05,2026-03-05,2026-03-05 07:08:32.403471,2026-03-05 07:39:18.062576,0.01652127401518024,0.05044723985631422,-1.053205965537713,-0.7111138429862255,-0.9503927865333072,1.0031484598776004,Delivered,3.0
SHP003338,Bangalore,Jaipur,Fastship,2026-03-06,2026-03-05,2026-03-07 01:32:09.026512,2026-03-06 16:27:30.053063,-0.5252702230260148,-0.4649213216972852,0.25758050892124074,0.07389011465006723,-0.01614055636517199,-1.2919247431214138,Delivered,1.0
SHP001761,Pune,Hyderabad,Ecotrans,2026-03-05,2026-03-05,2026-03-05 11:25:24.569204,2026-03-05 10:09:37.446461,-0.7545480780450081,-0.7526838151807486,-0.9188782275940243,-0.5284012469539636,-1.0937596769718936,0.5781793515456005,Delivered,4.0
SHP004298,Lucknow,Delhi,Fastship,2026-03-05,2026-03-05,2026-03-05 11:50:27.201611,2026-03-05 08:27:26.677632,-0.7996579418365364,-0.7558066004679889,-0.8920266451567215,-0.5105874060811303,-1.0075673313824092,-2.0632934750902705,Delayed,3.0
SHP001191,Jaipur,Ahmedabad,Fastship,2026-03-06,2026-03-05,2026-03-06 04:02:08.353639,2026-03-06 03:36:53.737850,-0.48643560410614833,-0.2945373031036379,-1.1538595773341709,-0.8437017488233065,-1.1994671091851579,0.7797694897504807,In Transit,5.0
SHP000975,Ahmedabad,Pune,Fastship,2026-03-05,2026-03-05,2026-03-05 07:55:53.692860,2026-03-05 06:14:46.769334,-0.5686022785822835,-0.5557498887663577,-1.1575042533835862,-0.6774301044816475,-1.2103694794732818,0.4771484703188546,Delivered,4.0
SHP004233,Ahmedabad,Ahmedabad,Fastship,2026-03-03,2026-03-05,2026-03-13 00:12:10.094237,2026-03-12 14:18:44.119569,-0.0400612971629322,-0.18906588360404303,0.3524656514465652,9.235515530959564,0.6977916949818038,-1.4865012401301865,In Transit,3.0
SHP003040,Ahmedabad,Hyderabad,Ecotrans,2026-03-05,2026-03-05,2026-03-05 10:39:50.081207,2026-03-05 07:48:26.992904,0.5511922793065529,0.8549050726239426,-0.8371848572477452,-0.5608188454595493,-0.9425095361022113,0.196873023969465,In Transit,4.0
SHP003853,Pune,Delhi,Globalline,2026-03-05,2026-03-05,2026-03-05 20:56:27.609986,2026-03-05 20:55:54.322041,-0.8339446335888705,-0.8033888235162981,-0.19219576602303592,-0.1222098499988047,0.06371821272877481,0.8782428285848085,Delivered,5.0
SHP002952,Jaipur,Pune,Ecotrans,2026-03-07,2026-03-06,2026-03-08 02:26:17.595973,2026-03-07 21:07:09.500535,1.0489130759640366,0.7652445143450856,0.36942605917676646,0.11240219464943792,0.5006691795566524,-0.39244071566586985,Delivered,1.0
SHP002777,Delhi,Hyderabad,Ecotrans,2026-03-06,2026-03-06,2026-03-06 13:02:39.910653,2026-03-06 14:28:03.771590,0.2790927395752966,-0.08635819319622037,-0.22988772597081394,-0.4592227548953521,-0.10294466533473293,1.221071508497383,In Transit,3.4301601423487544
SHP003825,Jaipur,Bangalore,Fastship,2026-03-06,2026-03-06,2026-03-06 14:37:11.839988,2026-03-06 13:33:48.742621,1.9729375171596883,2.411927184075369,-0.6118354519090505,-0.3919815279773855,-0.39184165335087445,0.6276394783156108,Delivered,2.0
SHP001587,Hyderabad,Ahmedabad,Fastship,2026-03-06,2026-03-06,2026-03-06 07:20:54.447210,2026-03-06 06:23:58.546175,-0.0979186930265368,-0.3594230410420963,-0.9686380343704009,-0.7023168484472562,-0.8283711211172885,0.6533788956572083,Delivered,1.0
SHP000747,Mumbai,Chennai,Fastship,2026-03-06,2026-03-06,2026-03-06 14:27:49.859365,2026-03-06 11:39:49.516580,-0.567364831830508,-0.46925079366477035,-0.691565869947329,-0.39864385826782966,-0.4329891325670054,0.21035081564942423,Delivered,3.4301601423487544
SHP003405,Ahmedabad,Ahmedabad,Fastship,2026-03-07,2026-03-06,2026-03-08 01:06:24.263467,2026-03-07 20:09:42.566911,0.5492744368883775,0.8025114999018471,1.2323566124034462,0.05557681130656585,1.3001093687487877,-0.3029369681663758,Delayed,3.4301601423487544
SHP000214,Bangalore,Jaipur,Ecotrans,2026-03-06,2026-03-06,2026-03-06 09:35:38.793740,2026-03-06 05:52:46.007204,-0.18613906253643314,-0.30156565421462356,-0.7176495962633332,-0.6064762010415777,-0.8376634635833263,-0.00851898444135679,Delivered,1.0
SHP001439,Kolkata,Kolkata,Fastship,2026-03-06,2026-03-06,2026-03-06 17:18:47.734361,2026-03-06 18:17:26.944919,-0.8234984429393066,-0.7897583972162106,-0.570920232425184,-0.27703583751586275,-0.7060512435435188,1.1144001317849777,Delivered,3.4301601423487544
SHP003545,Pune,Chennai,Ecotrans,2026-03-06,2026-03-06,2026-03-06 16:15:19.259878,2026-03-06 13:55:21.508618,-0.20036740687762156,-0.4172047803478867,0.09475326355172771,-0.32218564135813654,-0.016172854577030344,0.3222034389780204,Delivered,3.0
SHP002891,Bangalore,Kolkata,Globalline,2026-03-07,2026-03-06,2026-03-08 12:39:31.009036,2026-03-08 05:44:31.605754,-0.4747123063986593,-0.18987496181787852,0.45772191555363617,0.5485913801352017,0.5815904064993969,-0.7747669430143238,In Transit,5.0
SHP002963,Chennai,Ahmedabad,Fastship,2026-03-06,2026-03-06,2026-03-06 13:16:13.690090,2026-03-06 09:16:38.573445,-0.4026862601802986,-0.4067127703970235,-0.8026837505575635,-0.4495753272595865,-0.8553397502231311,-0.07515027936178488,Delivered,3.4301601423487544
SHP001019,Lucknow,Bangalore,Ecotrans,2026-03-06,2026-03-06,2026-03-06 21:56:14.746825,2026-03-06 18:57:11.540512,-0.48865399663205134,-0.5029796090953702,-0.2804493157670526,-0.07968402362169413,-0.08153365098010897,0.16628603616252646,Delivered,4.0
SHP000105,Lucknow,Lucknow,Fastship,2026-03-06,2026-03-06,2026-03-06 16:50:11.445556,2026-03-06 12:52:28.794912,-0.4481497996481581,-0.5392425417175885,-0.02214100790307524,-0.29738259399505135,-0.08320886419552768,-0.06767394475518654,Delivered,4.0
SHP001343,Bangalore,Chennai,Ecotrans,2026-03-06,2026-03-06,2026-03-06 11:56:48.704281,2026-03-06 09:47:34.875068,-0.6757550894028374,-0.49590143316858193,-0.85504293368966,-0.5060646579828743,-1.147363429250789,0.3650090570415425,Delivered,3.4301601423487544
SHP002115,Chennai,Jaipur,Globalline,2026-03-06,2026-03-06,2026-03-06 13:45:24.511518,2026-03-06 12:41:01.784778,-0.8963322994461911,-0.8505843237480832,-0.6418267269524525,-0.42881918345353515,-0.8483779740293984,0.6236755324033734,Delayed,2.0
SHP004328,Bangalore,Kolkata,Ecotrans,2026-03-06,2026-03-06,2026-03-08 01:19:34.798498,2026-03-07 22:27:39.177642,0.5271994111751919,1.1068740802849462,1.10110526367363,1.089228361704733,1.1681748338260836,0.19471037703908406,Delivered,4.0
SHP003746,Jaipur,Ahmedabad,Globalline,2026-03-07,2026-03-06,2026-03-07 22:55:35.401358,2026-03-08 03:43:33.511814,-0.15637982245037405,-0.21721363708512134,0.3034148619766002,-0.037472147330839374,-0.18581563592746023,1.350000480688524,Delivered,2.0
SHP002947,Jaipur,Kolkata,Ecotrans,2026-03-05,2026-03-06,2026-03-06 01:48:32.036370,2026-03-06 05:11:32.450095,-0.47908149870724637,-0.586364217736139,-0.08355474771342679,0.0855437839803778,0.014765526417187123,1.350000480688524,Delivered,4.0
SHP004671,Kolkata,Pune,Fastship,2026-03-07,2026-03-06,2026-03-08 03:17:52.613728,2026-03-07 15:58:10.524818,0.06613354752476332,0.37632868048412216,-0.03155528141277055,0.149093905506414,-0.6304784214652864,-1.8305906688560367,Delivered,1.0
SHP003418,Chennai,Mumbai,Fastship,2026-03-06,2026-03-06,2026-03-06 17:10:25.401969,2026-03-06 12:50:07.954737,0.2992929849647158,0.15429565188353975,-0.21201218016797588,-0.28299103271209614,-0.06780332274426645,-0.1577359414982352,Delayed,5.0
SHP004865,Mumbai,Kolkata,Ecotrans,2026-03-07,2026-03-06,2026-03-08 00:44:15.893411,2026-03-07 19:59:39.628954,-0.4763083227816677,-0.5008761612060071,0.531106842256815,0.03982886610887417,0.39139837437703334,-0.25471285547216754,Delivered,4.0
SHP003397,Pune,Jaipur,Ecotrans,2026-03-04,2026-03-06,2026-03-05 14:05:45.968442,2026-03-06 08:46:40.774434,0.08440860409431102,0.04748224703432465,0.9819666619826108,0.6099409843194715,-0.27997882478300173,1.350000480688524,Delivered,2.0
SHP004240,Delhi,Lucknow,Ecotrans,2026-03-06,2026-03-06,2026-03-06 16:50:49.393340,2026-03-06 13:05:34.052233,-0.7362146195795018,-0.6261476543929675,-0.6058821227289015,-0.29693271964767437,-0.5333136481468371,-0.017995498792534693,Cancelled,3.0
SHP002593,Bangalore,Lucknow,Ecotrans,2026-03-06,2026-03-06,2026-03-06 04:01:21.008656,2026-03-06 04:06:58.930924,-0.43353787142403755,-0.48666344571494213,-1.140202423686361,-0.8442630278181256,-1.2374931173388812,0.902919546322595,Delivered,1.0
SHP004749,Lucknow,Delhi,Globalline,2026-03-07,2026-03-06,2026-03-07 09:28:15.735627,2026-03-07 08:43:56.972844,-0.4568303490062896,-0.3784275637883188,-0.792441932575305,-0.6117286943915922,-0.5982050657704127,0.703710719186765,Delayed,3.0
SHP002376,Jaipur,Jaipur,Fastship,2026-03-07,2026-03-07,2026-03-07 17:48:19.286376,2026-03-07 18:27:42.047500,2.4505592522082504,1.7635481776205868,0.08114861280088181,-0.2560339307611448,0.1287939156730806,1.0375235393275362,Delivered,4.0
SHP000401,Bangalore,Hyderabad,Globalline,2026-03-07,2026-03-07,2026-03-07 05:01:36.713381,2026-03-07 03:57:56.339355,0.01584602368363025,0.18165428678590848,-1.0455711275147395,-0.801398526604235,-0.9512606523048496,0.6264909882615536,Cancelled,4.0
SHP004862,Ahmedabad,Bangalore,Ecotrans,2026-03-07,2026-03-07,2026-03-07 19:14:48.727849,2026-03-07 11:58:07.786901,-0.5728360777619127,-0.5755838600457511,-0.3598178187268821,-0.19451264037214008,-0.3446829287898127,-0.8612884784791348,Delayed,4.0
SHP002203,Lucknow,Delhi,Fastship,2026-03-07,2026-03-07,2026-03-07 15:33:54.998020,2026-03-07 11:32:23.060111,-0.21806330504631932,0.034927808460887985,-0.4245568824160459,-0.35163678671619336,-0.18619311436096336,-0.08291613616351952,Delivered,3.4301601423487544
SHP001215,Lucknow,Lucknow,Globalline,2026-03-08,2026-03-07,2026-03-08 21:27:27.489816,2026-03-08 14:54:40.409796,-0.4836282463798172,-0.579358852597394,-0.07109672472771018,-0.10016080913664888,0.12849683349564925,-0.6861988920273725,Delayed,4.0
SHP003066,Kolkata,Ahmedabad,Fastship,2026-03-07,2026-03-07,2026-03-07 10:25:18.002080,2026-03-07 06:12:19.625569,0.08334770624270124,0.015244364994968418,-0.40776978827988514,-0.5711574211030561,-0.3802264732682229,-0.12854810164469246,In Transit,2.0
SHP004174,Bangalore,Jaipur,Ecotrans,2026-03-07,2026-03-07,2026-03-07 21:57:26.663694,2026-03-07 15:55:05.760397,1.0891267657851593,0.5727470004797498,-0.09840145373339365,-0.07883144273301848,0.15971435021323052,-0.5648012419772993,In Transit,4.0
SHP002650,Bangalore,Kolkata,Fastship,2026-03-07,2026-03-07,2026-03-07 18:52:28.240418,2026-03-07 10:33:07.856077,-0.32410002220985257,-0.34095612425834243,-0.48122026869824486,-0.21040423813698816,-0.39150779544013714,-1.111202732482291,Delivered,3.0
SHP004175,Chennai,Hyderabad,Fastship,2026-03-07,2026-03-07,2026-03-08 01:22:54.657705,2026-03-07 15:53:15.015413,-0.1852108847406917,-0.33058269958437714,0.15898056522564552,0.0673180231227646,0.07306178704384449,-1.3916838018965605,Delivered,5.0
SHP000896,Lucknow,Kolkata,Ecotrans,2026-03-07,2026-03-07,2026-03-07 02:30:10.684669,2026-03-07 01:36:39.789784,-0.04948314973260197,-0.25788785928011787,-0.052301235688508696,-0.9091142053850527,-0.12366409647340809,0.6670069660089806,Cancelled,3.0
SHP004271,Ahmedabad,Bangalore,Globalline,2026-03-08,2026-03-08,2026-03-08 10:55:05.983417,2026-03-08 10:52:41.632278,-0.8429277294914079,-0.8006075190178177,-0.9910543933754682,-0.5499607432674916,-0.27997882478300173,0.8708597475341935,In Transit,2.0
SHP001718,Kolkata,Mumbai,Globalline,2026-03-08,2026-03-08,2026-03-08 23:50:00.725416,2026-03-08 18:15:13.701397,-0.8510592962484319,-0.7819918163087514,0.39087794205281057,0.0012385599058377624,0.5610480878293435,-0.4548573053982153,Delivered,2.0
SHP001618,Bangalore,Hyderabad,Ecotrans,2026-03-09,2026-03-08,2026-03-09 16:29:52.734636,2026-03-09 17:48:59.023477,-0.7534824143136032,-0.7395295620658558,-0.5776209639873616,-0.3118305203867407,-0.712933982498412,1.1959718756953719,Delayed,3.0
SHP002059,Jaipur,Pune,Fastship,2026-03-08,2026-03-08,2026-03-08 07:53:10.574212,2026-03-08 07:54:02.922115,-0.3344164832805493,-0.27549610030116184,-0.7193611494210415,-0.6793638905705162,-0.6754913692278494,0.8839355912710871,Delivered,4.0
SHP003542,Mumbai,Chennai,Ecotrans,2026-03-09,2026-03-08,2026-03-09 18:42:53.152431,2026-03-09 13:22:27.088991,5.316182260076304,5.632529961714802,-0.2279166694404275,-0.2172219573860794,-0.08170743741508088,-0.3976237475721963,Delayed,5.0
SHP003050,Chennai,Bangalore,Ecotrans,2026-03-08,2026-03-08,2026-03-08 09:44:17.069331,2026-03-08 05:48:47.300545,-0.33474782875348785,-0.11689503280470791,-0.9286280581263006,-0.6003319977938141,-0.9553896850922987,-0.0588404375199246,Delivered,4.0
SHP004461,Jaipur,Pune,Fastship,2026-03-08,2026-03-08,2026-03-09 08:34:15.149919,2026-03-08 21:41:10.286483,0.12048776412621133,0.4496112870673026,0.33005584431918383,0.3741335609815095,0.46583734360694884,-1.7244128730810584,Delivered,3.4301601423487544
SHP000229,Mumbai,Kolkata,Fastship,2026-03-08,2026-03-08,2026-03-09 20:29:53.332129,2026-03-09 20:19:22.809931,0.7147760974002936,0.1410178808821736,1.8341330106784661,0.8831695314221314,1.9724110541430908,0.8385408468814688,Cancelled,4.0
SHP000200,Mumbai,Lucknow,Ecotrans,2026-03-09,2026-03-08,2026-03-09 07:10:04.993494,2026-03-09 05:39:49.168581,0.9017877348354844,1.1286143443151442,-0.9974620792822164,-0.7100161800353367,-0.6556180184116492,0.520431160637683,Delivered,3.0
SHP003446,Pune,Lucknow,Globalline,2026-03-08,2026-03-08,2026-03-09 00:40:06.331531,2026-03-08 12:34:52.916715,-0.2567897097698395,-0.37769168676858256,0.06534086087188255,0.03687028782234642,-0.15741922968046645,-2.012159375944023,Delivered,4.0
SHP001330,Ahmedabad,Kolkata,Ecotrans,2026-03-08,2026-03-08,2026-03-08 16:34:43.198664,2026-03-08 10:17:00.865145,-0.43407670238782603,-0.5587570097747104,-0.47557122730652,-0.3083870434952634,-0.617450231025375,-0.6260546038382243,Delivered,1.0
SHP000731,Kolkata,Kolkata,Fastship,2026-03-08,2026-03-08,2026-03-08 08:18:46.823154,2026-03-08 05:56:12.424204,-0.5621920790596309,-0.5439599461546245,-0.7128819224359815,-0.6611515226791286,-0.9008964452814646,0.311790064843817,Delivered,3.0
SHP002485,Hyderabad,Mumbai,Ecotrans,2026-03-08,2026-03-08,2026-03-08 06:06:25.762705,2026-03-08 04:36:07.142398,3.9825377732136187,2.26391845850733,-1.138569661542374,-0.7552935008380635,-1.126208127488446,0.5202453329145005,Delayed,4.0
SHP000479,Pune,Hyderabad,Fastship,2026-03-08,2026-03-08,2026-03-08 11:23:32.593133,2026-03-08 08:07:31.277335,0.08359499420023662,0.31339892126034663,-0.8265808001849717,-0.5297287332463418,-0.7455391548996457,0.09860578516817069,Delivered,3.0
SHP002372,Lucknow,Delhi,Fastship,2026-03-08,2026-03-08,2026-03-09 05:48:32.711212,2026-03-09 13:01:37.797809,0.6271597420812904,1.2602047286521814,0.2657562710900913,0.25626506550485023,0.4452709089854679,1.350000480688524,In Transit,4.0
SHP003773,Lucknow,Hyderabad,Fastship,2026-03-08,2026-03-08,2026-03-09 05:58:20.778669,2026-03-09 09:23:00.239262,-0.4446143874457019,-0.26077580455986404,0.24449352070669841,0.263236657529059,0.14934501988885765,1.350000480688524,In Transit,4.0
SHP001741,Pune,Delhi,Ecotrans,2026-03-08,2026-03-08,2026-03-08 20:20:47.855377,2026-03-08 12:11:06.682555,-0.8643434925437852,-0.7454588528505439,-0.3611098268638487,-0.14757683127783652,-0.27997882478300173,-1.0726988372113986,In Transit,4.0
SHP004490,Bangalore,Hyderabad,Ecotrans,2026-03-08,2026-03-08,2026-03-09 20:11:25.359774,2026-03-09 17:00:48.039363,0.38651255704114623,-0.048591283892171044,0.9133882830376582,0.8700344205780608,1.1224581409675796,0.12014383135695884,In Transit,4.0
SHP004889,Lucknow,Pune,Fastship,2026-03-08,2026-03-08,2026-03-08 10:02:30.567583,2026-03-08 10:48:04.731725,0.17070081895639566,-0.1502564992740078,-0.9476764443031872,-0.5873684787286099,-1.292547875669479,1.0622130740471751,In Transit,4.0
SHP002129,Lucknow,Chennai,Globalline,2026-03-07,2026-03-08,2026-03-08 03:34:40.243882,2026-03-08 02:58:42.098523,1.0565222274074344,0.9201528555884749,0.8483462089238539,0.161039450636243,-0.27997882478300173,0.7369899621440859,Delayed,5.0
SHP004771,Bangalore,Mumbai,Fastship,2026-03-10,2026-03-09,2026-03-11 02:58:07.437791,2026-03-11 08:22:20.769137,-0.41334163363569093,-0.2547264007226721,0.8228786536684146,0.1350435393281124,0.848201178689748,1.350000480688524,Delayed,4.0
SHP000503,Kolkata,Ahmedabad,Fastship,2026-03-09,2026-03-09,2026-03-09 16:22:05.660698,2026-03-09 14:25:39.571179,-0.24539823787448803,-0.2512206449033191,-0.713773211747348,-0.3173677234859612,-0.8007937102171492,0.41604562624534486,Cancelled,5.0
SHP004000,Lucknow,Bangalore,Ecotrans,2026-03-09,2026-03-09,2026-03-09 20:13:27.379288,2026-03-09 15:54:40.920532,-0.46264149710559865,-0.4203281801223601,-0.4497564244445485,-0.15279871450040092,-0.3469328490476074,-0.15168735538445985,In Transit,4.0
SHP002588,Jaipur,Hyderabad,Ecotrans,2026-03-09,2026-03-09,2026-03-09 08:21:34.633230,2026-03-09 09:26:11.744150,0.23146054602684601,0.3113276576657984,-0.6880244821956443,-0.659162119301946,-0.7635756516472668,1.1381920585747873,Delivered,4.0
SHP001646,Pune,Jaipur,Globalline,2026-03-10,2026-03-09,2026-03-10 14:00:28.126930,2026-03-10 13:37:06.885753,0.145191008642651,-0.05683587174483483,-0.25928193378041176,-0.41810674235411843,-0.0029950081401656165,0.7873062255432405,In Transit,2.0
SHP002167,Lucknow,Ahmedabad,Globalline,2026-03-10,2026-03-09,2026-03-11 05:22:40.527646,2026-03-11 07:16:09.321356,0.7973819653138953,0.30343315291785333,0.16835024002226417,0.2378637912267125,-0.004040519813882364,1.3330797695590664,Cancelled,3.0
SHP002241,Kolkata,Delhi,Globalline,2026-03-09,2026-03-09,2026-03-09 07:35:32.568981,2026-03-09 04:33:10.346276,-0.39053441533503647,-0.4986744727276233,-0.9646938295456285,-0.6919066367234945,-1.0376718611414544,0.153056143345497,In Transit,4.0
SHP002740,Pune,Delhi,Fastship,2026-03-09,2026-03-09,2026-03-09 11:26:54.638961,2026-03-09 09:23:50.778307,-0.6206545047755511,-0.5261354734686423,-0.5461396917019735,-0.5273334619742958,-0.532511472761372,0.38960323409425923,Delivered,3.0
SHP002484,Lucknow,Bangalore,Ecotrans,2026-03-09,2026-03-09,2026-03-10 02:32:33.380284,2026-03-10 03:21:24.783741,-0.23721861070870495,-0.4305383719974449,0.4124133295887866,0.11685715108717364,0.438332437898966,1.075324833186866,Delivered,4.0
SHP001172,Jaipur,Mumbai,Ecotrans,2026-03-09,2026-03-09,2026-03-09 21:37:28.593904,2026-03-09 20:13:49.617231,-0.03344597301269323,0.1829327711470892,0.2629788623388679,-0.09303466668994838,0.4085505599437695,0.5468122020537429,In Transit,3.0
SHP004030,Kolkata,Delhi,Fastship,2026-03-10,2026-03-09,2026-03-10 18:12:26.260973,2026-03-10 17:13:01.969879,-0.683995876406143,-0.5645095164253398,-0.35975704961895144,-0.23887991817046184,-0.5890682032142803,0.6435144590851561,Delayed,3.0
SHP004496,Kolkata,Pune,Ecotrans,2026-03-09,2026-03-09,2026-03-09 11:43:41.030466,2026-03-09 11:08:16.775057,-0.5936825361819585,-0.6056447375780498,-0.46125508833255274,-0.5154026011457359,-0.7645483208579109,0.7392428439372323,In Transit,1.0
SHP002410,Mumbai,Lucknow,Ecotrans,2026-03-09,2026-03-09,2026-03-09 16:37:04.221306,2026-03-09 14:18:45.418622,-0.73635934457991,-0.7470546779426382,0.011330280571801112,-0.306715207528582,0.14030596453348468,0.32878118386487215,In Transit,2.0
SHP002760,Mumbai,Lucknow,Ecotrans,2026-03-10,2026-03-09,2026-03-10 12:27:33.151663,2026-03-10 09:55:35.350328,0.2896391133863294,0.10042704019909642,-0.5590229648509811,-0.4841985701635224,-0.3487494806165236,0.2743371038514945,Delayed,3.0
SHP000129,Mumbai,Lucknow,Fastship,2026-03-09,2026-03-09,2026-03-09 19:05:17.026087,2026-03-09 18:29:45.239640,-0.6631108119289447,-0.6929281692159642,0.37409896831831935,-0.20129021562527827,0.2947102681874039,0.738742207660292,Delivered,5.0
SHP001230,Delhi,Lucknow,Fastship,2026-03-09,2026-03-09,2026-03-10 19:48:19.126593,2026-03-10 21:01:59.128264,-0.04355889581253259,-0.04376734892588633,1.3750238044443777,0.853600502873055,1.1987590506352925,1.1742814800285066,Delayed,5.0
SHP004751,Hyderabad,Mumbai,Ecotrans,2026-03-09,2026-03-09,2026-03-09 17:11:52.461793,2026-03-09 16:39:29.271021,-0.26303931720301077,-0.4636526377122429,-0.016948783535519058,-0.28195893075990985,-0.40120636294811146,0.7512793687500444,Cancelled,4.0
SHP001834,Delhi,Delhi,Ecotrans,2026-03-09,2026-03-09,2026-03-09 21:06:54.660538,2026-03-09 17:14:12.586800,0.086712390482906,-0.15411830188290532,-0.07257645946422833,-0.11477610991537575,-0.5252866162082888,-0.04769267482213317,Cancelled,5.0
SHP003283,Lucknow,Mumbai,Ecotrans,2026-03-09,2026-03-09,2026-03-10 09:38:21.630179,2026-03-10 10:20:02.243414,-0.7163799711715211,-0.6304310020279146,0.38687312943730223,0.4197339266972415,0.3246419631321246,1.0466874510777364,Delivered,3.4301601423487544
SHP001276,Kolkata,Bangalore,Globalline,2026-03-08,2026-03-09,2026-03-09 09:30:19.726071,2026-03-09 01:36:35.789299,-0.8044509013312653,-0.785044925869878,0.43805712536867925,0.41402091062008095,0.5286711917422222,-1.0090652328895162,Cancelled,2.0
SHP001467,Jaipur,Jaipur,Globalline,2026-03-09,2026-03-09,2026-03-09 08:00:48.220650,2026-03-09 04:58:58.868976,-0.3802149596572846,-0.1350083536570583,-1.1442663840824503,-0.6739384513358946,-1.3137754643725994,0.15524129107400794,Delivered,4.0
SHP001740,Chennai,Mumbai,Globalline,2026-03-09,2026-03-09,2026-03-09 10:23:38.490196,2026-03-09 12:11:45.196799,-0.5793664169496057,-0.5001248092548104,-0.8275437613078125,-0.572337143336566,-0.7691206558882682,1.3116685789504199,Cancelled,4.0
SHP003173,Kolkata,Lucknow,Fastship,2026-03-11,2026-03-10,2026-03-11 07:26:56.518384,2026-03-11 06:31:14.427006,-0.20995106608586378,-0.2959199081875248,-0.7567530106445374,-0.6980244624612324,-0.8474464619651505,0.6582854957676743,Delayed,4.0
SHP003227,Bangalore,Ahmedabad,Ecotrans,2026-03-10,2026-03-10,2026-03-10 21:00:27.990161,2026-03-10 17:47:12.039776,1.1746747501536963,0.7112339359030447,-0.3270617103503735,-0.11936012164300927,-0.25082672905259956,0.10959868212328086,In Transit,3.4301601423487544
SHP002940,Mumbai,Mumbai,Fastship,2026-03-10,2026-03-10,2026-03-11 13:26:38.371600,2026-03-11 11:12:31.150464,-0.28717634881936016,-0.3082427854793926,0.42878810847463605,0.5821100148867,-0.05964712488653322,0.34550541889563463,Delivered,4.0
SHP004960,Lucknow,Mumbai,Ecotrans,2026-03-10,2026-03-10,2026-03-10 19:00:13.957829,2026-03-10 11:22:36.228964,-0.7007824925586192,-0.629989019041722,-0.13399394435884462,-0.204883116791509,-0.11001510866256664,-0.9448352118338816,In Transit,4.0
SHP003616,Bangalore,Delhi,Ecotrans,2026-03-11,2026-03-10,2026-03-12 10:12:08.718671,2026-03-12 01:51:54.075562,2.1523303502865962,2.9394748219821136,1.0294915856064903,0.44376524112180926,1.0798211601363967,-1.1148096599208315,Delayed,4.0
SHP001375,Delhi,Chennai,Ecotrans,2026-03-10,2026-03-10,2026-03-10 17:36:04.180827,2026-03-10 03:50:51.776476,-0.44914385615788743,-0.5022623405232429,-0.1153861167033549,-0.2647486724405938,-0.2974362181999381,-2.3754234253671918,In Transit,5.0
SHP003843,Lucknow,Mumbai,Ecotrans,2026-03-11,2026-03-10,2026-03-27 13:54:28.870235,2026-03-21 05:42:35.740920,-0.4710006586182383,-0.4666043254595719,2.7418335103210576,15.966109233848746,2.845091623133526,-2.3754234253671918,Delivered,5.0
SHP004052,Chennai,Chennai,Globalline,2026-03-10,2026-03-10,2026-03-10 07:29:10.195958,2026-03-10 06:18:29.534471,-0.6398684399934316,-0.5599715773957311,-0.8914732928306117,-0.6964397029311963,-1.0446110093019811,0.5985517918692711,Delivered,5.0
SHP001650,Lucknow,Jaipur,Ecotrans,2026-03-10,2026-03-10,2026-03-10 15:51:40.279444,2026-03-10 14:18:16.301311,-0.6717987615254011,-0.7068045480160375,-0.6302657832373382,-0.339007780656789,-0.4438738254150412,0.5079234123624606,Delivered,4.0
SHP000073,Lucknow,Mumbai,Globalline,2026-03-11,2026-03-10,2026-03-12 22:37:40.857675,2026-03-12 19:17:48.528582,0.541397142800544,0.8966866782048424,2.357594303866949,0.9740687289740031,2.124793436123207,0.0832488535031709,Delivered,5.0
SHP003957,Kolkata,Lucknow,Ecotrans,2026-03-10,2026-03-10,2026-03-10 11:08:53.820018,2026-03-10 08:46:37.464950,-0.6218677442294297,-0.532185150791261,-0.6293425356161114,-0.5401466667043494,-0.4670517483071446,0.3129895571191223,Delayed,4.0
SHP002603,Kolkata,Delhi,Globalline,2026-03-10,2026-03-10,2026-03-10 05:15:26.316393,2026-03-10 04:13:26.655972,-0.3441589410522346,-0.1878387713735819,-1.1648557105368795,-0.7915635090741254,-0.9356721776678695,0.6331860659181048,Cancelled,4.0
SHP002139,Lucknow,Mumbai,Ecotrans,2026-03-11,2026-03-10,2026-03-11 21:24:57.536316,2026-03-11 09:54:25.524498,-0.32658545977101155,-0.47692145765683325,-0.3599277799111044,-0.10193852122203549,-0.34473017771427855,-2.3754234253671918,Delivered,4.0
SHP003917,Kolkata,Pune,Globalline,2026-03-10,2026-03-10,2026-03-10 22:58:21.059399,2026-03-10 15:55:09.660375,0.6463765258597056,0.9190236581169552,0.14505006247176347,-0.03550825650683547,0.08651695812141767,-0.8074730476104464,Cancelled,1.0
SHP004182,Mumbai,Delhi,Globalline,2026-03-11,2026-03-11,2026-03-12 10:22:42.501835,2026-03-12 21:30:35.823154,-0.33018265230692867,-0.26414775810923713,1.38060698047108,0.4512787969217225,1.3742269914456802,1.350000480688524,Delivered,5.0
SHP003566,Pune,Mumbai,Globalline,2026-03-12,2026-03-11,2026-03-15 20:13:54.182540,2026-03-15 05:42:32.274429,0.18718682371600692,-0.15828738532104453,3.7907487782407774,2.920358102239584,3.607425943844679,-2.3754234253671918,In Transit,4.0
SHP001154,Chennai,Ahmedabad,Fastship,2026-03-12,2026-03-11,2026-03-12 03:48:57.580629,2026-03-12 02:56:46.093799,-0.5069111955347608,-0.300596676759459,-1.2686966996536746,-0.8530764332134715,-1.0485804400073633,0.6722857274511977,Cancelled,4.0
SHP000581,Jaipur,Jaipur,Globalline,2026-03-11,2026-03-11,2026-03-12 13:59:40.732717,2026-03-12 19:14:53.409228,-0.43112781675072565,-0.4721205120539336,0.598117007212855,0.6056110823015387,0.24529001561852537,1.350000480688524,Delivered,4.0
SHP003810,Ahmedabad,Bangalore,Fastship,2026-03-11,2026-03-11,2026-03-11 05:17:59.280828,2026-03-11 04:15:22.494558,-0.7042891574017339,-0.6322909539084072,-1.1792709742557779,-0.7897501020913649,-1.060653279907962,0.6307180732162211,Delivered,4.0
SHP000241,Pune,Hyderabad,Fastship,2026-03-12,2026-03-11,2026-03-12 12:03:21.627638,2026-03-12 08:31:41.261365,-0.6878001244842898,-0.7238458140472979,-0.43739857978879426,-0.5014065166236761,-0.19207640957664202,0.036181092361808075,Cancelled,5.0
SHP001301,Pune,Hyderabad,Fastship,2026-03-11,2026-03-11,2026-03-11 21:35:44.950928,2026-03-11 17:37:15.235352,1.4976990076378995,0.6616033002907036,0.08744255489677887,-0.09426336339602484,-0.27997882478300173,-2.3754234253671918,Delayed,3.0
SHP002378,Lucknow,Chennai,Globalline,2026-03-11,2026-03-11,2026-03-11 22:58:11.849793,2026-03-11 14:07:11.552573,-0.2031335465005931,-0.05471772937009932,-0.218122157270691,-0.03561743721545556,-0.49287244829441357,-1.2375020965611252,Cancelled,3.0
SHP003059,Lucknow,Bangalore,Ecotrans,2026-03-11,2026-03-11,2026-03-12 01:14:07.345257,2026-03-11 16:10:36.120635,0.024680911079909214,-0.079293711626662,-0.188392336997165,0.06106668713796317,0.10643573946732224,-1.2874210451562262,Delivered,1.0
SHP003311,Pune,Hyderabad,Ecotrans,2026-03-11,2026-03-11,2026-03-12 07:26:54.237868,2026-03-12 00:50:22.411647,-0.2535731790253561,-0.4579097656334388,1.2462884711005775,0.3262281890853626,1.3557740451786395,-0.7011392098594059,Delayed,4.0
SHP004732,Hyderabad,Kolkata,Ecotrans,2026-03-11,2026-03-11,2026-03-12 01:46:09.062294,2026-03-11 22:46:18.676083,-0.2893677619640282,-0.48007080712262806,-0.16351842301716502,0.08384881358534242,-0.4242531201720138,0.16314968650114597,Delivered,5.0
SHP001932,Mumbai,Mumbai,Fastship,2026-03-11,2026-03-11,2026-03-11 07:11:02.969640,2026-03-11 04:53:59.110795,0.018689800271476584,0.32031231452785897,-1.199822941985706,-0.7093288676624842,-1.0531516654801583,0.33376318030899776,Delivered,5.0
SHP001746,Ahmedabad,Kolkata,Globalline,2026-03-11,2026-03-11,2026-03-11 08:11:12.725641,2026-03-11 08:33:39.984147,0.9825130175912338,1.5330963819302392,-0.6926340677228072,-0.6665348890932675,-0.9410416719155471,0.9700165834605399,Delayed,3.4301601423487544
SHP004809,Mumbai,Delhi,Fastship,2026-03-09,2026-03-11,2026-03-11 14:09:56.534198,2026-03-11 06:57:33.169444,1.8048005003032006,0.9359772247506601,2.0849842617109444,1.6371911509195203,2.175535083477698,-0.8441657409769976,Cancelled,5.0
SHP003325,Mumbai,Lucknow,Fastship,2026-03-11,2026-03-11,2026-03-11 14:10:30.134949,2026-03-11 15:13:40.271044,-0.4430078861784331,-0.4875990883687015,-0.7825591608262332,-0.41096988372395193,-1.088448710082394,1.1324102855209883,In Transit,4.0
SHP001641,Mumbai,Lucknow,Globalline,2026-03-12,2026-03-11,2026-03-12 16:22:00.177980,2026-03-12 17:30:23.300348,-0.5922400645511393,-0.6006129990225735,-0.6416663716037098,-0.3174327215891025,-0.8323022192969989,1.153216485469541,Delivered,5.0
SHP000766,Kolkata,Lucknow,Ecotrans,2026-03-11,2026-03-11,2026-03-11 08:23:53.345773,2026-03-11 06:42:40.331369,-0.7197575207968006,-0.6800871294187893,-0.7110000843960405,-0.6575176697584115,-0.8801555392437979,0.47674357069077966,Delivered,2.0
SHP003899,Kolkata,Pune,Globalline,2026-03-12,2026-03-11,2026-03-13 19:44:17.477242,2026-03-13 13:26:31.777474,1.2018164336435708,0.8212377570478157,1.4228848334936886,0.8507357283203477,-0.27997882478300173,-2.3754234253671918,Delivered,2.0
SHP003822,Pune,Ahmedabad,Fastship,2026-03-11,2026-03-11,2026-03-12 13:58:28.513529,2026-03-12 01:07:55.296521,-0.2583987239458018,0.09393766202330414,0.611239854394232,0.6047549174043716,0.5405008879958784,-2.192962028037535,Cancelled,5.0
SHP000445,Pune,Kolkata,Ecotrans,2026-03-12,2026-03-12,2026-03-12 12:11:01.958294,2026-03-12 09:47:57.045380,-0.08511682263959464,-0.08817483376267614,-0.32772464252665934,-0.49594925574058246,-0.2764580126926488,0.309761606438528,In Transit,5.0
SHP001952,Hyderabad,Delhi,Fastship,2026-03-12,2026-03-12,2026-03-12 11:09:46.953394,2026-03-12 08:11:47.285784,-0.13619544733349048,-0.314930976504719,-0.6693019219342513,-0.5395167658151477,-0.6725345005784298,0.17050986025045917,Cancelled,3.0
SHP001940,Lucknow,Delhi,Ecotrans,2026-03-11,2026-03-12,2026-03-13 16:39:06.125413,2026-03-13 21:59:16.001351,0.3132657746334339,0.09540728352406086,2.678496428780996,1.743289351047847,3.0694908467841837,1.350000480688524,Cancelled,2.0
SHP003207,Pune,Jaipur,Fastship,2026-03-12,2026-03-12,2026-03-13 01:32:28.854525,2026-03-13 00:57:02.129856,0.017788393953022768,0.21366756341752627,-0.006246649309867039,0.07412517751313603,0.10453421433082591,0.7390786964275268,Delivered,4.0
SHP001274,Mumbai,Lucknow,Globalline,2026-03-12,2026-03-12,2026-03-13 01:36:14.213213,2026-03-12 17:08:41.016524,-0.591519227695847,-0.6512080965408515,0.13933890644994384,0.07679682480351037,-0.27997882478300173,-1.1439631221036073,Delivered,3.0
SHP003627,Lucknow,Lucknow,Ecotrans,2026-03-11,2026-03-12,2026-03-13 02:04:26.461267,2026-03-12 15:54:23.927566,-0.526872721349665,-0.44379362626337515,1.4439985897713454,1.1211382633139535,1.4372996340417985,-1.5527488947074664,Delayed,3.4301601423487544
SHP001798,Ahmedabad,Delhi,Fastship,2026-03-12,2026-03-12,2026-03-12 16:05:17.843223,2026-03-12 13:12:56.226211,1.8040733934452051,2.9522063922663375,-0.47787574135829064,-0.32931548931259846,-0.38211610521164896,0.19298224623499022,In Transit,4.0
SHP003108,Kolkata,Ahmedabad,Fastship,2026-03-13,2026-03-12,2026-03-14 05:58:04.048521,2026-03-14 02:02:23.984304,0.7954184934363401,0.19452722977854248,0.4718663978896384,0.26303832014067063,0.7157172528485534,-0.05952484068524325,Delivered,3.0
SHP003028,Hyderabad,Kolkata,Ecotrans,2026-03-12,2026-03-12,2026-03-13 04:11:06.691634,2026-03-13 01:30:07.444014,-0.18087659373948753,-0.004008407569914384,1.0552700215675257,0.18695998326865484,0.9333635121925749,0.2383437052940088,In Transit,5.0
SHP002933,Ahmedabad,Kolkata,Ecotrans,2026-03-12,2026-03-12,2026-03-12 13:47:48.041103,2026-03-12 10:15:00.713146,-0.8981129703827448,-0.8344785864811751,-0.38477466789936116,-0.4271176274531347,-0.3638211075141063,0.031729720827709466,Delivered,5.0
SHP001284,Ahmedabad,Ahmedabad,Fastship,2026-03-12,2026-03-12,2026-03-12 14:26:02.001895,2026-03-12 07:29:27.164364,1.9173675621895452,1.726837805342044,-0.19911151863772866,-0.3999225181677949,-0.07508389316406366,-0.7811110681019886,Cancelled,3.0
SHP004474,Hyderabad,Ahmedabad,Globalline,2026-03-12,2026-03-12,2026-03-12 14:26:47.748074,2026-03-12 09:33:56.371653,-0.471671662386128,-0.5868304480988032,-0.6626330174863878,-0.39938019314353684,-0.9600149372658265,-0.2876261152811836,Delayed,4.0
SHP004776,Jaipur,Chennai,Ecotrans,2026-03-12,2026-03-12,2026-03-12 07:26:28.556285,2026-03-12 06:14:24.969226,-0.6352176744411256,-0.6320965949546649,-1.127945330476695,-0.6983559556330562,-1.1007119679718553,0.5930391985681581,Delivered,3.0
SHP001987,Jaipur,Lucknow,Fastship,2026-03-13,2026-03-12,2026-03-14 02:28:02.140215,2026-03-13 23:08:10.840020,-0.010814604904360673,0.0636347313167952,0.004017755009281827,0.11364157594290608,-0.2229300402985599,0.08331725093577871,In Transit,3.0
SHP000141,Jaipur,Pune,Globalline,2026-03-12,2026-03-12,2026-03-14 13:59:33.961966,2026-03-14 04:55:16.537260,-0.8134279505043438,-0.7868040838293346,-0.6838418703925785,1.629810501710682,-0.5037570718722476,-1.2904922603125017,Cancelled,4.0
SHP000609,Hyderabad,Jaipur,Globalline,2026-03-12,2026-03-12,2026-03-13 22:17:23.959595,2026-03-13 11:41:17.485864,-0.3718104011572479,-0.47313880724465746,2.1729834774859644,0.9596422939632958,1.9649072911615504,-1.656713994070547,Delayed,3.0
SHP002829,Hyderabad,Delhi,Ecotrans,2026-03-12,2026-03-12,2026-03-13 03:29:04.386848,2026-03-12 23:02:33.055015,-0.6722259444601271,-0.7165531783654121,0.2733762615785008,0.15705783561332468,-0.27997882478300173,-0.18259044291622797,Delivered,3.0
SHP003399,Ahmedabad,Mumbai,Fastship,2026-03-12,2026-03-12,2026-03-14 14:23:07.113356,2026-03-14 10:53:07.141795,-0.8316910897023512,-0.7903423408404713,-0.9194891422521301,1.6465635371800558,-0.8717252288465295,0.04285497116047778,Cancelled,3.0
SHP002430,Jaipur,Bangalore,Ecotrans,2026-03-12,2026-03-12,2026-03-13 01:34:41.339869,2026-03-13 03:04:28.004724,-0.11561023592322357,-0.09102183345046978,0.37982214728375546,0.07569580305486086,0.5286879226439484,1.2385417662590423,Delivered,4.0
SHP002741,Pune,Pune,Ecotrans,2026-03-12,2026-03-12,2026-03-13 09:22:51.623726,2026-03-13 04:53:48.989630,-0.28320349747113277,-0.36370213414095737,0.5509752513218306,0.40870861745228354,0.6463747497048931,-0.19264847231947435,Delayed,4.0
SHP004589,Lucknow,Ahmedabad,Fastship,2026-03-12,2026-03-12,2026-03-14 12:47:55.170264,2026-03-13 16:23:14.500939,0.356873341672489,0.22099304006415194,2.039821449584834,1.5788479436161762,1.708058973507467,-2.3754234253671918,Cancelled,1.0
SHP001135,Hyderabad,Bangalore,Ecotrans,2026-03-12,2026-03-12,2026-03-13 12:41:52.331100,2026-03-13 07:30:19.160864,-0.5726342791350763,-0.3512922276474643,0.4464141648507087,0.5502667657694449,0.4528780116546514,-0.3621989270285526,Delayed,3.0
SHP004303,Bangalore,Chennai,Ecotrans,2026-03-12,2026-03-12,2026-03-12 18:38:12.453496,2026-03-12 14:56:01.698083,3.283032506723653,4.508347153741817,0.23041600482935598,-0.22054966823689268,0.48855070027178477,-0.005724906794379053,Delivered,4.0
SHP003456,Lucknow,Pune,Fastship,2026-03-14,2026-03-13,2026-03-14 10:27:56.031146,2026-03-14 10:11:36.386847,0.8615146504865462,0.4349549259049736,-0.8746053436080882,-0.5692839724624337,-0.7992597052846773,0.815332467260728,Delivered,2.0
SHP003138,Lucknow,Ahmedabad,Fastship,2026-03-13,2026-03-13,2026-03-14 15:03:33.951714,2026-03-14 18:22:09.182590,-0.6016108194421605,-0.5950371194059149,0.5436272600154693,0.6510542345601182,0.9012908815303332,1.350000480688524,Delivered,3.0
SHP000523,Pune,Chennai,Globalline,2026-03-13,2026-03-13,2026-03-13 08:06:16.857642,2026-03-13 05:51:06.763193,-0.327322138966125,-0.32438989012859126,-0.8603856770767301,-0.6700424305450035,-0.6803129650597568,0.3413258275379462,Delivered,3.0
SHP002587,Kolkata,Bangalore,Globalline,2026-03-13,2026-03-13,2026-03-13 15:43:57.756942,2026-03-13 14:08:35.136906,1.832713963528149,1.0651733659347904,-0.5000358490268713,-0.34449102606651694,-0.5775331442792928,0.5000365260385521,Delivered,4.0
SHP002690,Chennai,Kolkata,Fastship,2026-03-13,2026-03-13,2026-03-13 15:30:42.286360,2026-03-13 14:30:14.734266,1.6325207917040425,1.3454710718712,-0.40384627821382163,-0.35392140059372323,-0.26722430185764473,0.639309095692285,Delivered,4.0
SHP002518,Ahmedabad,Pune,Globalline,2026-03-13,2026-03-13,2026-03-13 19:38:54.147894,2026-03-13 18:00:19.764231,0.23993863214967742,-0.12490278097261673,0.26556348566509985,-0.1773770571358873,-0.27997882478300173,0.48728877091185474,Delayed,1.0
SHP003539,Delhi,Pune,Ecotrans,2026-03-13,2026-03-13,2026-03-13 14:40:50.965600,2026-03-13 11:56:30.257925,-0.3373261389221418,-0.2891069192357334,0.021793489490363586,-0.3893837743550706,-0.34293684511991807,0.22495136656362483,In Transit,5.0
SHP001957,Hyderabad,Chennai,Ecotrans,2026-03-13,2026-03-13,2026-03-13 05:05:17.539934,2026-03-13 03:39:32.796664,-0.3048302932794591,-0.4856068466868983,-1.016368817919014,-0.7987806081623966,-1.0143114387860923,0.538451691738228,Delivered,4.0
SHP004631,Delhi,Delhi,Fastship,2026-03-13,2026-03-13,2026-03-13 23:32:45.118697,2026-03-13 17:09:45.078739,-0.5551352027159442,-0.626571666027572,-0.304335330727515,-0.011038649886362323,-0.31384332134812004,-0.6471745834188517,Delayed,5.0
SHP004752,Pune,Lucknow,Globalline,2026-03-13,2026-03-13,2026-03-14 12:36:50.796534,2026-03-13 14:28:17.752908,-0.8247409607087757,-0.8066485157694749,0.7482233105453073,0.5466920466638736,0.7735678572726138,-2.3754234253671918,In Transit,3.0
SHP004293,Lucknow,Kolkata,Ecotrans,2026-03-13,2026-03-13,2026-03-13 08:02:01.329507,2026-03-13 08:07:50.342888,2.59085830386468,2.2665387156708414,-0.849654423993592,-0.6730717393273074,-0.9954453296683441,0.903656843560963,Delivered,1.0
SHP004576,Pune,Delhi,Fastship,2026-03-14,2026-03-13,2026-03-14 16:03:13.355304,2026-03-14 15:51:49.554232,-0.39822011859171996,-0.23798415171855547,-0.6938812105732349,-0.3307913046662578,-0.5853141264916519,0.834999059266145,Delivered,4.0
SHP003256,Jaipur,Kolkata,Globalline,2026-03-13,2026-03-13,2026-03-14 04:49:13.646324,2026-03-13 21:12:32.456254,-0.636400641095234,-0.6102853650121182,0.47671908626479115,0.2140720346005767,0.3822967167197969,-0.9410767164137959,Delivered,4.0
SHP002136,Pune,Mumbai,Fastship,2026-03-14,2026-03-13,2026-03-14 04:56:03.515043,2026-03-14 03:56:11.043382,-0.17190642504673032,-0.34664549676200995,-1.2651551106837906,-0.8053486225368198,-1.1064771541474505,0.6416411165067561,Delayed,4.0
SHP002333,Lucknow,Ahmedabad,Fastship,2026-03-13,2026-03-13,2026-03-13 08:17:19.331360,2026-03-13 06:51:43.103655,-0.6126671610811463,-0.4670789397577934,-0.8345212489514295,-0.6621887456828173,-1.008105803162944,0.5390177758235352,In Transit,4.0
SHP001349,Pune,Bangalore,Globalline,2026-03-13,2026-03-13,2026-03-13 07:46:59.409571,2026-03-13 06:55:37.436140,-0.4374303292371525,-0.3185509528506138,-0.8263412202597789,-0.6837640804111083,-0.6393101485000954,0.6755771998530128,Delayed,3.0
SHP004428,Mumbai,Kolkata,Fastship,2026-03-13,2026-03-13,2026-03-13 16:26:03.278942,2026-03-13 13:38:41.674901,-0.5195853466634929,-0.4141358043698132,-0.5158118606114976,-0.31455073805347644,-0.27997882478300173,0.21292602780072473,Delayed,5.0
SHP001179,Delhi,Delhi,Ecotrans,2026-03-13,2026-03-13,2026-03-13 11:41:05.448310,2026-03-13 09:52:13.738934,1.7610812041588828,1.6140933407020526,-0.7509150698531517,-0.5172470414471041,-0.7336335067941494,0.4462511813238257,Cancelled,1.0
SHP003866,Jaipur,Mumbai,Globalline,2026-03-14,2026-03-13,2026-03-15 04:20:09.817024,2026-03-14 18:56:23.694868,-0.4062698993557846,-0.5013872416257291,-0.07438576084696673,0.19339878309278677,-0.27853866858396326,-1.3681830567522022,In Transit,3.0
SHP002739,Jaipur,Pune,Fastship,2026-03-14,2026-03-13,2026-03-17 14:18:35.423210,2026-03-16 07:31:03.631331,-0.29334200334131166,-0.47489790129564813,-0.7294739495696645,2.667622313593473,-0.6882216019715136,-2.3754234253671918,Cancelled,3.0
SHP003412,Lucknow,Hyderabad,Globalline,2026-03-13,2026-03-13,2026-03-13 16:24:13.591635,2026-03-13 14:07:41.383665,0.3014938323663772,0.025838039496250055,-0.5711843255114274,-0.31585109084411034,-0.3006569167757694,0.3358672164620359,Delivered,3.0
SHP004947,Lucknow,Pune,Fastship,2026-03-14,2026-03-13,2026-03-14 23:17:53.617182,2026-03-14 18:20:23.020939,0.5301299487059633,0.13556685860466655,-0.17183422401950255,-0.021607479667689448,0.02070753049187101,-0.30618764320522524,In Transit,5.0
SHP002997,Kolkata,Ahmedabad,Fastship,2026-03-14,2026-03-14,2026-03-16 18:11:17.163720,2026-03-15 22:19:38.482733,-0.7048213350982496,-0.5090124043071049,2.6196431592659315,1.8088603022807008,2.66581686726266,-2.3754234253671918,Cancelled,3.0
SHP002877,Lucknow,Pune,Fastship,2026-03-14,2026-03-14,2026-03-15 01:59:37.261100,2026-03-14 21:49:54.125443,0.04707254573942402,-0.04553128453781586,0.5802685726417895,0.0934300823448262,0.44113907240540473,-0.11556919299316133,Delivered,4.0
SHP004331,Mumbai,Chennai,Fastship,2026-03-15,2026-03-14,2026-03-16 09:37:40.216117,2026-03-16 13:30:30.179248,0.8197231228677235,0.33112557237195284,1.957314165575929,0.41924295931146616,1.650691975914108,1.350000480688524,Cancelled,3.0
SHP001211,Ahmedabad,Pune,Ecotrans,2026-03-14,2026-03-14,2026-03-14 09:43:30.559252,2026-03-14 09:21:35.215445,-0.18000861447649247,-0.06997098860060755,-0.7465905076543738,-0.6008833789249268,-0.6326403411920335,0.7930163732699901,Delivered,5.0
SHP001606,Lucknow,Bangalore,Globalline,2026-03-14,2026-03-14,2026-03-14 10:49:59.994404,2026-03-14 07:05:06.686453,1.7100032846683995,0.8538747304554509,-0.8600897917056676,-0.5535882702436099,-0.27997882478300173,-0.01653081395239905,In Transit,3.0
SHP003915,Kolkata,Ahmedabad,Fastship,2026-03-13,2026-03-14,2026-03-15 18:10:19.886629,2026-03-15 12:28:32.914372,0.08954940832521441,0.46891247224146687,-0.3837087332201766,1.8081812772753187,-0.3123225437339936,-0.48277395146745167,Delivered,1.0
SHP004131,Pune,Ahmedabad,Globalline,2026-03-15,2026-03-14,2026-03-15 10:28:04.189900,2026-03-15 08:55:16.315333,0.6065029770363964,0.1444153447755319,-0.593044051875903,-0.569187249710498,-0.7719973698394129,0.5103234473731072,In Transit,4.0
SHP004791,Kolkata,Kolkata,Fastship,2026-03-15,2026-03-14,2026-03-15 15:00:19.329494,2026-03-15 14:21:51.102288,0.3529976409838344,-0.004777942994888717,-0.12148820778040886,-0.37553271643020886,-0.11152566957228588,0.7270130616001758,Delayed,1.0
SHP000858,Lucknow,Bangalore,Fastship,2026-03-14,2026-03-14,2026-03-14 22:14:38.430154,2026-03-14 20:21:12.826342,0.09998457667188479,0.32426516698771646,-0.3391833184193497,-0.06659975955834999,-0.23912783561272033,0.4280436658772552,Delayed,2.0
SHP001589,Pune,Bangalore,Globalline,2026-03-14,2026-03-14,2026-03-14 16:29:08.150646,2026-03-14 12:58:48.360289,0.839422163333778,0.9473655780851102,-0.2602205260249209,-0.31235906756235743,-0.27048801960083174,0.04153748899628213,Delivered,1.0
SHP003191,Ahmedabad,Bangalore,Ecotrans,2026-03-15,2026-03-14,2026-03-15 21:59:27.999136,2026-03-15 19:21:47.708501,-0.09141861351091052,-0.323264847539648,0.06662505819670464,-0.07739300027657868,0.06301726121220881,0.2515696489476821,Delivered,5.0
SHP000203,Chennai,Jaipur,Ecotrans,2026-03-15,2026-03-14,2026-03-15 17:12:09.550125,2026-03-15 14:13:43.765710,-0.3593684594330024,-0.5092356618243773,-0.36361462090298147,-0.2817563470650419,-0.5562181752332158,0.1687737091354633,Cancelled,5.0
SHP003780,Pune,Lucknow,Globalline,2026-03-14,2026-03-14,2026-03-14 17:26:50.820998,2026-03-14 15:35:09.802149,-0.6748485512800114,-0.6715360827854914,-0.5912507213096887,-0.2713088024482578,-0.5557786063347769,0.4349960974677293,Cancelled,5.0
SHP004507,Lucknow,Ahmedabad,Globalline,2026-03-16,2026-03-15,2026-03-16 16:46:55.626817,2026-03-16 07:40:02.394961,-0.6146111728705503,-0.5392235568161831,-0.38487679563683636,-0.29970404257866545,-0.2510301407478952,-2.3754234253671918,Delivered,4.0
SHP000760,Pune,Ahmedabad,Fastship,2026-03-15,2026-03-15,2026-03-15 12:58:49.929717,2026-03-15 07:56:29.486787,-0.32281531594727125,-0.47467241202701393,-0.8733011295644934,-0.46194919935719,-0.5163211053712911,-0.3254556068329707,Delayed,3.0
SHP000095,Ahmedabad,Delhi,Ecotrans,2026-03-15,2026-03-15,2026-03-15 07:56:31.382100,2026-03-15 06:21:59.144104,1.1645437366996825,0.8439946754820707,-0.9032188610565306,-0.6769832951931067,-1.0902470277209684,0.503385742564914,Delivered,1.0
SHP002036,Delhi,Kolkata,Ecotrans,2026-03-15,2026-03-15,2026-03-15 07:09:17.978117,2026-03-15 05:01:21.176926,-0.6930313526023663,-0.7255560018434172,-0.9782550931259011,-0.7105735515066572,-0.9388149284308986,0.3701296024635892,Delayed,1.0
SHP001947,Pune,Chennai,Fastship,2026-03-16,2026-03-15,2026-03-16 13:06:10.678249,2026-03-16 12:01:42.779262,-0.6719060347863569,-0.5190554821384785,-0.7182699604902919,-0.45672408629143224,-0.8635947277376678,0.6233317000549645,Delivered,3.4301601423487544
SHP000908,Kolkata,Chennai,Ecotrans,2026-03-15,2026-03-15,2026-03-15 16:41:58.634344,2026-03-15 14:06:33.931586,6.895037347644361,6.736424553883601,-0.4688490790443972,-0.30322491477065117,-0.08305816428057895,0.26058304257808507,In Transit,5.0
SHP003666,Hyderabad,Kolkata,Ecotrans,2026-03-15,2026-03-15,2026-03-17 03:44:53.639394,2026-03-17 02:51:38.646702,-0.5081282594560756,-0.5073602997543248,1.6903822859906052,1.192590996266669,1.9797249180642518,0.6680640865146408,Cancelled,5.0
SHP002075,Kolkata,Ahmedabad,Ecotrans,2026-03-14,2026-03-15,2026-03-15 12:41:11.883289,2026-03-15 13:03:45.821660,-0.44885104178097274,-0.3954163677963397,1.017317348915187,0.5497872533748819,1.1055567975656198,0.9704606368226478,In Transit,5.0
SHP004988,Chennai,Ahmedabad,Ecotrans,2026-03-15,2026-03-15,2026-03-15 23:32:06.262071,2026-03-15 23:04:15.127781,-0.3300786093588128,-0.03258822597444726,0.20407036196505512,-0.011499298644768098,-0.12080769814697355,0.7693647036356157,Delivered,2.0
SHP000953,Ahmedabad,Lucknow,Globalline,2026-03-15,2026-03-15,2026-03-15 23:15:46.212843,2026-03-16 03:24:16.193749,0.2190197307416293,0.061527453113097014,-0.049909461640915045,-0.023117869439708633,-0.07738987186147958,1.350000480688524,Cancelled,3.4301601423487544
SHP004880,Delhi,Bangalore,Ecotrans,2026-03-16,2026-03-15,2026-03-16 14:24:21.156610,2026-03-16 11:50:56.277498,3.1286311932327733,2.773690903419974,-0.5468186635990682,-0.4011180479961624,-0.5050485281232646,0.2685484869196027,In Transit,4.0
SHP000315,Pune,Hyderabad,Globalline,2026-03-16,2026-03-16,2026-03-17 04:29:24.645275,2026-03-16 17:59:10.942761,0.3825288776835313,-0.02104251048733106,0.12720570111278529,0.19997632136683846,0.2846190895091964,-1.633263034363454,Cancelled,3.0
SHP000997,Hyderabad,Bangalore,Ecotrans,2026-03-16,2026-03-16,2026-03-17 12:31:11.050498,2026-03-16 22:04:14.767822,0.5374026446123739,0.9665677058172396,0.4123700424660373,0.5426643271816608,0.36615148567229416,-2.3754234253671918,Delayed,3.4301601423487544
SHP001807,Jaipur,Mumbai,Globalline,2026-03-16,2026-03-16,2026-03-17 07:41:36.482227,2026-03-17 02:37:50.364835,0.07946392676553386,0.0670324339887341,0.5081357703466393,0.33668727445775215,0.3440944938524327,-0.33115093643886884,In Transit,1.0
SHP002383,Jaipur,Jaipur,Globalline,2026-03-17,2026-03-16,2026-03-18 00:57:43.573408,2026-03-17 16:38:53.983242,0.9311744441820926,1.395338856703866,-0.23307309794258885,0.04940398433529275,-0.2240091244008093,-1.109155646659135,Delivered,3.0
SHP001942,Delhi,Ahmedabad,Globalline,2026-03-16,2026-03-16,2026-03-16 05:10:05.208372,2026-03-16 04:50:29.085561,-0.7705746761487967,-0.7472478043549114,-1.1092679165413994,-0.7953702732411017,-0.9114023375812574,0.802271283563812,Delayed,4.0
SHP002510,Pune,Hyderabad,Globalline,2026-03-16,2026-03-16,2026-03-16 21:44:50.575734,2026-03-16 23:26:29.176850,6.570467793678254,5.253438176823891,-0.011366445474691685,-0.08779493277052497,0.11941360640788574,1.2858687242595008,Delivered,5.0
SHP004149,Pune,Delhi,Globalline,2026-03-17,2026-03-16,2026-03-17 09:43:11.241993,2026-03-17 05:57:28.048113,-0.18212022380646803,0.016693295075300645,-0.6206901364416125,-0.6011123867470598,-0.7436278834614735,-0.01984705080663741,Delivered,2.0
SHP002644,Kolkata,Ahmedabad,Ecotrans,2026-03-16,2026-03-16,2026-03-17 18:09:11.828393,2026-03-17 00:58:22.845662,0.35576549561419296,0.6027594965934796,0.8832896222587152,0.7830947535653273,0.9173451577696724,-2.3754234253671918,Delivered,3.0
SHP002369,Jaipur,Kolkata,Ecotrans,2026-03-16,2026-03-16,2026-03-17 01:22:34.444796,2026-03-17 03:49:30.661843,0.06443990234930282,0.465157495895345,-0.11647922866253949,0.06707839728520502,-0.18019830474955018,1.350000480688524,Delayed,5.0
SHP001061,Kolkata,Chennai,Ecotrans,2026-03-16,2026-03-16,2026-03-16 15:49:44.605736,2026-03-16 11:57:01.446134,-0.6540248407366621,-0.6002364686387943,-0.10857337230382542,-0.3403791027587933,0.18539280292094265,-0.04776485914921056,Delivered,4.0
SHP001765,Hyderabad,Delhi,Fastship,2026-03-17,2026-03-16,2026-03-18 00:58:35.253895,2026-03-17 21:30:14.920996,-0.2103447805039118,-0.15440431400129,0.03769163855422823,0.05001666110083119,0.07437165216575652,0.04947859047869069,In Transit,3.4301601423487544
SHP001111,Ahmedabad,Hyderabad,Ecotrans,2026-03-16,2026-03-16,2026-03-17 05:51:38.053585,2026-03-17 08:20:22.141267,-0.6303594259279006,-0.648157116627797,0.9967486367643684,0.25846231581979284,0.9351122785078373,1.350000480688524,In Transit,4.0
SHP004583,Chennai,Bangalore,Fastship,2026-03-16,2026-03-16,2026-03-16 12:45:58.927178,2026-03-16 08:30:41.433501,0.24336278113194157,0.33526801212953794,-0.8744690752160879,-0.47108950305622627,-0.8275880892339473,-0.13779610969414444,In Transit,2.0
SHP000602,Ahmedabad,Mumbai,Fastship,2026-03-16,2026-03-16,2026-03-16 11:16:35.966619,2026-03-16 07:54:29.285669,-0.4824029109027605,-0.5162047530704725,-0.864318761094002,-0.5346678776383499,-0.8185967873769163,0.07431762602981344,Cancelled,5.0
SHP004084,Ahmedabad,Ahmedabad,Globalline,2026-03-16,2026-03-16,2026-03-16 07:07:25.826611,2026-03-16 08:45:45.569393,-0.2215231794830692,-0.40903069855274865,-1.0157374332160525,-0.7119031175904914,-1.2584780346909121,1.272649338568934,Delivered,4.0
SHP001694,Bangalore,Bangalore,Ecotrans,2026-03-16,2026-03-16,2026-03-16 14:57:31.274990,2026-03-16 16:40:14.116802,-0.5891981619985063,-0.6254013093651405,0.005393516344967792,-0.3775250175319988,-0.02275999753304415,1.2901392143132615,Cancelled,5.0
SHP004446,Pune,Pune,Ecotrans,2026-03-17,2026-03-16,2026-03-17 18:29:30.561345,2026-03-17 15:44:56.416917,-0.6567281994636553,-0.5730211718731774,0.06160158018145978,-0.22673674611819916,-0.2235782864644847,0.22405813962783103,Delivered,3.4301601423487544
SHP003493,Bangalore,Ahmedabad,Fastship,2026-03-17,2026-03-16,2026-03-18 00:53:12.099729,2026-03-17 20:07:15.635733,-0.4294842714415969,-0.4274998492225673,0.39132516376685855,0.04618563971590228,-0.27997882478300173,-0.2600442319195164,In Transit,3.0
SHP004404,Bangalore,Ahmedabad,Ecotrans,2026-03-17,2026-03-17,2026-03-17 16:39:36.224602,2026-03-17 12:53:51.689837,-0.8088566972881921,-0.6923902743029329,-0.5781819767929988,-0.3049131949232062,-0.3643414113859038,-0.01993618801112441,In Transit,2.0
SHP001848,Pune,Pune,Globalline,2026-03-17,2026-03-17,2026-03-17 14:01:01.485692,2026-03-17 11:43:39.573809,-0.8007360573552739,-0.7906593117985606,-0.652965509924959,-0.4177112712620925,-0.768254387021661,0.3325630793757955,Delivered,5.0
SHP004908,Jaipur,Hyderabad,Globalline,2026-03-17,2026-03-17,2026-03-17 16:22:08.051711,2026-03-17 13:36:21.643258,2.6595138151612243,3.1771146468384996,-0.6546735611897393,-0.31733937780995003,-0.3729262035013345,0.21925428756484555,Delivered,3.0
SHP003122,Ahmedabad,Chennai,Fastship,2026-03-18,2026-03-17,2026-03-18 18:45:27.279853,2026-03-18 15:03:02.938388,-0.7945717709072201,-0.7859046939784603,-0.5252370647844694,-0.21539476308665415,-0.7945448960420737,-0.006628058589868379,Delayed,5.0
SHP000653,Chennai,Hyderabad,Globalline,2026-03-16,2026-03-17,2026-03-17 14:40:00.200285,2026-03-17 00:20:28.961630,-0.7815841511326271,-0.6925191768820188,2.4636947236437874,0.6342940855951414,2.4533947784756402,-2.3754234253671918,Cancelled,3.0
SHP003194,Lucknow,Hyderabad,Ecotrans,2026-03-17,2026-03-17,2026-03-19 01:25:11.354453,2026-03-18 20:47:14.762911,1.9010589175726846,1.155652734562569,1.2247287226760264,1.0932182624965125,1.2771818792625678,-0.2281440398375249,Delayed,3.0
SHP000645,Delhi,Lucknow,Fastship,2026-03-17,2026-03-17,2026-03-17 19:11:57.108184,2026-03-17 10:48:39.910937,0.004480363492215602,-0.17101567291513992,-0.42725183979074943,-0.19654720677273638,-0.27997882478300173,-1.126945201394446,Delivered,3.0
SHP004918,Ahmedabad,Bangalore,Ecotrans,2026-03-17,2026-03-17,2026-03-17 08:36:36.309262,2026-03-17 07:44:23.745322,0.13266058747489,-0.04639166016578385,-1.0586555690358264,-0.6484726697104664,-0.8829037617163613,0.6722141250585056,Delivered,4.0
SHP000112,Jaipur,Bangalore,Ecotrans,2026-03-18,2026-03-17,2026-03-18 18:09:49.457004,2026-03-18 12:10:24.409518,-0.49391601153163656,-0.5490393340776887,-0.5012407706639579,-0.24073884317421926,-0.6054876118721599,-2.3754234253671918,Delivered,4.0
SHP001582,Jaipur,Bangalore,Globalline,2026-03-17,2026-03-17,2026-03-17 16:44:07.955597,2026-03-17 17:42:03.456837,-0.6212002623172262,-0.4435260940772126,-0.5681461136405273,-0.3016917998108213,-0.5395367929403216,1.1114944937798157,Cancelled,3.0
SHP001291,Chennai,Mumbai,Ecotrans,2026-03-18,2026-03-17,2026-03-18 17:42:59.007695,2026-03-18 14:13:07.421771,-0.5972986062641934,-0.4647566927093531,-0.36563322129135517,-0.2598308630122163,-0.5015505696128649,0.04341241810038874,Cancelled,4.0
SHP004060,Bangalore,Delhi,Ecotrans,2026-03-17,2026-03-17,2026-03-18 06:43:46.695656,2026-03-17 22:41:54.527641,-0.49135809183833645,-0.36310350613374676,0.48264805662757143,0.295552645942808,0.4554383050322381,-1.0415210871530938,Delayed,5.0
SHP003377,Bangalore,Pune,Fastship,2026-03-17,2026-03-17,2026-03-17 09:10:19.870809,2026-03-17 06:05:18.340562,-0.5140811295869224,-0.5695678888966934,-1.0010013489846192,-0.6244831675326604,-0.7667809804144224,0.14246595183200383,Delayed,3.0
SHP004321,Lucknow,Pune,Globalline,2026-03-17,2026-03-17,2026-03-17 11:42:13.226153,2026-03-17 11:13:35.332448,0.2830510555025097,-0.03808195053834749,-0.4963126325972403,-0.5164435290846576,-0.5188718862598338,0.7662563061693557,Delayed,4.0
SHP003225,Hyderabad,Hyderabad,Fastship,2026-03-19,2026-03-18,2026-03-19 11:48:09.583505,2026-03-19 11:21:27.339674,-0.753999174086399,-0.7632450897891794,-0.5786233702385588,-0.5122188809661078,-0.49190322630700206,0.7739442931836262,Cancelled,1.0
SHP003250,Kolkata,Delhi,Ecotrans,2026-03-19,2026-03-18,2026-03-19 13:49:21.769972,2026-03-19 10:39:53.270781,-0.23368661250475342,-0.3824928892932373,-0.4311554862790409,-0.4260064633795866,-0.3281413281886896,0.12471881814567126,Cancelled,4.0
SHP001838,Jaipur,Ahmedabad,Globalline,2026-03-18,2026-03-18,2026-03-18 10:51:12.528554,2026-03-18 07:05:06.621876,0.18722697576755004,0.08832846687167398,-0.9953556936068596,-0.5527283714434558,-0.7479507781029676,-0.021356915798636807,Delivered,2.0
SHP001281,Delhi,Ahmedabad,Fastship,2026-03-18,2026-03-18,2026-03-19 15:59:12.170497,2026-03-19 03:04:44.524184,0.816882596156567,0.4785180454759043,1.0500869971578008,0.6906291152536655,-0.27997882478300173,-2.208546043741732,Delivered,5.0
SHP001570,Bangalore,Chennai,Ecotrans,2026-03-18,2026-03-18,2026-03-19 00:06:15.746963,2026-03-18 20:52:48.377874,-0.8772584635684995,-0.8263236782757656,-0.03192813521221653,0.012797527094660258,0.05040973407386087,0.10883960781532445,Delivered,4.0
SHP004923,Lucknow,Kolkata,Fastship,2026-03-18,2026-03-18,2026-03-18 09:09:06.459555,2026-03-18 10:01:07.459852,0.48541513031290506,0.18100486588578668,-0.6779058582301386,-0.6253534644772688,-0.5217051069581545,1.08792854811929,In Transit,1.0
SHP001398,Bangalore,Kolkata,Ecotrans,2026-03-18,2026-03-18,2026-03-22 07:43:23.871072,2026-03-21 23:25:23.534330,-0.6924114412623259,-0.721613605736162,4.186653357240854,3.410799440572986,4.494399526316063,-1.1058814564588038,Delivered,4.0
SHP003089,Lucknow,Ahmedabad,Globalline,2026-03-18,2026-03-18,2026-03-18 17:27:21.386216,2026-03-18 14:24:19.897319,-0.6479227584344954,-0.637478875603136,-0.40997774189123426,-0.270946449075205,-0.38571405588472074,0.1504458683511995,In Transit,1.0
SHP001922,Bangalore,Bangalore,Fastship,2026-03-18,2026-03-18,2026-03-19 06:55:46.787745,2026-03-18 16:56:00.633972,-0.8020452361304387,-0.7916207270796989,0.6738435492260401,0.30408940172026394,1.121249373386443,-2.3754234253671918,Cancelled,1.0
SHP003748,Hyderabad,Bangalore,Ecotrans,2026-03-17,2026-03-18,2026-03-18 06:57:06.948081,2026-03-18 07:02:25.012443,2.128147056925828,3.4109187024929803,0.5176796898119486,0.30503970963962374,0.4401901996926321,0.9015994642664865,Delivered,1.0
SHP001384,Jaipur,Bangalore,Globalline,2026-03-19,2026-03-18,2026-03-19 03:55:15.960301,2026-03-19 03:24:40.042237,1.6989912172243888,0.9437839404216206,-1.2350476351333817,-0.8485907085369672,-1.2789364601114594,0.7584104719459687,Delivered,3.0
SHP003376,Bangalore,Bangalore,Fastship,2026-03-18,2026-03-18,2026-03-18 21:49:18.071991,2026-03-18 09:21:00.663016,-0.6000243601008299,-0.6648751093292535,-0.006650276630583981,-0.08462374085031178,0.1011697775975619,-2.1041623220278063,Delivered,1.0
SHP001015,Ahmedabad,Jaipur,Globalline,2026-03-18,2026-03-18,2026-03-18 19:32:58.605104,2026-03-18 15:02:49.481657,1.3634501636263272,1.1408929139441037,0.02904984679609538,-0.1815920485464976,0.3204939304465822,-0.19706844485723327,Delivered,5.0
SHP003078,Mumbai,Bangalore,Ecotrans,2026-03-18,2026-03-18,2026-03-19 06:53:18.109779,2026-03-19 03:01:33.258503,-0.29793285103205913,-0.47925427825722205,0.3670115694155548,0.3023268112106637,-0.27997882478300173,-0.043888731682682924,Delivered,1.0
SHP004535,Ahmedabad,Pune,Globalline,2026-03-18,2026-03-18,2026-03-19 02:22:42.940497,2026-03-18 21:08:50.068872,0.0874336707915874,0.32984209487762306,0.24006755901069873,0.10985743487636111,0.24595638943549877,-0.37148577211847933,Delivered,4.0
SHP002082,Delhi,Bangalore,Ecotrans,2026-03-18,2026-03-18,2026-03-19 18:03:55.381091,2026-03-19 10:25:18.490052,-0.6909082351242144,-0.7267328847354027,1.1260069028211217,0.7793432426452684,1.2407054811350753,-0.9487681000396051,Delayed,3.0
SHP003478,Bangalore,Jaipur,Ecotrans,2026-03-18,2026-03-18,2026-03-18 15:05:40.046590,2026-03-18 13:26:29.657229,-0.3125848604725695,-0.45786577634291414,-0.1970410269099327,-0.3717305867269654,-0.09155067720140153,0.4848952418132953,In Transit,4.0
SHP001424,Delhi,Ahmedabad,Ecotrans,2026-03-19,2026-03-18,2026-03-19 18:58:39.100475,2026-03-19 09:49:22.169132,0.1743118708678393,0.29094695691847827,-0.5001055717806923,-0.20600765916186295,-0.8449688378352739,-1.3104023826178988,Delivered,2.0
SHP004218,Delhi,Lucknow,Ecotrans,2026-03-19,2026-03-18,2026-03-19 14:42:23.040990,2026-03-19 10:52:34.226287,0.3880441279810005,0.5530755120366208,-0.7218201475229024,-0.3882922124081597,-0.5894176560882378,-0.036175038311910726,Cancelled,5.0
SHP002689,Mumbai,Lucknow,Ecotrans,2026-03-18,2026-03-18,2026-03-18 12:57:35.868308,2026-03-18 14:54:53.127203,-0.5438635644712255,-0.34009484331022477,-0.7761703446436452,-0.4628272039465532,-0.6543484763516986,1.3482673120504047,Delivered,5.0
SHP002008,Ahmedabad,Hyderabad,Fastship,2026-03-18,2026-03-18,2026-03-18 21:17:44.694330,2026-03-18 17:57:32.013440,-0.3802421876818147,-0.32497542521313433,-0.44288090742719194,-0.1070699014801185,-0.691254022417826,0.08189593935254195,In Transit,5.0
SHP001443,Kolkata,Chennai,Globalline,2026-03-19,2026-03-19,2026-03-19 07:28:26.075454,2026-03-19 06:48:00.852250,-0.43756317209621787,-0.5068243844610375,-0.8172099491769855,-0.6969627554221417,-0.5802945281338083,0.719235589111571,Delivered,3.4301601423487544
SHP002202,Kolkata,Jaipur,Fastship,2026-03-18,2026-03-19,2026-03-19 16:21:16.886906,2026-03-19 04:45:56.437474,-0.42754783900584603,-0.18453725051585534,0.6974384511504835,0.7063337461372957,1.0292713698614349,-1.892969496072399,Delivered,3.0
SHP000949,Jaipur,Bangalore,Globalline,2026-03-19,2026-03-19,2026-03-20 00:40:17.596368,2026-03-19 16:07:29.512083,0.30303911105334436,0.007091227183609785,-0.2246801367738779,0.03700383345861855,-0.2718791157630445,-1.164895715156003,Cancelled,4.0
SHP004365,Pune,Chennai,Ecotrans,2026-03-19,2026-03-19,2026-03-19 15:58:18.606157,2026-03-19 11:11:47.658080,0.8510978542179829,0.8299705637859914,0.20225533065106274,-0.33428558203789616,0.26345390120693635,-0.2623366094012857,In Transit,1.0
SHP000714,Kolkata,Ahmedabad,Globalline,2026-03-19,2026-03-19,2026-03-19 11:39:39.173841,2026-03-19 08:26:44.103048,-0.6604999584809325,-0.6750894452153734,-0.7674080405510461,-0.5182698329527907,-1.0569238556162486,0.11098668218421702,Delivered,4.0
SHP000569,Jaipur,Bangalore,Fastship,2026-03-19,2026-03-19,2026-03-19 10:52:20.655144,2026-03-19 10:24:02.297443,-0.24014906662795923,-0.20431186849889385,-0.41252637059875424,-0.5519207246509464,-0.27997882478300173,0.7675549893401021,In Transit,4.0
SHP003481,Hyderabad,Pune,Ecotrans,2026-03-19,2026-03-19,2026-03-21 15:26:35.938328,2026-03-20 18:20:16.332971,0.2073305950224419,0.3254808082251842,1.9263805177393167,1.6917174961063992,2.1716973798490793,-2.3754234253671918,In Transit,3.0
SHP000143,Jaipur,Chennai,Globalline,2026-03-19,2026-03-19,2026-03-19 21:24:37.380244,2026-03-19 21:18:44.808390,-0.8238586218517718,-0.6955783081614982,0.2813544746257964,-0.10217747325433828,0.48476119914964017,0.8570179844811519,In Transit,3.0
SHP001309,Bangalore,Jaipur,Globalline,2026-03-19,2026-03-19,2026-03-19 08:28:07.654219,2026-03-19 06:08:58.186627,-0.10292153309837242,0.35575036661338477,-0.8232429822089026,-0.654502820503004,-0.5420897027038314,0.32541316329285486,Cancelled,3.0
SHP004974,Lucknow,Ahmedabad,Ecotrans,2026-03-20,2026-03-19,2026-03-20 16:08:35.680722,2026-03-20 17:59:50.200121,0.6721860925179856,0.9328911187822253,-0.6594277248865743,-0.32697010816436556,-0.3683370338620284,1.3241536970644425,Cancelled,1.0
SHP001769,Jaipur,Jaipur,Ecotrans,2026-03-19,2026-03-19,2026-03-19 18:31:15.129737,2026-03-19 11:46:55.544744,-0.3720342491375183,-0.41627896518841934,-0.3952886814213874,-0.2254970785285704,-0.14964385731850333,-0.7322341279995425,Delayed,3.4301601423487544
SHP004364,Pune,Chennai,Globalline,2026-03-19,2026-03-19,2026-03-19 11:07:36.023939,2026-03-19 06:03:17.770713,-0.6126891084448998,-0.6768030213584202,-0.9183449512993062,-0.5410689461500006,-0.88346300119713,-0.3332872109192439,Delivered,4.0
SHP003414,Ahmedabad,Kolkata,Globalline,2026-03-19,2026-03-19,2026-03-19 12:26:13.698567,2026-03-19 10:17:13.685275,0.4221983179085582,0.7537061070061706,-0.7619056110267323,-0.4851404936865576,-0.8872136957359946,0.3659274897000875,Delivered,3.0
SHP001856,Pune,Delhi,Globalline,2026-03-20,2026-03-19,2026-03-20 09:36:05.205645,2026-03-20 06:19:06.605816,-0.8357133841421157,-0.7124973507523119,-0.7744888871650634,-0.6061630855551527,-0.7637269528749426,0.09479774914339237,In Transit,4.0
SHP001352,Bangalore,Bangalore,Fastship,2026-03-19,2026-03-19,2026-03-21 23:01:37.945571,2026-03-21 07:00:26.802363,-0.46618427088747294,-0.24972522880402845,2.459412743780175,2.01538522110458,2.561527954086375,-2.3754234253671918,Delivered,3.0
SHP004898,Bangalore,Delhi,Globalline,2026-03-19,2026-03-19,2026-03-19 13:59:39.580157,2026-03-19 09:04:16.705974,-0.836476647539634,-0.7557971516589419,-0.42490584889096905,-0.4186822686629773,-0.8362010219651178,-0.29769714075369746,Delivered,5.0
SHP004116,Ahmedabad,Lucknow,Ecotrans,2026-03-20,2026-03-19,2026-03-21 20:56:30.239851,2026-03-21 19:32:46.382364,0.05154990223099601,0.4864904719579915,1.775800120144399,0.9021010145479621,2.067086295809177,0.5464877431213357,Delivered,4.0
SHP002153,Lucknow,Bangalore,Fastship,2026-03-20,2026-03-20,2026-03-20 14:43:02.592600,2026-03-20 08:37:32.515137,0.16052450435093077,0.23260979818699853,-0.27555699300387865,-0.3878233245601934,-0.008376262569897276,-0.5773768590648152,Delivered,4.0
SHP001257,Bangalore,Chennai,Ecotrans,2026-03-20,2026-03-20,2026-03-20 20:59:22.744774,2026-03-20 21:01:28.122217,-0.7527129387941787,-0.6732163921458808,0.604908517934556,-0.12013361150408391,0.3095840836097306,0.8887903320136336,Delayed,5.0
SHP000051,Kolkata,Delhi,Globalline,2026-03-20,2026-03-20,2026-03-20 07:41:33.332199,2026-03-20 08:23:19.891014,1.0428181511140355,1.8424189141215137,-0.9847971738450366,-0.6876297566671413,-0.6493655528374875,1.0470826918181828,Cancelled,3.0
SHP003758,Mumbai,Hyderabad,Fastship,2026-03-20,2026-03-20,2026-03-21 06:18:51.984060,2026-03-21 01:13:38.165071,0.36827732814595476,0.07337237788637609,0.4113653069575896,0.277832706977482,0.38858364636837694,-0.3369810226771537,In Transit,4.0
SHP004339,Ahmedabad,Delhi,Fastship,2026-03-21,2026-03-20,2026-03-21 15:36:24.598968,2026-03-21 15:30:27.478707,-0.7809829775557047,-0.7466288270101408,0.054783390152773725,-0.34986325416868586,-0.03694733112153102,0.8567156227686643,Delivered,3.4301601423487544
SHP000675,Chennai,Chennai,Globalline,2026-03-20,2026-03-20,2026-03-20 13:23:27.524774,2026-03-20 09:17:28.624718,0.5737224123680593,0.5615222953833713,-0.8514873243973993,-0.4444321784846071,-0.9490589255001562,-0.10066281800977717,Delivered,2.0
SHP002824,Hyderabad,Pune,Ecotrans,2026-03-20,2026-03-20,2026-03-20 11:15:44.714292,2026-03-20 08:09:28.583433,-0.43173122617980697,-0.36632277039161587,-0.9438491145813699,-0.5352754785356454,-0.8026941566969942,0.13750677188242053,Delivered,5.0
SHP001254,Chennai,Hyderabad,Fastship,2026-03-21,2026-03-20,2026-03-21 10:58:53.316700,2026-03-21 08:54:16.249709,-0.8143638214969081,-0.8038229493823429,-0.9184792936763634,-0.5472656869785361,-0.7575779962916092,0.38340721257067567,Delivered,2.0
SHP002227,Bangalore,Jaipur,Ecotrans,2026-03-20,2026-03-20,2026-03-21 06:43:30.481321,2026-03-21 05:37:04.391232,0.3224687344406532,0.005744208099324645,0.2274496126808816,0.2953604235613827,0.30978644513018605,0.615474781357601,Delivered,3.0
SHP004435,Jaipur,Mumbai,Ecotrans,2026-03-21,2026-03-20,2026-03-22 00:09:42.490819,2026-03-21 22:39:32.272677,0.14498262169146572,-0.1492514576196181,0.019663689410468078,0.015248493901563884,0.15796333089469883,0.5208038785763122,Cancelled,2.0
SHP004587,Kolkata,Lucknow,Ecotrans,2026-03-21,2026-03-20,2026-03-22 18:01:03.803543,2026-03-22 03:16:03.272384,-0.5093355760978268,-0.4316631529633902,2.682544147868995,0.7773091755529925,2.6858520066312637,-2.3754234253671918,Delivered,3.4301601423487544
SHP001986,Delhi,Delhi,Fastship,2026-03-21,2026-03-20,2026-03-22 13:07:22.836900,2026-03-22 12:38:36.197513,-0.7734350122261673,-0.731015800928604,0.43410962346293486,0.5684110482029764,0.438478658720121,0.7656749247348464,Delayed,1.0
SHP004409,Chennai,Delhi,Ecotrans,2026-03-20,2026-03-20,2026-03-21 09:44:21.081173,2026-03-21 00:00:52.650301,-0.7162521095212263,-0.6972679836632633,0.3123471382754416,0.4239952502104653,0.26586165664467093,-1.4467786811232832,In Transit,5.0
SHP003183,Pune,Hyderabad,Fastship,2026-03-20,2026-03-20,2026-03-20 20:50:32.434278,2026-03-20 19:20:21.415572,0.24835149272484675,-0.1402113388555627,0.018110728578243532,-0.12642048962343563,0.12013040986466617,0.5207506599654895,Cancelled,3.4301601423487544
SHP002992,Hyderabad,Ahmedabad,Globalline,2026-03-20,2026-03-20,2026-03-23 04:05:09.995210,2026-03-22 10:56:07.078292,-0.3532556536243927,-0.39746985416842573,3.295803972053089,2.2312906899602876,3.153898779161777,-2.3754234253671918,Delayed,4.0
SHP000591,Pune,Bangalore,Ecotrans,2026-03-20,2026-03-20,2026-03-20 20:31:47.008531,2026-03-20 20:19:02.262381,-0.615350190577174,-0.42803895243567897,-0.15962719908997236,-0.1397625119907193,-0.16464513244494566,0.829618122071755,Delivered,3.0
SHP000550,Jaipur,Lucknow,Globalline,2026-03-21,2026-03-20,2026-03-21 22:20:03.559353,2026-03-21 20:24:54.838024,0.027088491087864344,0.05428406095297948,0.1929062900819042,-0.06274532397218857,-0.14921731314699382,0.42118878481063304,Delivered,4.0
SHP003925,Kolkata,Jaipur,Ecotrans,2026-03-22,2026-03-21,2026-03-22 05:33:28.330945,2026-03-22 03:49:44.334203,-0.5842989415237283,-0.45003451867676636,-0.9892248311050241,-0.7787361302919578,-0.8076069703015659,0.46670680874905723,Delivered,4.0
SHP004006,Ahmedabad,Delhi,Ecotrans,2026-03-21,2026-03-21,2026-03-21 08:41:46.366436,2026-03-21 09:22:42.991999,1.8417843621447902,1.2953072462318231,-0.8086403810978402,-0.6447969143286956,-0.8160911705682752,1.0437633091013776,Delayed,5.0
SHP001198,Pune,Hyderabad,Globalline,2026-03-21,2026-03-21,2026-03-23 22:11:19.895562,2026-03-23 11:12:16.695654,-0.8033307493394474,-0.7323735125306706,3.70461980832059,1.9796059697220987,3.7372831955261128,-1.7482337908926546,Delayed,3.4301601423487544
SHP003508,Bangalore,Ahmedabad,Globalline,2026-03-21,2026-03-21,2026-03-22 15:07:49.190483,2026-03-22 11:31:32.005067,-0.21310989131414015,0.14574880023701492,0.5490793716058001,0.6540801128771763,0.3027606858825814,0.017779152929643414,Delayed,3.0
SHP002823,Pune,Hyderabad,Fastship,2026-03-21,2026-03-21,2026-03-21 21:43:36.076274,2026-03-21 19:36:12.382822,-0.09383232737015766,-0.04361975058569878,-0.0403330545444165,-0.08867813049677806,-0.13796798062484184,0.3723304856872392,In Transit,1.0
SHP000599,Jaipur,Jaipur,Fastship,2026-03-21,2026-03-21,2026-03-21 05:12:10.299826,2026-03-21 05:05:44.629359,-0.7636361289528741,-0.619784116387901,-1.2385685295624462,-0.7938873029253589,-1.3557530780260434,0.8548177079211068,Delivered,4.0
SHP000352,Bangalore,Jaipur,Ecotrans,2026-03-21,2026-03-21,2026-03-21 19:52:46.542501,2026-03-21 21:46:38.936392,-0.13205275518212445,-0.3290448039778158,-0.19504391125173426,-0.1675089450049281,-0.5271779341893408,1.3346486245762577,Delivered,3.4301601423487544
SHP000813,Delhi,Pune,Fastship,2026-03-21,2026-03-21,2026-03-22 03:44:00.045027,2026-03-21 19:05:35.671808,-0.4587879946654539,-0.25878975121147874,0.9828581812589672,0.16767594301098565,1.1384742235947753,-1.1872509920639132,Delivered,5.0
SHP000548,Jaipur,Ahmedabad,Ecotrans,2026-03-21,2026-03-21,2026-03-21 16:19:22.707367,2026-03-21 07:42:52.138237,-0.45257210383715224,-0.39031147262572957,-0.6251562843653033,-0.3192995497135356,-0.7330297720240337,-1.179685706187312,Cancelled,4.0
SHP003852,Mumbai,Ahmedabad,Fastship,2026-03-21,2026-03-21,2026-03-21 05:23:03.534026,2026-03-21 02:39:04.378203,-0.007465960935634315,-0.1574400007668044,-1.2085519420223616,-0.7861431533639539,-1.1614065971433118,0.22638405604765738,In Transit,4.0
SHP003262,Ahmedabad,Hyderabad,Fastship,2026-03-21,2026-03-21,2026-03-22 04:29:07.065411,2026-03-22 02:48:19.370847,-0.662943927666052,-0.6908846427749987,1.3709615345779644,0.19976791052423248,0.9779569068599856,0.47842674244350814,Delivered,4.0
SHP003375,Pune,Bangalore,Globalline,2026-03-21,2026-03-21,2026-03-22 14:37:07.007698,2026-03-22 02:21:39.948462,-0.49945349683751145,-0.36582077724709594,1.0719066030620072,0.6322408720657938,0.905214844558889,-2.052952246434652,Cancelled,3.4301601423487544
SHP002837,Ahmedabad,Bangalore,Fastship,2026-03-21,2026-03-21,2026-03-21 22:10:28.283785,2026-03-21 17:37:42.357880,2.7923034785745298,1.8220154594510267,0.22993887277837596,-0.06956526702136409,0.1577832831806256,-0.20749210741055057,Delivered,4.0
SHP001488,Lucknow,Hyderabad,Fastship,2026-03-22,2026-03-21,2026-03-22 17:33:47.688582,2026-03-22 21:02:02.856278,-0.7635619728078948,-0.7159295823648765,-0.6026011320636676,-0.26636680015567527,-0.7808547208554484,1.350000480688524,Delivered,3.4301601423487544
SHP004396,Kolkata,Pune,Globalline,2026-03-21,2026-03-22,2026-03-22 13:38:15.875376,2026-03-22 07:23:39.728355,-0.2743468352993802,-0.3844220588483141,1.5676548342935692,0.5903789842072629,1.8612103468924646,-0.6136775961567762,Delivered,1.0
SHP002898,Delhi,Chennai,Ecotrans,2026-03-21,2026-03-22,2026-03-22 13:28:06.229422,2026-03-22 05:07:06.676445,-0.07019235415937561,0.32455009446180116,1.617185016185105,0.5831515771786195,1.5028706955137345,-1.1177951061652136,Delivered,4.0
SHP002610,Bangalore,Bangalore,Fastship,2026-03-23,2026-03-22,2026-03-23 12:54:49.184771,2026-03-23 08:17:43.580853,-0.7345863892073766,-0.7390697105889289,-0.5093400623701931,-0.46480325210497,-0.26100508919034876,-0.22475456626835794,Delayed,4.0
SHP001413,Hyderabad,Ahmedabad,Globalline,2026-03-22,2026-03-22,2026-03-23 19:50:35.254713,2026-03-23 05:06:43.670224,-0.46917931679456937,-0.48269692936550845,0.9871177659187336,0.8552143138503402,0.9426638123959548,-2.3754234253671918,Delayed,4.0
SHP001399,Bangalore,Bangalore,Globalline,2026-03-23,2026-03-22,2026-03-23 08:47:43.655999,2026-03-23 08:12:29.846720,0.185673998854341,-0.09025840773660701,-0.7135961011260827,-0.6405612147664498,-0.3259478234717557,0.7399372650292032,Cancelled,1.0
SHP002550,Hyderabad,Mumbai,Ecotrans,2026-03-23,2026-03-22,2026-03-23 05:23:46.500390,2026-03-23 05:17:10.241272,-0.6220033656713065,-0.6018910336520175,-1.1753195683603848,-0.7856337832961557,-1.20944025419528,0.8541138125464638,Delivered,5.0
SHP004913,Kolkata,Chennai,Ecotrans,2026-03-22,2026-03-22,2026-03-25 14:12:55.720023,2026-03-25 06:42:04.786737,0.25275494037063095,0.23623843250134569,3.4431177277208636,2.663595102086236,3.3869630657211065,-0.9177929071547201,Delivered,3.4301601423487544
SHP004383,Hyderabad,Jaipur,Globalline,2026-03-22,2026-03-22,2026-03-22 03:29:38.373333,2026-03-22 02:49:06.339789,-0.28217547955236416,-0.3302132626527234,-1.2924659887374426,-0.8668189388510246,-1.1509773715710259,0.7187828622414771,Delayed,3.4301601423487544
SHP004140,Chennai,Hyderabad,Fastship,2026-03-22,2026-03-22,2026-03-22 23:33:09.831648,2026-03-22 18:48:00.852682,-0.5585984475725644,-0.5734072105691383,0.22592463771676669,-0.010745675657200844,0.14532470357683588,-0.2568875981819625,Delivered,5.0
SHP001131,Ahmedabad,Kolkata,Globalline,2026-03-22,2026-03-22,2026-03-22 11:04:09.863865,2026-03-22 07:39:04.477188,-0.9963334497483998,-0.9160602090723717,-0.861583150360107,-0.5435129921720838,-0.991455048715363,0.062437913056224176,Cancelled,2.0
SHP003601,Hyderabad,Jaipur,Ecotrans,2026-03-23,2026-03-23,2026-03-23 23:45:16.472223,2026-03-23 18:39:22.692344,0.5934262521836173,0.7708420482372508,-0.07240086430260567,-0.002131286983350104,-0.41724201939405586,-0.3396374786919584,In Transit,2.0
SHP000995,Kolkata,Chennai,Globalline,2026-03-24,2026-03-23,2026-03-24 16:37:31.094235,2026-03-24 06:35:49.390956,-0.7445633405157265,-0.5582632927976098,-0.6418524225143191,-0.3063966265666068,-0.7406972185401347,-1.5194554924103951,Delayed,3.4301601423487544
SHP004161,Jaipur,Lucknow,Fastship,2026-03-24,2026-03-23,2026-03-25 10:15:01.830526,2026-03-24 22:52:40.080104,-0.4113957481043341,-0.1030665306593464,0.37944891863545466,0.4458174975734032,0.30870212670349056,-1.8412043910200127,Delivered,5.0
SHP003771,Mumbai,Hyderabad,Fastship,2026-03-23,2026-03-23,2026-03-23 20:29:28.951960,2026-03-23 19:01:20.189926,0.16647267150949033,0.15810903121836034,-0.04660009370337626,-0.14139918492042614,0.34131347681058594,0.5288778431109196,Delayed,2.0
SHP000284,Ahmedabad,Hyderabad,Globalline,2026-03-24,2026-03-23,2026-03-24 12:22:04.543355,2026-03-24 08:00:56.259988,-0.31765139738850734,-0.03698717598093429,-0.6601766712347326,-0.48809425089874003,-0.6566021789380295,-0.1611153446243958,Delivered,3.4301601423487544
SHP003670,Ahmedabad,Mumbai,Globalline,2026-03-24,2026-03-23,2026-03-24 00:55:14.646294,2026-03-24 00:51:04.052827,0.32418270407348315,0.596914988810904,-1.0921256193998818,-0.976641247116772,-1.1879389126679596,0.8637971402888984,Delivered,2.0
SHP004356,Delhi,Ahmedabad,Ecotrans,2026-03-23,2026-03-23,2026-03-23 16:29:01.100079,2026-03-23 14:10:57.516739,4.168031959517668,4.2406457686211745,-0.40727224367217,-0.312442652653716,-0.18449472212614207,0.3297929110288614,Cancelled,5.0
SHP000406,Mumbai,Mumbai,Fastship,2026-03-23,2026-03-23,2026-03-23 07:13:01.555848,2026-03-23 06:44:29.004659,0.033582906468645174,0.3945991840689085,-0.9857504972845356,-0.7079230176108765,-0.8255761640287447,0.766611457387519,Delivered,4.0
SHP002002,Kolkata,Lucknow,Globalline,2026-03-23,2026-03-23,2026-03-23 04:24:15.105192,2026-03-23 03:13:41.035409,-0.5404025485059977,-0.509059871018023,-1.1747775671741396,-0.8279729911183547,-1.3334599023586393,0.5989899846056845,Delivered,5.0
SHP002189,Chennai,Mumbai,Fastship,2026-03-23,2026-03-23,2026-03-23 21:22:20.857323,2026-03-23 16:16:30.976987,-0.9002822984059985,-0.822670276077516,0.4977045338609664,-0.10379596462292622,0.7034476876667095,-0.3393782511207671,Cancelled,4.0
SHP000917,Lucknow,Bangalore,Fastship,2026-03-24,2026-03-23,2026-03-26 19:51:39.198356,2026-03-26 00:47:01.997331,-0.6448581463937446,-0.6285973724858591,3.1616368671105364,1.8802520586985274,3.3178122591599895,-2.3754234253671918,Delivered,5.0
SHP002729,Lucknow,Ahmedabad,Ecotrans,2026-03-23,2026-03-23,2026-03-23 11:34:29.272268,2026-03-23 09:48:02.657901,-0.16107618134659432,0.2545904184170837,-0.9419693628980268,-0.521943743669339,-0.8327677667387932,0.45589657484174223,Delivered,4.0
SHP002137,Lucknow,Ahmedabad,Ecotrans,2026-03-24,2026-03-23,2026-03-24 15:52:41.213924,2026-03-24 07:04:40.371787,0.5546086041080008,1.2503998270575443,-0.6774045589302184,-0.3382853969808715,-1.0983992499886206,-1.225572569100085,In Transit,3.4301601423487544
SHP001059,Delhi,Ahmedabad,Ecotrans,2026-03-23,2026-03-23,2026-03-23 09:26:36.348835,2026-03-23 06:56:20.075118,-0.7759115072841963,-0.7179810492662048,-0.9774450229571165,-0.6129069336554526,-0.6259772510473286,0.28108629415994074,Delivered,5.0
SHP002827,Hyderabad,Hyderabad,Globalline,2026-03-24,2026-03-24,2026-03-25 02:27:10.936159,2026-03-25 00:40:42.097937,-0.05571063477075245,-0.2728342282732968,0.560198386388271,0.11303454730226799,0.5811442812858355,0.4557487409724064,Delayed,1.0
SHP001483,Delhi,Jaipur,Globalline,2026-03-24,2026-03-24,2026-03-26 18:06:56.972024,2026-03-26 07:58:27.135433,-0.7458120854047645,-0.654113586108378,3.222974963705191,1.8057757065818982,3.1847700361032207,-1.5465867247604381,Delayed,3.4301601423487544
SHP002275,Bangalore,Hyderabad,Ecotrans,2026-03-24,2026-03-24,2026-03-26 03:53:03.412562,2026-03-25 07:25:21.899930,-0.15201850125157465,-0.3163862391093336,1.3049679004759793,1.1983973007508453,1.0866303999356808,-2.3754234253671918,Delivered,4.0
SHP003710,Chennai,Jaipur,Ecotrans,2026-03-24,2026-03-24,2026-03-25 06:26:03.261627,2026-03-24 15:22:54.421282,-0.7574558757427069,-0.6357682810284097,0.0605547104791134,0.28294554091295315,-0.27997882478300173,-2.3754234253671918,Delivered,3.4301601423487544
SHP000622,Pune,Delhi,Ecotrans,2026-03-24,2026-03-24,2026-03-25 00:08:51.750673,2026-03-24 09:55:54.361340,-0.17499736209092176,-0.1984946675848345,0.07322556109389654,0.014646964961997265,0.17277968430641708,-2.3754234253671918,Delivered,2.0
SHP003370,Mumbai,Delhi,Globalline,2026-03-25,2026-03-24,2026-03-26 19:27:11.538065,2026-03-26 17:51:27.281152,-0.6837933980785464,-0.6097361185874602,1.2250241429319517,0.8385731281006114,1.6305429515948584,0.49859818439880804,In Transit,3.0
SHP002770,Ahmedabad,Mumbai,Fastship,2026-03-24,2026-03-24,2026-03-24 17:30:41.906817,2026-03-24 12:42:00.915658,-0.6343090555350015,-0.51418381767017,-0.29603443108577787,-0.26856925951143573,-0.11651679567222592,-0.27098140503428153,In Transit,3.0
SHP003284,Delhi,Delhi,Fastship,2026-03-24,2026-03-24,2026-03-26 03:39:29.533314,2026-03-25 09:00:10.548137,-0.4357390415204066,-0.26620171059422204,1.9279752845554359,1.18874868985721,1.952850787569122,-2.3754234253671918,Delivered,4.0
SHP004022,Kolkata,Chennai,Ecotrans,2026-03-24,2026-03-24,2026-03-24 17:25:17.719617,2026-03-24 14:31:42.473847,0.6371132768868186,0.9601957676367968,-0.5690977370556661,-0.27241252760235185,-0.4812416377438418,0.18808767163838613,In Transit,5.0
SHP004764,Ahmedabad,Delhi,Fastship,2026-03-24,2026-03-24,2026-03-24 15:53:10.706307,2026-03-24 15:25:59.581117,-0.16462376895307207,0.03648954973835631,-0.44357144332019827,-0.3379357621537765,-0.06280588194822272,0.7720243644775518,Delivered,4.0
SHP004701,Jaipur,Hyderabad,Fastship,2026-03-25,2026-03-24,2026-03-25 20:54:51.828595,2026-03-25 10:27:47.414174,-0.6199972952731961,-0.4633125591391424,-0.3199674311062963,-0.12334534691248863,-0.19446918738566177,-1.6206798438193817,Delivered,4.0
SHP003373,Ahmedabad,Delhi,Ecotrans,2026-03-24,2026-03-24,2026-03-24 09:10:19.560090,2026-03-24 06:49:52.320559,0.5575678504399167,0.484005722853257,-0.7287716530919489,-0.624486851138314,-0.5736972025553523,0.3202431649484846,Cancelled,3.0
SHP001364,Kolkata,Hyderabad,Ecotrans,2026-03-24,2026-03-25,2026-03-26 02:36:04.668362,2026-03-26 03:54:04.364430,-0.7877655534948341,-0.7794584712668374,2.4561403454545285,1.1436416773216775,2.679003397186752,1.1915450280356132,Delivered,3.0
SHP001658,Lucknow,Bangalore,Globalline,2026-03-26,2026-03-25,2026-03-26 22:06:21.491446,2026-03-26 19:41:54.099029,1.2739867972437955,0.8619870958727633,0.26531757875476203,-0.07249101215637829,0.03354939633731313,0.30427866619764654,In Transit,4.0
SHP002112,Jaipur,Chennai,Fastship,2026-03-25,2026-03-25,2026-03-25 18:06:51.437361,2026-03-25 10:02:57.867888,0.7166435102596317,1.408395707688589,0.2294252778579353,-0.24284928187161037,0.44287220949211176,-1.0495914187525692,In Transit,3.0
SHP002253,Delhi,Chennai,Globalline,2026-03-25,2026-03-25,2026-03-25 02:57:12.115107,2026-03-25 02:32:43.290889,-0.8729106581561006,-0.8373439987607988,0.30504634481546417,-0.8898920032871834,0.2877150682810483,0.7828135484341161,In Transit,1.0
SHP000494,Hyderabad,Ahmedabad,Ecotrans,2026-03-26,2026-03-25,2026-03-26 09:56:43.944792,2026-03-26 07:56:44.481694,0.11129345984709701,0.01650345538239711,-1.0374489962520665,-0.5914777227611795,-0.8911009290821512,0.40186131935591035,Delivered,3.0
SHP003453,Bangalore,Hyderabad,Fastship,2026-03-25,2026-03-25,2026-03-26 12:45:57.813066,2026-03-26 13:06:28.701869,2.6772145879570246,1.934110789707118,1.7262567895499192,0.5531769763246982,1.6630435747695578,0.9622807448074123,In Transit,4.0
SHP000720,Pune,Lucknow,Globalline,2026-03-25,2026-03-25,2026-03-26 14:32:37.369751,2026-03-26 08:44:33.695904,-0.9963334497483998,-0.9161934043498372,0.6252316471210158,0.6290442902039022,0.5477487049382775,-0.5078157161664345,In Transit,4.0
SHP000866,Delhi,Mumbai,Fastship,2026-03-26,2026-03-25,2026-03-26 22:50:11.453143,2026-03-26 23:32:16.076656,-0.5552136649900384,-0.43365667063001695,-0.06175300138623622,-0.04131258223654938,-0.30832140990543416,1.0482835678661822,Delayed,4.0
SHP003662,Lucknow,Chennai,Ecotrans,2026-03-25,2026-03-25,2026-03-25 19:09:56.163150,2026-03-25 18:13:38.686615,-0.5062425262464512,-0.45528741254856653,-0.0037170393568884776,-0.1979810209080523,-0.15246987606287846,0.6559332179994,Delivered,4.0
SHP000597,Pune,Ahmedabad,Ecotrans,2026-03-25,2026-03-25,2026-03-25 21:31:28.449546,2026-03-25 20:31:26.984814,-0.7459678823490391,-0.5629667299098287,0.5830059772465254,-0.09730421010346955,0.4233470706024484,0.6410432895427043,Delivered,4.0
SHP001471,Mumbai,Hyderabad,Ecotrans,2026-03-25,2026-03-25,2026-03-25 20:27:08.895400,2026-03-25 23:17:25.656147,0.27034376384922065,0.5323978519804546,-0.07434139527238422,-0.1430595678977106,-0.23564795669575223,1.350000480688524,Delayed,5.0
SHP001810,Ahmedabad,Hyderabad,Fastship,2026-03-25,2026-03-25,2026-03-25 21:15:46.854365,2026-03-25 21:04:13.256015,-0.36562242695041713,-0.4776389707902095,0.5086831148420592,-0.10846690474482866,0.5405088389006775,0.8343477715177536,Delivered,3.0
SHP000006,Bangalore,Kolkata,Fastship,2026-03-25,2026-03-25,2026-03-25 08:52:27.652959,2026-03-25 10:08:05.700903,-0.5348708959505944,-0.6170014467474375,-0.6979153399672345,-0.6371944055410416,-0.6976665596961468,1.1821287710156723,Cancelled,3.0
SHP002679,Mumbai,Hyderabad,Globalline,2026-03-25,2026-03-25,2026-03-25 20:11:04.597580,2026-03-25 15:30:29.079983,-0.3173805871032295,-0.25014841513270675,0.23239290248907507,-0.15449140434832673,0.13046070821709518,-0.23870887146950096,Delivered,1.0
SHP002778,Hyderabad,Kolkata,Ecotrans,2026-03-25,2026-03-25,2026-03-27 04:19:41.250516,2026-03-26 23:25:05.363121,-0.4290439878002568,-0.1725698816026469,1.635152412172878,1.2173398118639644,1.5708475905232455,-0.29457362834947065,Delivered,3.0
SHP001194,Chennai,Mumbai,Ecotrans,2026-03-26,2026-03-25,2026-03-27 05:37:49.219830,2026-03-27 02:40:28.327659,-0.775188480310204,-0.7133880238985226,1.2512332409904767,0.24863641791532207,0.9844304855839223,0.17308751175317197,In Transit,4.0
SHP004977,Pune,Delhi,Fastship,2026-03-26,2026-03-26,2026-03-26 21:58:36.509858,2026-03-26 15:42:23.829139,2.539387715571567,1.3020928743466202,0.49873701032778406,-0.07800341025019097,0.523229254461311,-0.6200948086533804,Delivered,4.0
SHP003192,Delhi,Ahmedabad,Ecotrans,2026-03-27,2026-03-26,2026-03-28 05:32:08.328657,2026-03-27 16:42:03.863748,-0.7210865985817021,-0.6655289184224209,0.3438512003369027,0.24459512272768802,-0.27997882478300173,-2.191050692070624,Delayed,5.0
SHP000094,Chennai,Mumbai,Fastship,2026-03-27,2026-03-26,2026-03-27 12:13:32.846991,2026-03-27 13:12:13.464982,3.731399978076098,2.4850434287632863,-0.3158637259111329,-0.49416045682169246,0.029827702871330252,1.1144936928607767,Delivered,3.0
SHP002148,Mumbai,Delhi,Ecotrans,2026-03-26,2026-03-26,2026-03-27 13:37:01.823655,2026-03-27 10:32:34.840959,0.5501059579663649,0.0955673721736821,0.5309926965332203,0.5895010944692158,0.5887080827787009,0.1447625485707331,Delivered,3.0
SHP003410,Lucknow,Lucknow,Globalline,2026-03-27,2026-03-26,2026-03-27 17:21:17.196452,2026-03-27 10:24:08.130704,-0.6052003401835055,-0.51960268709154,-0.26578617627527207,-0.27526395112985486,-0.3654581421051122,-0.7833864366667448,Cancelled,5.0
SHP000275,Chennai,Pune,Ecotrans,2026-03-25,2026-03-26,2026-03-26 21:28:11.274061,2026-03-26 15:15:50.593769,-0.6339932119644371,-0.5994713451587762,1.1415785793532707,0.9246379442430628,1.0192990948669813,-0.6046722560089979,Delivered,3.0
SHP003845,Delhi,Jaipur,Fastship,2026-03-26,2026-03-26,2026-03-26 17:18:59.241564,2026-03-26 11:24:22.169507,0.4520399035458538,0.3672564287231387,-0.27411156129388364,-0.2768994186034023,-0.337119000939229,-0.5339674120162483,In Transit,3.4301601423487544
SHP004554,Ahmedabad,Kolkata,Ecotrans,2026-03-25,2026-03-26,2026-03-26 10:31:41.377248,2026-03-26 16:21:14.571444,-0.21540846950649042,-0.19414751280868242,0.5939122559313375,0.45766721289072854,0.35191051895187075,1.350000480688524,Delivered,4.0
SHP004624,Jaipur,Hyderabad,Ecotrans,2026-03-27,2026-03-26,2026-03-27 17:33:56.654356,2026-03-27 14:23:08.947514,-0.6450299935901864,-0.6994211059024927,-0.4282365777690751,-0.2662605101063132,-0.3596192670302156,0.11945337883945235,Cancelled,3.0
SHP001076,Hyderabad,Ahmedabad,Ecotrans,2026-03-27,2026-03-26,2026-03-28 18:52:02.213227,2026-03-28 14:52:43.733363,1.0993814034497709,0.8213903871652938,1.9053981644254319,0.8135668944722843,2.2908975582351467,-0.07404432609211449,Cancelled,1.0
SHP001209,Bangalore,Hyderabad,Ecotrans,2026-03-26,2026-03-26,2026-03-26 19:40:21.261126,2026-03-26 11:14:03.312478,-0.24143822583468966,-0.043949307663783126,0.4509374749761862,-0.17634432201492237,0.3948896665240958,-1.1389609034063586,Cancelled,5.0
SHP003995,Bangalore,Mumbai,Globalline,2026-03-27,2026-03-26,2026-03-27 12:44:31.407097,2026-03-27 12:18:01.657812,-0.8232148959837462,-0.7902031799825289,-0.17473799994298755,-0.47212706140177185,-0.27997882478300173,0.7747748855922025,In Transit,3.0
SHP003558,Bangalore,Ahmedabad,Fastship,2026-03-27,2026-03-27,2026-03-29 22:35:47.026673,2026-03-29 07:19:29.712751,0.3504781380671962,0.5961031715193847,3.335255661522325,1.996998939580862,3.0670529661439994,-2.3754234253671918,Delivered,5.0
SHP004397,Jaipur,Hyderabad,Globalline,2026-03-28,2026-03-27,2026-03-28 22:45:36.859729,2026-03-29 01:54:03.849340,-0.4645566083022079,-0.5465544988477604,-0.18761106614721224,-0.04456791158758409,-0.3316682614482117,1.350000480688524,In Transit,4.0
SHP000511,Chennai,Ahmedabad,Ecotrans,2026-03-27,2026-03-27,2026-03-27 14:22:33.025444,2026-03-27 09:59:01.992651,-0.7225563395176973,-0.7164921462603415,-0.3702217127681997,-0.4023999525890933,-0.8220084244284144,-0.17060481223404136,In Transit,5.0
SHP004557,Bangalore,Jaipur,Fastship,2026-03-27,2026-03-27,2026-03-27 06:10:39.186470,2026-03-27 05:21:56.185432,-0.7954804189757174,-0.7893331509559554,-0.974587269887299,-0.7522891395567545,-1.0014902169678854,0.6861451118683041,Delivered,1.0
SHP003883,Delhi,Pune,Fastship,2026-03-27,2026-03-27,2026-03-28 08:21:19.796235,2026-03-28 03:37:09.522313,-0.3306784952396829,-0.025546914485800324,0.7532942170313137,0.36494167407150135,0.9373191722627802,-0.2529850983319051,Delayed,3.4301601423487544
SHP004186,Lucknow,Bangalore,Fastship,2026-03-27,2026-03-27,2026-03-27 05:37:31.645730,2026-03-27 05:25:41.146306,-0.8560330932210047,-0.8094346900183407,-1.1421976780566367,-0.7758516118681118,-1.4486960292388997,0.8332242490015145,Delivered,3.4301601423487544
SHP002019,Bangalore,Jaipur,Globalline,2026-03-28,2026-03-27,2026-03-28 12:05:36.221238,2026-03-28 11:39:20.259551,0.4852215484371048,0.29593523141893385,-0.3449919402284226,-0.49981089752816577,-0.11901267107467899,0.7756914354397361,Delivered,3.0
SHP003971,Lucknow,Delhi,Fastship,2026-03-28,2026-03-27,2026-03-30 04:17:43.253495,2026-03-29 11:41:29.858978,-0.5397135659770436,-0.5365106897070387,1.5561872255945763,1.2159409466773918,1.7820818848518127,-2.3754234253671918,Delivered,2.0
SHP000971,Pune,Bangalore,Fastship,2026-03-27,2026-03-27,2026-03-27 10:14:35.337310,2026-03-27 09:51:06.713068,-0.07041809119485284,0.17291785831004028,-0.5506215184582557,-0.57877626913431,-0.35861056519730117,0.7868154259782922,In Transit,4.0
SHP003378,Mumbai,Mumbai,Fastship,2026-03-27,2026-03-27,2026-03-27 13:52:21.139171,2026-03-27 12:32:48.163884,0.06717548894375633,-0.11001503309988389,-0.06027317498824988,-0.4238800255637736,0.0747028673617074,0.5631654880163419,Delayed,4.0
SHP001326,Delhi,Ahmedabad,Ecotrans,2026-03-27,2026-03-27,2026-03-28 03:49:33.685857,2026-03-27 21:55:46.797341,-0.508396259972134,-0.49452749582619854,-0.055837907587489986,0.17163128473520947,-0.054350182252702516,-0.5306313909883471,Delivered,4.0
SHP002850,Hyderabad,Kolkata,Globalline,2026-03-27,2026-03-27,2026-03-29 03:12:19.207040,2026-03-28 23:37:49.901571,-0.21378278534562137,-0.023196864947800915,2.3705273040299977,1.169421026820108,2.1508441332946147,0.024950623186810912,Delivered,5.0
SHP003491,Delhi,Kolkata,Fastship,2026-03-28,2026-03-27,2026-03-29 02:01:06.307600,2026-03-29 05:30:19.451970,-0.32937271840024096,-0.3067698542769254,0.8882719300066867,0.09448573652690298,0.8461175510892146,1.350000480688524,In Transit,5.0
SHP004280,Pune,Chennai,Globalline,2026-03-28,2026-03-27,2026-03-28 14:10:23.670536,2026-03-28 15:27:29.396610,-0.0520196143633146,-0.16164907382628935,-0.5600313885376504,-0.41104651991894176,-0.6472643938570182,1.1879572972523331,Cancelled,3.4301601423487544
SHP001351,Hyderabad,Jaipur,Ecotrans,2026-03-27,2026-03-27,2026-03-27 20:21:38.231982,2026-03-27 22:50:20.114950,-0.2738137043798966,-0.21592940378108366,-0.38096867187544575,-0.14697961213416832,-0.2014404263326931,1.350000480688524,Cancelled,5.0
SHP000407,Bangalore,Mumbai,Fastship,2026-03-27,2026-03-27,2026-03-27 13:19:27.091273,2026-03-27 10:57:23.877867,-0.6223262000376394,-0.5288012692680847,-0.6050182596160201,-0.44728253903309584,-0.5426013453081965,0.31386316746825194,Delivered,4.0
SHP000676,Delhi,Lucknow,Fastship,2026-03-27,2026-03-27,2026-03-27 20:29:31.349001,2026-03-27 17:12:41.134494,-0.7597585217051027,-0.7158334990233794,0.06137926212123219,-0.1413707677889315,-0.1901289800669027,0.09535517514323813,In Transit,3.0
SHP002416,Delhi,Jaipur,Ecotrans,2026-03-27,2026-03-27,2026-03-27 08:37:11.745116,2026-03-27 07:33:21.496771,-0.11575961405120837,-0.27779822513388186,-0.8494716763130608,-0.6480525745083044,-0.9348071614676643,0.6258345791050096,Cancelled,4.0
SHP002709,Kolkata,Delhi,Fastship,2026-03-27,2026-03-27,2026-03-27 14:14:50.432706,2026-03-27 09:57:22.495166,-0.1131759474297229,-0.3387056599878069,-0.28014431574758614,-0.4078840306559467,-0.13934307455720163,-0.146467547804274,Delayed,3.4301601423487544
SHP001784,Delhi,Lucknow,Ecotrans,2026-03-28,2026-03-28,2026-03-28 12:01:36.063183,2026-03-28 09:20:58.966875,2.0103224980295638,1.2826022754384263,-0.41314712092759953,-0.5026579926348048,-0.15106004286253666,0.2398162447193873,Delivered,5.0
SHP003307,Chennai,Lucknow,Fastship,2026-03-29,2026-03-28,2026-03-31 00:55:55.340217,2026-03-31 01:43:30.235548,0.42236542302181507,0.2949943951657705,2.269944271862417,1.072400557498794,2.52190372570982,1.0702388485780616,Delivered,5.0
SHP002228,Kolkata,Jaipur,Ecotrans,2026-03-29,2026-03-28,2026-03-29 11:56:55.971191,2026-03-29 10:36:45.556400,2.419975081216338,3.495198008426528,-0.45167810269932307,-0.5059785081223329,-0.27997882478300173,0.5606766446599477,Cancelled,3.4301601423487544
SHP001436,Hyderabad,Ahmedabad,Fastship,2026-03-28,2026-03-28,2026-03-28 10:07:05.623367,2026-03-28 06:05:17.418129,-0.25427682719688227,-0.3053194612901964,-0.5015652372862652,-0.5841076679417504,-0.4294803948267906,-0.08399752959511875,Delivered,5.0
SHP001845,Kolkata,Kolkata,Fastship,2026-03-28,2026-03-28,2026-03-28 10:28:45.924677,2026-03-28 06:48:16.539249,-0.0671466167168354,0.2806130585506605,-0.841438787088967,-0.5686924802189033,-0.8706311838573653,0.001013804640073388,Delivered,4.0
SHP003821,Jaipur,Mumbai,Globalline,2026-03-29,2026-03-28,2026-03-29 10:05:27.874783,2026-03-29 06:39:16.552686,-0.4433255630854255,-0.27783720901956854,-0.858859967888237,-0.5852664860910308,-1.0411499124668886,0.05805476385590178,In Transit,3.0
SHP001719,Ahmedabad,Bangalore,Fastship,2026-03-28,2026-03-28,2026-03-28 11:42:06.022354,2026-03-28 08:56:11.717350,-0.26483039811970593,-0.3964546275149746,-0.48794381252221763,-0.5165289307583183,-0.12482691216053302,0.21872935330036444,In Transit,2.0
SHP002015,Kolkata,Jaipur,Ecotrans,2026-03-28,2026-03-28,2026-03-28 19:29:42.349460,2026-03-28 09:56:26.546306,-0.4309120392864995,-0.5407903862666116,-0.16480448188587257,-0.1839186766657913,-0.25247281331563387,-1.406053397319116,Delayed,2.0
SHP001833,Pune,Mumbai,Globalline,2026-03-28,2026-03-28,2026-03-28 11:04:37.394762,2026-03-28 08:04:52.740995,-0.5513426789375184,-0.4212668414096441,-0.9274859504364018,-0.5431866109300918,-0.4933067592373164,0.16353075872809908,Cancelled,3.0
SHP004026,Delhi,Mumbai,Ecotrans,2026-03-28,2026-03-28,2026-03-28 23:58:56.104559,2026-03-28 17:22:54.094321,-0.6129832673998951,-0.4782033804186408,-0.18263692482246216,0.007585527278553561,0.13061205062441328,-0.6991571507166374,In Transit,4.0
SHP004608,Kolkata,Delhi,Fastship,2026-03-28,2026-03-28,2026-03-29 02:10:38.230872,2026-03-28 22:49:51.760361,-0.10970602034435051,-0.23593643572421377,0.5541999508098235,0.10126593779572106,0.46768653578334374,0.07964972706989702,Delivered,3.4301601423487544
SHP003001,Bangalore,Lucknow,Ecotrans,2026-03-28,2026-03-28,2026-03-28 06:52:18.344952,2026-03-28 06:56:06.568832,0.005129500764404841,-0.10980141614535084,-1.073337321923923,-0.722661393395695,-1.1147906655615607,0.8956271926583756,Delivered,3.0
SHP004158,Ahmedabad,Lucknow,Ecotrans,2026-03-28,2026-03-28,2026-03-28 08:48:24.500220,2026-03-28 07:42:41.118277,-0.5160386798306551,-0.37050651344617175,-0.9563341811018097,-0.6400770028986303,-1.4197709058652959,0.6183138650547573,Delayed,1.0
SHP002324,Chennai,Jaipur,Ecotrans,2026-03-28,2026-03-28,2026-03-28 20:51:13.387567,2026-03-28 20:57:21.746564,-0.35648786595002646,-0.49796866869691037,0.011645813027585212,-0.1259349847357341,-0.27997882478300173,0.9049428704233101,Delayed,4.0
SHP004620,Jaipur,Mumbai,Ecotrans,2026-03-28,2026-03-28,2026-03-28 19:41:30.577640,2026-03-28 16:54:19.795863,1.5602999386011356,1.6869923711678003,0.45890847588330913,-0.17552256857553547,0.46842923669225695,0.21364545292605605,In Transit,3.4301601423487544
SHP002197,Ahmedabad,Lucknow,Globalline,2026-03-29,2026-03-29,2026-03-29 19:36:46.047088,2026-03-29 17:00:01.789248,-0.4641171232908598,-0.47452185054248575,-0.16885920279876399,-0.17889570359085305,-0.4190624276705785,0.25529450731054787,Delivered,5.0
SHP003012,Pune,Chennai,Ecotrans,2026-03-28,2026-03-29,2026-03-30 18:29:43.359864,2026-03-30 07:14:04.009813,-0.8756693041267665,-0.8397946498958572,-1.1031938614993615,1.8219743559929782,-1.1911510975255821,-1.8144542639356922,Delivered,3.4301601423487544
SHP003664,Hyderabad,Jaipur,Fastship,2026-03-30,2026-03-29,2026-04-01 02:27:03.823099,2026-03-31 11:09:31.133633,0.6473361650901357,0.8059707297903319,3.029384005461831,1.1372299086021038,3.4317956348680108,-2.3754234253671918,Delivered,5.0
SHP002714,Pune,Bangalore,Globalline,2026-03-29,2026-03-29,2026-03-29 04:01:44.851788,2026-03-29 03:30:40.387454,-0.7450584802677371,-0.7464667736372763,-1.2395501713117554,-0.8439803653672109,-1.1763163396853118,0.7565128187495125,In Transit,3.0
SHP003366,Chennai,Kolkata,Globalline,2026-03-29,2026-03-29,2026-03-29 15:41:23.470575,2026-03-29 11:43:54.109591,-0.48259434881993735,-0.32463965982204873,-0.254658030852488,-0.3463201046814621,-0.22731031106309982,-0.06679049603215496,Delivered,4.0
SHP003702,Hyderabad,Kolkata,Fastship,2026-03-28,2026-03-29,2026-03-30 11:27:59.773311,2026-03-29 23:24:42.223545,-0.36292672213155963,-0.22060084199936209,2.7165365124453182,1.5219980860722213,2.8168925934457105,-2.0044570848044088,Delivered,3.0
SHP001236,Kolkata,Jaipur,Fastship,2026-03-29,2026-03-29,2026-03-29 11:43:40.107876,2026-03-29 08:55:17.085885,-0.10187465224342754,0.16052072681796378,-0.43593479563328025,-0.5154135385288302,-0.07150707987281073,0.20884318373257538,Delayed,1.0
SHP004167,Hyderabad,Pune,Fastship,2026-03-29,2026-03-29,2026-03-29 09:09:11.005889,2026-03-29 08:03:29.064725,-0.6159638617173001,-0.5868517269827118,-0.8583059618340864,-0.6252995672838717,-1.1137232159772201,0.6184096428525129,Delivered,3.0
SHP004146,Kolkata,Kolkata,Ecotrans,2026-03-29,2026-03-29,2026-03-29 14:52:02.463181,2026-03-29 11:24:42.063412,0.19467202246178963,-0.14011378049738013,-0.3118516894670579,-0.3814231107857665,-0.2982781761596938,0.053462729062054695,In Transit,3.0
SHP003304,Kolkata,Ahmedabad,Globalline,2026-03-29,2026-03-29,2026-03-29 11:07:22.015404,2026-03-29 09:01:06.002602,-0.3654582574735516,-0.511929243099548,-0.44627875387291416,-0.5412350185741094,-0.22868078808621853,0.3768296514910634,In Transit,3.4301601423487544
SHP000739,Chennai,Mumbai,Globalline,2026-03-30,2026-03-29,2026-03-30 21:03:19.696594,2026-03-30 15:47:14.029629,1.2185626411161243,0.5458478127261432,-0.14091566822756507,-0.11732452660287503,0.06299717534682989,-0.38031352794876794,Delayed,1.0
SHP001340,Hyderabad,Ahmedabad,Ecotrans,2026-03-29,2026-03-29,2026-03-30 01:34:59.613245,2026-03-29 17:25:56.410878,-0.651234659570517,-0.4354691069808913,0.4571828916187504,0.07591243554558144,-0.13317206269431606,-1.0701746981451865,Delivered,5.0
SHP001551,Hyderabad,Hyderabad,Ecotrans,2026-03-29,2026-03-29,2026-03-29 15:33:40.336448,2026-03-29 16:14:00.240587,2.0019135598405753,2.212913292695587,0.06827552161570571,-0.3518106009618452,0.10453246720888844,1.0413222011166208,Cancelled,4.0
SHP001602,Lucknow,Ahmedabad,Fastship,2026-03-29,2026-03-29,2026-03-29 18:25:01.929559,2026-03-29 11:09:15.608038,-0.3459678467555931,-0.23643010316684288,-0.27504884583526457,-0.22992139984747445,-0.06845707684277948,-0.8576575757294882,In Transit,4.0
SHP004911,Lucknow,Pune,Ecotrans,2026-03-29,2026-03-29,2026-03-31 19:59:11.761987,2026-03-31 13:44:37.002549,-0.04911360723596971,-0.29528075553459754,2.2008669431715147,1.8856172408069485,2.0872531653824966,-0.6135853546374711,In Transit,5.0
SHP000668,Delhi,Delhi,Globalline,2026-03-30,2026-03-29,2026-03-31 09:08:13.927037,2026-03-31 08:07:32.837190,-0.49345765008876025,-0.3024589575945615,0.23478478696371577,0.39830344511084154,0.4283922507285513,0.6384091546403267,Delivered,3.0
SHP002851,Delhi,Lucknow,Globalline,2026-03-30,2026-03-29,2026-03-30 10:29:55.533051,2026-03-30 09:35:03.110349,0.6180418611954203,0.5211293403634565,-0.8892789843246744,-0.5678672667425377,-0.48103409771381334,0.6615872904250899,In Transit,4.0
SHP004709,Bangalore,Delhi,Ecotrans,2026-03-30,2026-03-29,2026-03-30 18:30:31.151041,2026-03-30 13:38:28.163430,-0.4612831906738127,-0.4888669786741039,-0.1913864155226424,-0.22601844988255226,-0.16030254952355724,-0.28440940150494537,Cancelled,3.0
SHP004926,Bangalore,Lucknow,Globalline,2026-03-29,2026-03-29,2026-03-29 23:03:34.589726,2026-03-30 01:45:58.115815,0.48878490120880624,0.5911840850561197,-0.3065972954279912,-0.03179132658625381,-0.38748659138586483,1.350000480688524,Cancelled,3.0
SHP001679,Bangalore,Kolkata,Globalline,2026-03-30,2026-03-30,2026-03-31 11:46:02.594912,2026-03-31 11:23:38.472534,-0.8085363996384072,-0.7709826453005649,0.736552676064781,0.5105553452227809,1.0752870433498813,0.7911032775398792,Delivered,4.0
SHP002455,Delhi,Ahmedabad,Fastship,2026-03-30,2026-03-30,2026-04-03 11:29:23.895662,2026-04-02 10:25:09.418173,-0.7362790968565088,-0.7349279451966798,-0.5165302157380295,3.5715547385632935,-0.8320457451321975,-2.3754234253671918,Delivered,4.0
SHP003985,Chennai,Kolkata,Fastship,2026-03-30,2026-03-30,2026-03-30 09:04:51.577774,2026-03-30 05:27:55.734647,0.4284924121875499,0.17622072518209073,-0.6443328062877338,-0.6283751106720185,-0.48670540045750593,0.015209327560275232,In Transit,5.0
SHP004012,Lucknow,Hyderabad,Ecotrans,2026-03-30,2026-03-30,2026-03-30 17:31:02.568209,2026-03-30 13:11:19.062710,0.32196662042123936,0.513310932958286,-0.4725776008420932,-0.26832431686641167,-0.6346741186473653,-0.15547961735778837,Cancelled,4.0
SHP002047,Kolkata,Bangalore,Ecotrans,2026-03-31,2026-03-30,2026-04-01 02:15:05.557181,2026-04-01 03:57:19.647235,0.3044180490578593,0.10464813995085537,0.17879625485723705,0.10443511497468438,0.2146147926605733,1.2882279010148014,Delivered,3.4301601423487544
SHP002949,Jaipur,Pune,Globalline,2026-03-30,2026-03-30,2026-03-30 09:46:16.641660,2026-03-30 09:00:43.534271,1.0062770422750014,1.1065114364763298,-0.5345239315190109,-0.5989144571948949,-0.30530225140797973,0.6987685575938432,Delivered,4.0
SHP000649,Chennai,Ahmedabad,Ecotrans,2026-03-31,2026-03-30,2026-03-31 11:31:55.104230,2026-03-31 07:06:46.403068,0.4029377485961883,0.38457836606318285,-0.3938100881506901,-0.5237714194755126,0.0447763744439019,-0.17709745357126375,Cancelled,2.0
SHP004912,Mumbai,Chennai,Ecotrans,2026-03-30,2026-03-30,2026-03-31 02:24:37.397263,2026-03-31 05:49:54.764431,0.21550359033103922,0.23096233551837325,0.8395642533665462,0.11121433002840835,0.5846803300441304,1.350000480688524,Delivered,5.0
SHP000223,Delhi,Hyderabad,Fastship,2026-03-30,2026-03-30,2026-03-31 05:58:27.215293,2026-03-30 23:33:36.117725,-0.021255394682460547,0.17432600501960427,0.18389418044602832,0.2633129642812948,-0.27997882478300173,-0.654557293265262,Delivered,2.0
SHP004799,Lucknow,Mumbai,Ecotrans,2026-03-30,2026-03-30,2026-03-31 06:49:32.331316,2026-03-31 03:32:09.395451,-0.2052212251970613,-0.1509361613147775,0.9415470025593589,0.29965018744714467,0.7864634277418668,0.09317997713659526,Delayed,5.0
SHP004259,Kolkata,Pune,Ecotrans,2026-03-31,2026-03-30,2026-03-31 15:17:02.087638,2026-03-31 14:45:33.835409,-0.3899768628314328,-0.5172337962497392,-0.38115958660387195,-0.3636449294194114,-0.4528705322874522,0.7549314851818093,Delayed,3.4301601423487544
SHP003094,Chennai,Pune,Globalline,2026-03-30,2026-03-30,2026-03-30 12:04:58.167296,2026-03-30 08:39:36.809161,-0.2400227712229055,-0.14364298963966715,-0.2733364185061889,-0.500262030396639,-0.3310125512441036,-1.587787514569138,In Transit,2.0
SHP003885,Lucknow,Mumbai,Fastship,2026-03-30,2026-03-30,2026-03-30 04:30:11.704328,2026-03-30 03:37:46.896021,-0.0020747724626861337,0.01065629280648052,-1.0852735693259883,-0.823745476637578,-1.0511544939502304,0.6714001636486215,In Transit,3.4301601423487544
SHP003638,Lucknow,Kolkata,Fastship,2026-03-30,2026-03-30,2026-03-30 14:49:30.888888,2026-03-30 11:26:37.194551,-0.281544820735238,-0.4510322694268431,-0.4615027314418978,-0.3832200375152294,-0.023465152666862693,0.07119234541988491,Delivered,4.0
SHP001409,Pune,Ahmedabad,Ecotrans,2026-03-30,2026-03-30,2026-03-30 18:49:25.851517,2026-03-30 13:57:48.390839,-0.6338911451675112,-0.6083550729387133,-0.5334071683994082,-0.21256647478335602,-0.6962055609754526,-0.2827124629555945,Delivered,4.0
SHP003346,Kolkata,Bangalore,Globalline,2026-03-30,2026-03-30,2026-03-30 08:17:23.973621,2026-03-30 09:14:38.282164,0.9954451635224347,1.574381953016649,-0.6615509652378109,-0.6621337112667915,-0.3314820116520902,1.1087561516730289,Delivered,3.0
SHP004205,Pune,Kolkata,Ecotrans,2026-03-29,2026-03-30,2026-03-30 12:00:43.180937,2026-03-30 04:15:28.555512,-0.641425503119991,-0.5734766966263523,0.5841148054456928,0.5209947709019143,-0.27997882478300173,-0.9752080492495528,Delivered,5.0
SHP001174,Delhi,Mumbai,Ecotrans,2026-03-30,2026-03-30,2026-03-30 09:10:45.701103,2026-03-30 06:20:41.821889,-0.17201716752233898,-0.23293563915783286,-1.0399894587282557,-0.6241769471018866,-0.8401635317955786,0.20213855886874377,Delayed,4.0
SHP002497,Bangalore,Bangalore,Globalline,2026-03-30,2026-03-30,2026-03-30 10:10:47.229488,2026-03-30 08:29:53.555854,1.8893821259226011,1.8585585138470824,-0.45959948125991196,-0.5814805076592078,-0.3152941419250691,0.4780292754085038,Delivered,5.0
SHP001461,Bangalore,Bangalore,Fastship,2026-03-31,2026-03-31,2026-03-31 07:11:16.322009,2026-03-31 06:16:17.674461,-0.7129935169716781,-0.7386648261753886,-1.0568350220539413,-0.7091705741345893,-1.229971008685147,0.6611734850869724,Delivered,3.0
SHP004626,Mumbai,Chennai,Fastship,2026-03-31,2026-03-31,2026-03-31 12:59:38.105350,2026-03-31 12:15:29.641664,-0.6748890738581835,-0.6491603173603823,-0.6561158430016412,-0.4613780729389645,-0.570277914407256,0.7043953660545575,Delayed,3.0
SHP002873,Delhi,Jaipur,Globalline,2026-03-31,2026-03-31,2026-03-31 06:08:25.898233,2026-03-31 06:16:33.286774,-0.6621286870648058,-0.6875612176000662,-1.1307702143987888,-0.7538692834640376,-1.454554992454905,0.912855525724487,In Transit,4.0
SHP001515,Chennai,Lucknow,Ecotrans,2026-03-31,2026-03-31,2026-04-01 02:45:41.894861,2026-03-31 11:24:54.570788,-0.5081890844912929,-0.4115063717442203,-0.1028044345294267,0.12620506155707614,-0.30823003229341744,-2.3754234253671918,In Transit,3.4301601423487544
SHP003044,Ahmedabad,Hyderabad,Globalline,2026-03-31,2026-03-31,2026-04-01 11:16:18.013816,2026-04-01 13:29:15.981593,-0.6243113128150167,-0.5761362979020511,1.5241443337473126,0.48939897756014766,1.5643294320642758,1.350000480688524,Delivered,3.0
SHP002784,Pune,Bangalore,Fastship,2026-03-30,2026-03-31,2026-03-31 07:34:22.382212,2026-03-31 09:16:20.701482,-0.906877173812187,-0.844280560041073,0.8630618799737857,0.33154098016154354,0.8818374636149722,1.2871795161060822,In Transit,2.0
SHP003829,Pune,Jaipur,Ecotrans,2026-03-31,2026-03-31,2026-04-01 12:14:19.115255,2026-04-01 05:38:48.959706,-0.11369954857735234,-0.3331268061759895,0.7073458980142474,0.5306677448400857,0.7414602640239935,-0.697039565743085,Delivered,5.0
SHP004002,Kolkata,Jaipur,Fastship,2026-03-31,2026-03-31,2026-03-31 20:05:36.775426,2026-03-31 22:45:55.604637,1.7890409205878246,0.954126292482267,-0.16626711056976046,-0.1583777651553986,-0.27997882478300173,1.350000480688524,In Transit,3.0
SHP000430,Kolkata,Pune,Globalline,2026-04-01,2026-03-31,2026-04-02 00:29:39.090711,2026-04-01 18:15:51.696574,-0.6777134560791594,-0.7039817578996783,0.1301268919858678,0.029434292085058687,0.06733251239121639,-0.6104366800525334,In Transit,4.0
SHP004163,Pune,Mumbai,Fastship,2026-04-01,2026-03-31,2026-04-01 13:01:05.770145,2026-04-01 10:20:36.624526,-0.6168372160850815,-0.6294995797864175,-0.2845860220629453,-0.46033879898924196,-0.1263442653207045,0.24034477788308523,Cancelled,5.0
SHP000733,Kolkata,Jaipur,Ecotrans,2026-03-31,2026-03-31,2026-03-31 16:02:20.039340,2026-03-31 17:52:07.982917,2.0964684367543795,2.157883730068245,-0.37569515547394994,-0.33142337017278795,-0.4120926699409759,1.3183984482927422,In Transit,4.0
SHP003452,Jaipur,Mumbai,Ecotrans,2026-03-31,2026-03-31,2026-03-31 07:36:04.193568,2026-03-31 07:17:49.228329,0.14369272357735702,-0.03922841934525276,-0.950123706007571,-0.6915317244235762,-1.048717251594289,0.807666346593848,In Transit,4.0
SHP000768,Chennai,Delhi,Fastship,2026-03-31,2026-03-31,2026-03-31 15:52:28.538545,2026-03-31 12:19:52.632638,-0.8064110002394647,-0.7745696329790579,0.19997852133797936,-0.3384356647218959,0.24773126272379975,0.03248901756569248,In Transit,4.0
SHP003329,Mumbai,Delhi,Ecotrans,2026-03-30,2026-03-31,2026-03-31 10:38:42.130387,2026-03-31 08:04:24.260264,-0.10628986847690758,0.0755044570284717,0.3420158979544579,0.46265527879520724,0.34401074712226554,0.26502583539954083,Delivered,4.0
SHP002295,Bangalore,Kolkata,Globalline,2026-04-01,2026-03-31,2026-04-02 22:00:29.913091,2026-04-02 19:17:40.046091,-0.6017903463193046,-0.6701919343266334,1.2001585365285217,0.9476206824346821,1.3242974742559008,0.23099012739934843,In Transit,1.0
SHP001710,Chennai,Ahmedabad,Fastship,2026-03-31,2026-03-31,2026-03-31 05:43:06.056040,2026-03-31 04:25:34.305318,-0.046734258257436885,0.3285911612764002,-0.9854445202743765,-0.7718871478934062,-0.6904944138679415,0.5712240604064043,In Transit,3.0
SHP002863,Delhi,Jaipur,Fastship,2026-03-31,2026-03-31,2026-03-31 20:58:45.623859,2026-03-31 15:33:29.149701,-0.7132517841489576,-0.7204543227483524,-0.20360767736719948,-0.1205736832573873,0.07040078625673936,-0.4169292059489945,Delivered,4.0
SHP004925,Lucknow,Lucknow,Globalline,2026-04-01,2026-03-31,2026-04-02 01:36:04.624932,2026-04-01 17:52:18.098252,-0.016197816553901817,0.09413658805535448,1.0253141665237517,0.07668315488270652,1.4207388522559277,-0.9693515620428867,Delayed,4.0
SHP001463,Pune,Hyderabad,Fastship,2026-03-31,2026-03-31,2026-03-31 22:53:47.442784,2026-04-01 05:08:31.851459,-0.1331691878840354,-0.26683144406027254,-0.27714392993661274,-0.038752005831070455,-0.3733111797718078,1.350000480688524,Delayed,5.0
SHP001317,Pune,Kolkata,Fastship,2026-04-01,2026-04-01,2026-04-03 02:17:05.991488,2026-04-02 17:34:33.978524,0.6953613853900339,0.33560147365582854,2.5785277542745457,1.130142561664434,2.8075511616054207,-1.2037131902309188,Cancelled,4.0
SHP001132,Kolkata,Kolkata,Fastship,2026-04-01,2026-04-01,2026-04-02 05:12:42.504476,2026-04-02 02:48:10.296493,1.1830147851780104,1.240465456027802,0.1360940292662784,0.23077417333304656,0.08445858200363353,0.3039585447172343,Cancelled,3.4301601423487544
SHP002309,Lucknow,Hyderabad,Fastship,2026-04-02,2026-04-01,2026-04-02 15:46:29.501284,2026-04-02 10:35:55.212028,1.9652219886220488,1.3909651938449061,-0.44216343374404216,-0.3426920833920871,-0.6539665907050624,-0.3582847315869949,Delivered,3.0
SHP004649,Chennai,Delhi,Fastship,2026-04-01,2026-04-01,2026-04-01 10:40:29.781480,2026-04-01 08:15:39.794371,-0.5392694487573445,-0.43031586726179677,-0.9967482796432173,-0.5603481951933017,-1.357855515515673,0.3027766524670699,Delayed,4.0
SHP002009,Jaipur,Pune,Globalline,2026-04-01,2026-04-01,2026-04-02 20:21:24.416571,2026-04-02 19:45:40.451449,0.7175759008155151,1.2181758414507868,1.281984096740988,0.8771362922075354,1.070761883014991,0.7379326132179234,Delivered,3.4301601423487544
SHP002215,Hyderabad,Hyderabad,Fastship,2026-04-01,2026-04-01,2026-04-01 22:51:38.169045,2026-04-01 19:23:04.780418,0.005179875681325504,-0.22156020424912282,0.29449383565016235,-0.040284557500159295,0.14817632240999273,0.04861069271231826,In Transit,4.0
SHP003434,Chennai,Bangalore,Fastship,2026-04-02,2026-04-01,2026-04-02 12:50:52.202200,2026-04-02 12:30:23.186354,2.281560264151261,2.921335526273129,-0.859899539168212,-0.46761270156982576,-0.5042079619474295,0.798755145135288,Delivered,4.0
SHP000578,Pune,Chennai,Fastship,2026-04-02,2026-04-01,2026-04-03 11:49:37.287094,2026-04-03 03:59:23.158149,0.15608267882649413,0.34903409472882785,0.44982454843199104,0.5131005401420206,0.1877229976981417,-0.995117964348019,Cancelled,4.0
SHP003167,Ahmedabad,Kolkata,Fastship,2026-04-02,2026-04-01,2026-04-02 14:14:13.270078,2026-04-02 12:38:37.471810,0.07810701210051635,-0.21520190381982843,-0.06569704314527426,-0.40832459692153195,-0.11390969950109427,0.4991604846475599,Delivered,5.0
SHP001231,Hyderabad,Hyderabad,Ecotrans,2026-04-01,2026-04-01,2026-04-01 10:27:31.848723,2026-04-01 05:06:02.141408,-0.8236340707198692,-0.695174376176297,-0.8472985525904639,-0.5695706572415264,-1.0295087325973522,-0.40185456311582457,Delivered,4.0
SHP003988,Kolkata,Hyderabad,Globalline,2026-04-01,2026-04-01,2026-04-01 17:13:03.051781,2026-04-01 11:05:22.064185,-0.5180076931004067,-0.5407124810678472,-0.22227033085727055,-0.28112208016373824,-0.1682788859999485,-0.5860792931248852,Delayed,4.0
SHP003372,Mumbai,Mumbai,Globalline,2026-04-01,2026-04-01,2026-04-02 19:27:11.599894,2026-04-02 03:09:10.714386,-0.21526085474757808,-0.20370289463100028,2.6304222761302696,0.8385738610775859,2.9256690398241414,-2.3754234253671918,In Transit,1.0
SHP002191,Hyderabad,Hyderabad,Ecotrans,2026-04-01,2026-04-01,2026-04-02 00:36:25.137201,2026-04-01 23:47:39.159639,-0.7826339762928005,-0.7832410590023208,-0.171789782392117,0.03424800935205708,0.11531546549988028,0.6859472432752118,In Transit,3.0
SHP004601,Mumbai,Delhi,Globalline,2026-04-01,2026-04-01,2026-04-01 12:45:20.424891,2026-04-01 11:24:46.762967,1.7089585233208626,2.0644771729369564,-0.44334960365839227,-0.4715459510854602,0.25209684907988167,0.5591312590020003,Delivered,1.0
SHP000749,Kolkata,Kolkata,Fastship,2026-04-01,2026-04-01,2026-04-02 02:45:03.574380,2026-04-01 19:16:38.904400,-0.7017489201427068,-0.705767587366171,-0.11858137675113509,0.12575076883978675,0.17115527342964723,-0.9080698494608371,Cancelled,3.0
SHP001621,Pune,Lucknow,Fastship,2026-04-01,2026-04-01,2026-04-02 23:10:45.557968,2026-04-02 11:49:02.603636,-0.7083065528329352,-0.6645145480887296,1.6065585184347733,0.9975975275347138,1.7725996531600468,-1.8386253667132115,Delivered,3.4301601423487544
SHP002258,Bangalore,Jaipur,Fastship,2026-04-02,2026-04-01,2026-04-03 08:24:55.094018,2026-04-03 01:35:56.817509,-0.3118718741028746,-0.46424274536714155,0.251422709683161,0.3674940484525106,0.25602071470322196,-0.750760536043838,Delivered,1.0
SHP001033,Lucknow,Chennai,Ecotrans,2026-04-01,2026-04-01,2026-04-01 22:27:01.206490,2026-04-01 14:47:25.582394,-0.10754256305945616,-0.340953097408269,-0.02773532846718454,-0.05779408001023096,0.011254770476173835,-0.9526724620929906,Delivered,3.4301601423487544
SHP004153,Bangalore,Mumbai,Globalline,2026-04-01,2026-04-01,2026-04-02 00:48:05.019107,2026-04-01 23:13:15.861213,-0.6431539502901444,-0.621847526463382,0.7586376785587607,0.042545171625032824,0.6809442407590351,0.5022609686969651,Delivered,4.0
SHP001868,Mumbai,Pune,Ecotrans,2026-04-01,2026-04-01,2026-04-01 12:56:21.975581,2026-04-01 08:44:42.662874,-0.21525492574962857,0.17197268940098165,-0.21206531085493907,-0.4637032088023285,-0.1555770391917269,-0.12329222476884887,Cancelled,3.0
SHP000754,Lucknow,Lucknow,Ecotrans,2026-04-02,2026-04-01,2026-04-02 21:32:15.115249,2026-04-02 18:52:03.627639,0.04507527443871124,-0.07506866652882492,-0.02180700333580501,-0.09675098404343266,0.06877694332038665,0.24151861871139324,Delivered,4.0
SHP002762,Ahmedabad,Jaipur,Globalline,2026-04-01,2026-04-01,2026-04-01 12:03:38.634898,2026-04-01 08:15:49.545459,-0.47381521797485454,-0.2726540552925784,-0.5777686838007146,-0.5012048940506009,-0.40974996317233775,-0.028216134051348197,Delayed,5.0
SHP002025,Hyderabad,Mumbai,Ecotrans,2026-04-02,2026-04-01,2026-04-02 18:19:44.626811,2026-04-02 18:45:00.709128,-0.9963334497483998,-0.9162056040020298,-0.46533565171922703,-0.23368305214882276,-0.1887919266818671,0.9812393822563921,Delivered,5.0
SHP002354,Ahmedabad,Kolkata,Fastship,2026-04-02,2026-04-02,2026-04-02 13:14:43.606413,2026-04-02 15:49:20.931887,0.7101449780915622,0.13369894526079834,-0.7384855126764905,-0.45064327726632797,-0.6711158850681144,1.350000480688524,Delivered,4.0
SHP000331,Bangalore,Kolkata,Fastship,2026-04-02,2026-04-02,2026-04-02 13:38:34.321203,2026-04-02 12:27:38.942929,5.291945242688045,5.567173136876352,-0.7749731516378724,-0.43368202613508205,-0.5950981755281187,0.5975734728842648,Cancelled,3.0
SHP003445,Jaipur,Ahmedabad,Fastship,2026-04-02,2026-04-02,2026-04-02 05:25:46.404874,2026-04-02 02:44:16.138537,0.282507764306781,0.26341190198123465,-1.140149862221952,-0.7842123049627615,-1.199665072609226,0.23628169272756772,Delivered,4.0
SHP003214,Bangalore,Bangalore,Globalline,2026-04-02,2026-04-02,2026-04-03 16:49:38.195672,2026-04-03 02:02:54.025700,-0.5277357945631567,-0.41121041006789644,1.2684792401670955,0.726502912931989,1.3071615552239717,-2.3754234253671918,Cancelled,5.0
SHP004416,Hyderabad,Chennai,Fastship,2026-04-02,2026-04-02,2026-04-05 02:16:55.805339,2026-04-03 18:45:42.251879,-0.47865885099965916,-0.5020319118635566,2.5035709798586754,2.154301491232972,2.697467823865447,-2.3754234253671918,In Transit,4.0
SHP001750,Jaipur,Delhi,Ecotrans,2026-04-03,2026-04-02,2026-04-03 14:17:33.595301,2026-04-03 12:36:33.085804,-0.3016911421067878,-0.36225052175125977,-0.32361247577064756,-0.40594972357679265,-0.12705405467823022,0.4775748518613122,Delivered,2.0
SHP002910,Hyderabad,Pune,Globalline,2026-04-03,2026-04-02,2026-04-04 18:43:12.684023,2026-04-03 22:19:55.822359,-0.30503875731473656,-0.42693003430186494,2.0173983798603476,0.8072892786443058,2.0791406440374316,-2.3754234253671918,Delivered,5.0
SHP001269,Mumbai,Delhi,Globalline,2026-04-02,2026-04-02,2026-04-03 04:55:43.188383,2026-04-03 03:51:11.347586,1.2767822732960732,0.857596191686847,0.3675780999859827,0.21869009036444037,0.6832052605316471,0.623069662725873,Delivered,1.0
SHP001680,Kolkata,Kolkata,Ecotrans,2026-04-03,2026-04-02,2026-04-04 02:49:34.138552,2026-04-03 21:58:10.725132,-0.7040963955181558,-0.6415670293751085,0.8553202315096612,0.1289583311774452,0.8270147261764378,-0.2817786518466425,In Transit,4.0
SHP003611,Chennai,Mumbai,Fastship,2026-04-02,2026-04-02,2026-04-02 19:01:16.272658,2026-04-02 13:05:51.467295,1.7027823140497884,1.308658911255868,0.5759308925627257,-0.20414436895358942,0.7351804732499664,-0.5371405502479093,Delayed,3.0
SHP001983,Kolkata,Mumbai,Globalline,2026-04-02,2026-04-02,2026-04-02 09:20:53.019399,2026-04-02 06:38:31.023582,-0.5824119797725318,-0.649164012243991,-0.6225425950272778,-0.6169771346697038,-0.7651683913971049,0.2328429032439322,Delivered,5.0
SHP000933,Jaipur,Hyderabad,Ecotrans,2026-04-02,2026-04-02,2026-04-03 02:48:24.042270,2026-04-02 20:53:10.115546,-0.6622302518843254,-0.4527429130288684,0.5004034946766256,0.12812733351427882,0.6211185166615629,-0.5364173775156594,Delivered,4.0
SHP001029,Ahmedabad,Mumbai,Fastship,2026-04-02,2026-04-02,2026-04-02 06:13:36.373319,2026-04-02 06:34:23.791238,0.8218552579859741,0.6659330999743657,-1.1370831286157272,-0.750188573702092,-0.6882771295580591,0.9633795408957279,Delivered,3.4301601423487544
SHP004105,Ahmedabad,Chennai,Ecotrans,2026-04-03,2026-04-02,2026-04-03 14:28:16.333269,2026-04-03 13:07:05.884632,0.07875318048401896,0.5982997649996067,-0.7620130401489388,-0.39833000778036454,-0.7844322273148563,0.556685810839716,Delayed,3.0
SHP001460,Pune,Ahmedabad,Globalline,2026-04-03,2026-04-02,2026-04-04 02:06:25.360349,2026-04-04 03:33:40.802225,0.5458322503849034,0.7032339863211431,-0.0018213632769989174,0.09826813525181982,-0.060473032252366124,1.2284890073705086,Delivered,4.0
SHP004922,Pune,Bangalore,Globalline,2026-04-04,2026-04-03,2026-04-04 17:25:24.189958,2026-04-04 13:38:42.454368,-0.6415087263466817,-0.5432785446889024,0.17384998234114168,-0.27233582113397536,0.05769826578497982,-0.023738692800758233,Delayed,3.4301601423487544
SHP003392,Mumbai,Delhi,Fastship,2026-04-03,2026-04-03,2026-04-04 17:36:25.920238,2026-04-04 17:38:55.664708,0.47483936711712266,1.1368810201771165,2.195454841073948,0.7597887374771267,2.384763574305782,0.8904101641904708,Cancelled,3.0
SHP001165,Hyderabad,Jaipur,Globalline,2026-04-03,2026-04-03,2026-04-03 03:19:18.010409,2026-04-03 02:29:47.300149,-0.36897287990077615,-0.446008354691375,-1.3244090261001584,-0.8741733965157215,-1.5704220362254526,0.6829735746542042,Delivered,4.0
SHP000300,Lucknow,Jaipur,Globalline,2026-04-03,2026-04-03,2026-04-05 17:44:22.392815,2026-04-05 18:36:59.787277,0.3086312942579339,0.1780849983770645,2.350794013388588,1.789717049540022,2.3255792199450838,1.0903479011046222,Delivered,4.0
SHP004285,Pune,Bangalore,Globalline,2026-04-04,2026-04-03,2026-04-04 09:21:15.744200,2026-04-04 05:57:36.947249,0.11270584350703956,0.2101685109953447,-1.0130187934986945,-0.6167077301242968,-0.27997882478300173,0.06819408611575756,Delivered,5.0
SHP002526,Pune,Chennai,Ecotrans,2026-04-04,2026-04-03,2026-04-04 07:38:32.511564,2026-04-04 04:00:31.644219,1.8933799441416612,3.1340266993954007,-0.7863098079610356,-0.6897734013903577,-0.8472220473813681,0.01088675178646081,Delivered,3.0
SHP002122,Mumbai,Mumbai,Ecotrans,2026-04-04,2026-04-03,2026-04-04 11:26:02.145160,2026-04-04 07:32:55.698040,6.172515226693109,6.1742538332987165,-0.446181787873137,-0.5279557806615929,-0.18341261250313903,-0.04931292945647769,Delivered,4.0
SHP004946,Bangalore,Kolkata,Ecotrans,2026-04-03,2026-04-03,2026-04-03 19:10:18.112649,2026-04-03 20:41:38.020919,-0.904777330405032,-0.8461403439543861,-0.5126418889374728,-0.19772080764797492,-0.11605225168652022,1.2447402525944986,In Transit,1.0
SHP003041,Pune,Pune,Fastship,2026-04-03,2026-04-03,2026-04-03 19:36:39.880536,2026-04-03 14:02:49.624781,11.176132021315526,11.550726379732833,-0.34278447115848326,-0.17896880860618308,0.015266177706868354,-0.4510835557056328,Delivered,3.4301601423487544
SHP002118,Pune,Lucknow,Globalline,2026-04-03,2026-04-03,2026-04-04 04:37:33.812476,2026-04-04 02:45:37.871889,-0.5295561946541324,-0.30312855438546465,0.5721542136883404,0.20577544206642226,0.5666978095194837,0.43400415407854465,Delivered,5.0
SHP001936,Hyderabad,Lucknow,Globalline,2026-04-03,2026-04-03,2026-04-03 13:46:09.325123,2026-04-03 10:22:40.487884,-0.09554910925555363,-0.09114637293214084,-0.5783530942261326,-0.4282879141814172,-0.9245528343774451,0.06885617189132764,Delivered,2.0
SHP001695,Pune,Kolkata,Ecotrans,2026-04-03,2026-04-03,2026-04-04 17:20:24.905366,2026-04-04 01:34:58.294357,0.015871221090299235,-0.26396102483976075,1.5869817948253298,0.7483958206679091,1.7148463728753864,-2.3754234253671918,Delivered,4.0
SHP000271,Ahmedabad,Kolkata,Globalline,2026-04-03,2026-04-03,2026-04-03 20:31:00.429498,2026-04-03 18:02:52.349341,1.2691354918412578,2.311201991518733,0.08186078441836596,-0.14031471057055175,-0.007503840332641007,0.2896081402329687,Cancelled,3.4301601423487544
SHP001468,Hyderabad,Delhi,Fastship,2026-04-03,2026-04-03,2026-04-03 09:42:39.300741,2026-04-03 08:38:27.810652,-0.38507749721515633,-0.5356968782870022,-0.8936321188718629,-0.6014910531339661,-0.49829351910940456,0.624422504483705,Delivered,4.0
SHP000306,Lucknow,Ahmedabad,Globalline,2026-04-03,2026-04-03,2026-04-03 17:15:28.401813,2026-04-03 15:19:07.202255,-0.6250706885702845,-0.6678244294558708,0.22300622674568643,-0.2793989426075789,0.3291363101162581,0.41637069323736153,Delivered,3.0
SHP004546,Jaipur,Bangalore,Ecotrans,2026-04-03,2026-04-03,2026-04-04 00:42:53.885462,2026-04-04 00:52:52.396569,0.09129159610245936,-0.09197104286671688,-0.05347573965133435,0.038856654579441686,-0.4677876232179879,0.9202425536117843,Delivered,3.0
SHP002719,Delhi,Kolkata,Fastship,2026-04-03,2026-04-03,2026-04-03 14:27:43.054179,2026-04-03 17:15:16.732912,-0.8278727649022175,-0.7083186006330596,-0.6346759043121307,-0.39872453435277405,-0.5309233708844052,1.350000480688524,Delivered,5.0
SHP001758,Hyderabad,Jaipur,Globalline,2026-04-03,2026-04-03,2026-04-03 15:25:06.952339,2026-04-03 11:34:21.195902,0.1082988646146799,-0.17571241298533294,0.055884839642049995,-0.3578968152550102,-0.1335484974180436,-0.03996031966519647,Delayed,5.0
SHP003590,Kolkata,Hyderabad,Fastship,2026-04-03,2026-04-03,2026-04-04 01:32:38.256059,2026-04-03 20:45:59.221313,0.6763924758256528,0.304471051685503,0.1280048802461554,0.07423663353767812,0.11697459985276848,-0.2628741820255387,Delivered,3.0
SHP004644,Bangalore,Kolkata,Globalline,2026-04-03,2026-04-04,2026-04-04 08:14:33.279165,2026-04-04 00:18:51.417916,0.07989462154636257,0.27976740213611917,0.4303880491590875,0.3601223780396121,0.5984686260949373,-1.0169044273173515,Delivered,3.0
SHP001322,Jaipur,Delhi,Fastship,2026-04-04,2026-04-04,2026-04-04 07:16:33.439944,2026-04-04 04:50:28.231645,-0.7070080874630392,-0.6714248094510104,-0.8759012544922238,-0.705411112805446,-1.0934632273198992,0.2977762187275746,Delivered,4.0
SHP003607,Chennai,Pune,Ecotrans,2026-04-05,2026-04-04,2026-04-05 21:49:14.672957,2026-04-05 18:36:30.097043,0.2936833657626102,-0.07605202145806625,0.10394922636526512,-0.08466403669350643,0.3625132326371431,0.11168434393409797,Delivered,5.0
SHP003790,Kolkata,Jaipur,Fastship,2026-04-04,2026-04-04,2026-04-06 12:51:13.130110,2026-04-05 20:20:58.399129,-0.27208581415976496,-0.2788185393970009,2.501690410961124,1.5811947751984623,2.6309416530538394,-2.3754234253671918,Delivered,3.0
SHP003489,Ahmedabad,Mumbai,Ecotrans,2026-04-04,2026-04-04,2026-04-04 14:44:29.131925,2026-04-04 19:07:21.588761,-0.8510140014308206,-0.7925834822487975,-0.5291708972607727,-0.3867973931587413,-0.9372178139209402,1.350000480688524,Delivered,5.0
SHP002339,Mumbai,Hyderabad,Ecotrans,2026-04-04,2026-04-04,2026-04-04 10:26:10.775608,2026-04-04 06:04:26.802785,-0.49122971682952726,-0.43051220897888304,-0.8867367706431287,-0.5705317862270034,-1.2159016902155835,-0.16348785109400424,Delayed,2.0
SHP002440,Mumbai,Kolkata,Ecotrans,2026-04-04,2026-04-04,2026-04-04 12:08:27.673455,2026-04-04 11:39:28.052489,-0.5452581674736263,-0.45941043225395173,-0.6556816206790514,-0.49777831623851665,-0.3375586183512571,0.7648119561268848,Cancelled,4.0
SHP003507,Kolkata,Hyderabad,Fastship,2026-04-04,2026-04-04,2026-04-04 05:43:36.375353,2026-04-04 04:31:06.101428,0.22583290596207872,0.7458650941137319,-1.16598390443254,-0.7715277097389499,-1.16320404408389,0.5912651518514314,Delivered,3.0
SHP001888,Pune,Delhi,Ecotrans,2026-04-04,2026-04-04,2026-04-06 03:47:03.886087,2026-04-05 22:32:53.173078,-0.013705066682016704,0.3816064104524441,2.4160099573298597,1.1941350823995927,2.5179848629874035,-0.3726718030562097,Delivered,3.0
SHP001308,Lucknow,Pune,Fastship,2026-04-04,2026-04-04,2026-04-04 12:32:35.085681,2026-04-04 11:01:58.055988,-0.6778448576228465,-0.7027619325358866,-0.49282696674126986,-0.4806191155221628,-0.6764568319061246,0.519021543249942,Delivered,5.0
SHP000254,Chennai,Jaipur,Fastship,2026-04-04,2026-04-04,2026-04-04 13:21:42.706050,2026-04-04 13:27:02.626624,-0.7996908779305328,-0.7832104819906723,-0.7332803352058697,-0.4456748137872761,-0.8190374509035587,0.9017228585535545,Delivered,4.0
SHP002026,Lucknow,Chennai,Ecotrans,2026-04-03,2026-04-04,2026-04-04 23:03:52.369990,2026-04-04 14:35:52.160405,-0.4145037463634829,-0.5479461648025539,1.1990826153943097,0.9926991472926601,1.2883123893905049,-1.145758842120266,Delivered,3.0
SHP003603,Chennai,Chennai,Globalline,2026-04-04,2026-04-04,2026-04-04 08:56:31.129902,2026-04-04 07:17:19.479843,-0.04143846658462835,-0.007882523559369439,-0.906963664553141,-0.6343079647166782,-1.070021596321501,0.48481143515170816,Delivered,4.0
SHP000233,Hyderabad,Lucknow,Ecotrans,2026-04-04,2026-04-04,2026-04-05 22:41:22.565807,2026-04-05 18:10:07.103208,-0.23227046486916786,-0.43482265746601495,1.9035747480631844,0.976697098601862,1.768361588621695,-0.2014784327065389,Delivered,2.0
SHP002458,Lucknow,Delhi,Globalline,2026-04-04,2026-04-04,2026-04-04 20:52:39.788395,2026-04-04 18:05:43.428601,-0.4867419817690376,-0.49358182592037797,-0.17247032861791595,-0.12491069522905068,0.12471403939073152,0.2146041744031242,Delivered,3.4301601423487544
SHP003686,Pune,Mumbai,Fastship,2026-04-04,2026-04-04,2026-04-05 00:11:10.839113,2026-04-04 15:14:54.577868,-0.5022401487065448,-0.6060583722447705,0.25981794403556524,0.016295870786778466,0.06074169759038849,-1.2585062467357864,Delivered,1.0
SHP000698,Ahmedabad,Hyderabad,Fastship,2026-04-04,2026-04-04,2026-04-05 03:51:46.259693,2026-04-05 05:19:28.657515,-0.5464902984339717,-0.47317666798680347,-0.08512689524096892,0.17320295935759525,-0.31327939293384327,1.23028094155632,Delivered,3.0
SHP000454,Chennai,Lucknow,Ecotrans,2026-04-04,2026-04-04,2026-04-04 12:06:44.805853,2026-04-04 11:49:44.365365,-0.5892782515021893,-0.5632944582064989,-0.6695399641292599,-0.4989978208129001,-0.27997882478300173,0.8126204835774278,Delivered,3.4301601423487544
SHP001406,Jaipur,Lucknow,Globalline,2026-04-04,2026-04-04,2026-04-04 06:51:47.833797,2026-04-04 06:59:05.108255,-0.4383101718947246,-0.3789825335216266,-0.8955973675817058,-0.723023105854056,-0.8688748830167211,0.9095241220142152,Delayed,3.4301601423487544
SHP000018,Lucknow,Ahmedabad,Ecotrans,2026-04-04,2026-04-04,2026-04-04 09:14:35.851206,2026-04-04 07:11:52.669866,0.963590075508172,0.39288997453525304,-0.7500796242424135,-0.6214484971484521,-0.7506144610546284,0.3909779203952234,Cancelled,4.0
SHP001537,Ahmedabad,Kolkata,Ecotrans,2026-04-04,2026-04-04,2026-04-04 14:16:18.716811,2026-04-04 10:27:03.897977,-0.5694619765702368,-0.30840266943179057,-0.49684351574090974,-0.4068374147340731,-0.27997882478300173,-0.03391511540519977,Delivered,4.0
SHP002804,Bangalore,Delhi,Fastship,2026-04-05,2026-04-05,2026-04-05 12:36:06.478595,2026-04-05 10:02:02.566576,0.42881155199939214,-0.0018915275844108186,-0.8185197114614536,-0.4781130337152532,-0.8412873230405528,0.26595371987173533,Delivered,3.0
SHP002061,Ahmedabad,Hyderabad,Globalline,2026-04-05,2026-04-05,2026-04-05 14:00:41.441726,2026-04-05 13:04:17.069288,-0.309920777183936,-0.2922863319561168,-0.5647832458247346,-0.4179488942655426,-0.6076960393813536,0.6554748032092924,Delivered,4.0
SHP001064,Pune,Pune,Ecotrans,2026-04-05,2026-04-05,2026-04-05 13:03:57.251970,2026-04-05 10:02:47.400745,-0.7581810619153362,-0.7404421305751165,-0.725212456789602,-0.4583058666967787,-0.49683256234868667,0.1578671386297938,Delivered,2.0
SHP004642,Delhi,Bangalore,Globalline,2026-04-05,2026-04-05,2026-04-05 17:24:56.217971,2026-04-05 12:14:46.777262,-0.12003211088903804,-0.18979986643163763,0.006398677144384116,-0.2726674315344898,-0.2477857893755904,-0.35663288969515256,Delayed,5.0
SHP004858,Jaipur,Delhi,Ecotrans,2026-04-05,2026-04-05,2026-04-05 18:29:41.598848,2026-04-05 16:27:22.101099,-0.01921192501365824,0.23738522407691134,-0.38592791464843046,-0.22660589553728677,-0.4490979324164691,0.39255232020874403,In Transit,4.0
SHP000181,Jaipur,Delhi,Globalline,2026-04-06,2026-04-05,2026-04-06 10:13:59.205188,2026-04-06 08:03:19.215461,-0.3032410040528398,-0.009417998578753176,-0.724776723233542,-0.5792046186533444,-0.801529111720698,0.35928141644960515,Delivered,1.0
SHP004667,Hyderabad,Ahmedabad,Globalline,2026-04-05,2026-04-05,2026-04-06 17:20:19.028660,2026-04-06 08:56:59.499419,-0.1593390005860716,-0.22092897403096834,1.414017882973309,0.7483261517870313,1.6677031008609149,-1.1271002239549495,Delayed,5.0
SHP004406,Delhi,Kolkata,Fastship,2026-04-05,2026-04-05,2026-04-05 13:01:55.064148,2026-04-05 08:52:34.503917,-0.8236706993854072,-0.8038705460246806,-0.44209158945918103,-0.4597544142046331,-0.4142731501933333,-0.11406845999686223,Cancelled,5.0
SHP003238,Hyderabad,Bangalore,Globalline,2026-04-05,2026-04-05,2026-04-06 02:52:06.000768,2026-04-06 03:15:26.321880,0.5095130143021733,0.013007426794667298,1.1898087447848513,0.13075867126391585,1.4255207074306673,0.9735439943582926,Cancelled,3.0
SHP004837,Ahmedabad,Lucknow,Ecotrans,2026-04-05,2026-04-05,2026-04-06 03:13:27.923103,2026-04-06 05:54:13.466633,-0.14941630810503262,-0.3347372862974664,0.34815206043100616,0.14595597460136325,0.5633229831732469,1.350000480688524,Delivered,4.0
SHP000074,Bangalore,Lucknow,Globalline,2026-04-05,2026-04-05,2026-04-07 21:16:34.300611,2026-04-07 08:52:48.885052,-0.43201012463055677,-0.5271440738191125,2.2530816300748167,1.9406549492535718,1.9109367149732908,-2.0860811795427296,Cancelled,2.0
SHP000323,Lucknow,Hyderabad,Fastship,2026-04-06,2026-04-05,2026-04-07 00:04:11.431451,2026-04-06 21:27:08.526970,0.7981469760990757,1.315998096823684,0.9813758361939209,0.011323755635070973,1.20595751179487,0.25405494578826066,Delivered,2.0
SHP002335,Mumbai,Bangalore,Ecotrans,2026-04-05,2026-04-05,2026-04-05 16:03:46.837530,2026-04-05 11:14:53.507912,-0.8305538731764769,-0.7781850926578397,0.09250466175305505,-0.33039436990729726,0.3146542399943145,-0.27180162134137503,Delivered,5.0
SHP000244,Ahmedabad,Kolkata,Fastship,2026-04-05,2026-04-05,2026-04-06 00:19:17.095362,2026-04-05 22:24:53.972636,-0.8292358779850787,-0.7730400320728872,-0.26546452045642593,0.02206048188538672,-0.40123190760508803,0.42422001567676343,Delayed,4.0
SHP000746,Ahmedabad,Lucknow,Ecotrans,2026-04-06,2026-04-06,2026-04-06 17:36:29.916065,2026-04-06 17:39:36.772768,0.3137159506406703,-0.07696442483890399,-0.1276364018400842,-0.2644435789085496,0.014240218377367856,0.8928772517497239,Cancelled,4.0
SHP003389,Hyderabad,Bangalore,Ecotrans,2026-04-06,2026-04-06,2026-04-07 02:31:03.018744,2026-04-07 04:42:21.920168,-0.7945965499221171,-0.7619118389985047,0.8619326084921457,0.11578590699785997,0.8842040474898236,1.350000480688524,In Transit,1.0
SHP000024,Chennai,Kolkata,Ecotrans,2026-04-06,2026-04-06,2026-04-06 17:31:49.805832,2026-04-06 21:00:31.376398,-0.5197758357292647,-0.3686341999129126,0.23088436488096206,-0.2677643106470149,0.40323938312812113,1.350000480688524,Delivered,4.0
SHP004999,Pune,Hyderabad,Fastship,2026-04-06,2026-04-06,2026-04-06 07:42:53.684895,2026-04-06 07:09:51.560896,-0.20816411212850733,-0.2595026228810995,-1.0192995778460585,-0.6866771683135736,-1.068487998451011,0.7486912280694965,Delivered,4.0
SHP000961,Ahmedabad,Lucknow,Fastship,2026-04-06,2026-04-06,2026-04-06 07:29:47.778425,2026-04-06 04:40:09.923536,0.21972968565715703,-0.07386984574069896,-1.0605792746852925,-0.6959941594378972,-1.2363928905556067,0.2038685622464834,Delivered,4.0
SHP002504,Jaipur,Kolkata,Ecotrans,2026-04-07,2026-04-06,2026-04-07 18:19:40.290578,2026-04-07 15:14:42.436889,-0.1082361684023791,-0.13175211406374449,-0.5828782232557899,-0.23373445857890748,-0.4187929206932494,0.14271035616366104,In Transit,3.4301601423487544
SHP001168,Delhi,Bangalore,Ecotrans,2026-04-06,2026-04-06,2026-04-07 03:18:53.616557,2026-04-06 15:19:13.792854,-0.6887456686903911,-0.5704122549171453,-0.023678491723299354,0.1498170994749843,-0.32053009386804365,-1.989983440457747,Delivered,3.0
SHP002172,Lucknow,Ahmedabad,Fastship,2026-04-06,2026-04-06,2026-04-06 15:12:47.199289,2026-04-06 09:54:27.439387,0.8520426249697766,0.378792833176538,-0.6203894754969741,-0.36666665347574934,-0.6021228561133084,-0.38922754335324133,In Transit,3.0
SHP004100,Bangalore,Lucknow,Fastship,2026-04-06,2026-04-06,2026-04-06 22:17:44.806084,2026-04-06 21:42:32.449998,2.1225016416033315,2.175699740870891,0.42387176283008193,-0.06439025632425024,0.3056895487230851,0.1723289661965864,In Transit,5.0
SHP000737,Chennai,Bangalore,Fastship,2026-04-06,2026-04-06,2026-04-06 18:37:21.630919,2026-04-06 16:06:59.617795,0.7714286552381395,0.5875863217164724,-0.05745725780022565,-0.22115217441095475,-0.0335343818328205,0.28070475905783054,Delivered,3.0
SHP001408,Pune,Jaipur,Ecotrans,2026-04-06,2026-04-06,2026-04-06 09:34:34.232689,2026-04-06 08:17:21.841436,-0.38954205178560064,-0.4027746367872554,-0.7949391281301976,-0.6072415780458041,-1.0442410714693435,0.5725110081662883,Delivered,3.0
SHP000751,Pune,Delhi,Ecotrans,2026-04-06,2026-04-06,2026-04-06 04:17:08.294736,2026-04-06 02:44:38.515990,-0.8122551596880947,-0.6707683251359012,-1.1785394706401577,-0.8330328670516474,-1.0007729882606984,0.511526392366031,Delivered,4.0
SHP002448,Chennai,Kolkata,Fastship,2026-04-06,2026-04-06,2026-04-07 16:36:42.885839,2026-04-07 11:57:46.140476,-0.18659429379239123,-0.2764290977051266,1.3177859187515706,0.7173115458786578,1.1588137105805605,-0.23214284916356714,Cancelled,1.0
SHP003442,Delhi,Ahmedabad,Fastship,2026-04-07,2026-04-06,2026-04-07 14:36:06.817267,2026-04-07 13:38:28.368023,-0.6432735054668836,-0.4414869195767246,-0.17636687008511281,-0.3927523781221668,-0.40839404782156097,0.650550443995666,Delivered,4.0
SHP000269,Pune,Ahmedabad,Globalline,2026-04-07,2026-04-06,2026-04-08 00:15:34.743604,2026-04-07 17:41:59.746323,0.040626744353659636,0.004661408433455758,0.019390143655312195,0.019424482015413806,-0.0033935203326719266,-0.6893842589247666,Delivered,3.4301601423487544
SHP001299,Ahmedabad,Chennai,Fastship,2026-04-05,2026-04-06,2026-04-06 11:58:42.385204,2026-04-06 00:23:57.727283,4.262888677493988,3.7560028794603597,0.3939735542935221,0.5195627267398836,0.8927688453958936,-1.8905902053540262,Delivered,2.0
SHP002577,Hyderabad,Mumbai,Ecotrans,2026-04-06,2026-04-06,2026-04-06 14:33:28.096030,2026-04-06 11:25:48.004373,-0.01707370699866026,-0.276103976140125,-0.755939500178928,-0.3946340325095043,-0.9821826769787355,0.13192536048605538,In Transit,4.0
SHP003551,Bangalore,Jaipur,Globalline,2026-04-07,2026-04-07,2026-04-08 15:26:39.333271,2026-04-08 12:08:07.994021,0.15684208413839154,0.7000312317165428,0.565660723028598,0.6674780561855623,1.041228501397887,0.0886327665135024,Delayed,3.0
SHP000075,Jaipur,Jaipur,Globalline,2026-04-07,2026-04-07,2026-04-09 05:05:09.230035,2026-04-08 22:40:37.095495,-0.11227814377662812,-0.13571403090207243,1.2954058211214117,1.2496802517731511,0.9937161407332571,-0.6532966994749456,In Transit,4.0
SHP003172,Bangalore,Mumbai,Globalline,2026-04-08,2026-04-07,2026-04-09 02:06:32.333221,2026-04-09 01:50:37.201264,0.46453460540121844,0.3259998513920256,-0.15622304130222314,0.09835079926958817,0.24799722715344721,0.8169619594552925,Delivered,4.0
SHP003497,Chennai,Jaipur,Fastship,2026-04-07,2026-04-07,2026-04-08 03:38:41.913473,2026-04-07 19:01:06.530057,-0.3785924678675578,-0.1526688049398757,-0.10403939472362553,0.1639044651347843,-0.03835721095369211,-1.1839943264380115,Delayed,2.0
SHP001430,Ahmedabad,Jaipur,Fastship,2026-04-07,2026-04-07,2026-04-09 05:08:12.436116,2026-04-09 07:41:52.828822,0.08055428444809498,0.44738712855208645,-0.9879812564770651,1.251852176166942,-1.2968275875587811,1.350000480688524,Cancelled,3.4301601423487544
SHP002201,Hyderabad,Bangalore,Fastship,2026-04-07,2026-04-07,2026-04-08 12:54:09.994662,2026-04-08 09:29:42.355520,-0.4874236903977998,-0.33122746830599337,0.6650992913232697,0.5590118329299765,0.21254695082154604,0.0649472332038684,Delivered,2.0
SHP001556,Lucknow,Hyderabad,Fastship,2026-04-07,2026-04-07,2026-04-09 01:17:29.409770,2026-04-09 02:29:38.172049,-0.433886447605589,-0.29864560784521776,2.074771763551923,1.0877418671804218,2.1033173470422883,1.1682162139229344,Cancelled,2.0
SHP001797,Delhi,Ahmedabad,Globalline,2026-04-07,2026-04-07,2026-04-07 11:03:18.187633,2026-04-07 08:02:49.973577,-0.6765331115042308,-0.5686861661573742,-0.9021257028392211,-0.5441256184995039,-0.7728339734443388,0.1606350276340049,Delayed,4.0
SHP000477,Bangalore,Ahmedabad,Ecotrans,2026-04-08,2026-04-07,2026-04-08 08:46:10.361559,2026-04-08 07:42:01.587140,1.3771174284243248,2.211427870374929,-0.9434231386858081,-0.6416672286528671,-0.7845391921508597,0.62460303244256,Cancelled,5.0
SHP000458,Mumbai,Ahmedabad,Fastship,2026-04-08,2026-04-07,2026-04-09 09:11:55.121386,2026-04-09 09:28:10.562825,-0.5095099823514437,-0.5759351399923701,1.1123839965456759,0.4009257238036426,1.2077099461807106,0.9452995242549228,Delivered,1.0
SHP004806,Pune,Bangalore,Fastship,2026-04-08,2026-04-07,2026-04-09 01:50:18.692833,2026-04-08 18:09:00.112742,-0.29604175552004075,-0.3239016149181668,0.9523453523527482,0.08680820583645964,0.3756389061589391,-0.9595166057589085,Delivered,4.0
SHP000566,Kolkata,Mumbai,Globalline,2026-04-07,2026-04-07,2026-04-07 21:37:30.630111,2026-04-07 11:16:54.461722,-0.45223433774117777,-0.4150308014319482,0.08789346737049981,-0.09301052727926103,0.0222376989812803,-1.5948706462031519,Delivered,3.0
SHP002700,Mumbai,Ahmedabad,Ecotrans,2026-04-07,2026-04-07,2026-04-08 02:10:20.545331,2026-04-08 01:56:16.386902,-0.49615394204774443,-0.2985521828931914,0.5043425405253275,0.1010562741346288,0.22137449062571304,0.8243390798332341,In Transit,3.0
SHP000472,Pune,Mumbai,Fastship,2026-04-07,2026-04-07,2026-04-07 11:38:11.005788,2026-04-07 10:20:39.204134,-0.43891799003179344,-0.5488622860602619,-0.7106632913278941,-0.5193150730667268,-0.8588931591192275,0.5712206746305183,Delayed,4.0
SHP000911,Bangalore,Delhi,Globalline,2026-04-07,2026-04-07,2026-04-08 06:14:58.658554,2026-04-07 18:47:01.854052,-0.4450125280828127,-0.1954298803291915,0.39761609307807916,0.275066612343273,0.6298345273214868,-1.8634775792823557,In Transit,1.0
SHP001173,Hyderabad,Bangalore,Ecotrans,2026-04-07,2026-04-07,2026-04-07 23:21:07.611435,2026-04-07 20:23:07.678396,-0.677600263210842,-0.6472385720930227,-1.211212906957079,-0.01930766054070583,-1.255265638338543,0.17049221548670265,In Transit,2.0
SHP002276,Pune,Ahmedabad,Ecotrans,2026-04-07,2026-04-07,2026-04-07 21:05:28.457178,2026-04-07 23:15:08.381177,0.17695732736465736,-0.08123800769718634,-0.18010757890753437,-0.11579805842053642,-0.0653380705110462,1.350000480688524,Delivered,4.0
SHP004190,Delhi,Pune,Fastship,2026-04-07,2026-04-07,2026-04-07 12:15:16.378904,2026-04-07 09:34:06.375210,1.2430865842732028,1.7647900841263253,-0.3923619757919145,-0.4929330767813221,-0.11801841505793584,0.23762868024143896,Delayed,3.0
SHP001843,Hyderabad,Mumbai,Fastship,2026-04-07,2026-04-07,2026-04-08 15:37:41.751551,2026-04-08 07:42:43.421625,0.9211336914997672,0.4893344668050096,1.2308620564620085,0.6753310838278518,1.0278118600580772,-1.014010621778592,Delivered,3.0
SHP002821,Kolkata,Lucknow,Fastship,2026-04-07,2026-04-07,2026-04-08 01:50:50.943984,2026-04-07 22:35:12.614831,-0.6421940878918142,-0.639809037653609,0.9261159565493279,0.08719054610355913,1.0892332162244567,0.10013385452224222,Cancelled,4.0
SHP004164,Bangalore,Ahmedabad,Ecotrans,2026-04-08,2026-04-07,2026-04-09 06:37:50.579094,2026-04-09 09:26:20.164171,0.1906789269223981,0.7581044084074042,1.0997134596862732,0.2913308524093235,1.0357854533819315,1.350000480688524,In Transit,5.0
SHP002754,Bangalore,Pune,Ecotrans,2026-04-08,2026-04-07,2026-04-08 18:30:37.718462,2026-04-08 14:33:56.501287,0.07499914920114766,-0.02175417405791077,0.16124739416446862,-0.22594059252954612,0.2211454674353717,-0.06359006903982185,Cancelled,5.0
SHP002783,Hyderabad,Mumbai,Fastship,2026-04-08,2026-04-07,2026-04-08 22:51:58.145246,2026-04-08 16:44:29.542969,-0.644932938787077,-0.6507276909451835,0.5707627583003908,-0.04004773786320445,0.4485551093340692,-0.5852559617337972,Delivered,1.0
SHP003037,Pune,Kolkata,Ecotrans,2026-04-09,2026-04-08,2026-04-09 19:33:40.794055,2026-04-09 21:00:23.523780,-0.15780195279525946,0.03225725465618072,0.6055811803360825,-0.18109189477464613,1.0803130986907774,1.2263144214120592,Delivered,2.0
SHP001596,Hyderabad,Lucknow,Ecotrans,2026-04-08,2026-04-08,2026-04-08 21:30:20.694414,2026-04-08 17:51:10.503271,1.3703664409704386,0.775270128400382,0.366459582217687,-0.09810745322050209,0.12961243690195,0.0062783554227610885,In Transit,4.0
SHP002971,Kolkata,Pune,Fastship,2026-04-08,2026-04-08,2026-04-08 13:51:49.270106,2026-04-08 13:42:30.525047,-0.5349552500901351,-0.438338557742334,-0.8462667946517606,-0.42425783617001717,-0.9573328599880613,0.8433123325170993,In Transit,3.0
SHP002854,Lucknow,Lucknow,Ecotrans,2026-04-08,2026-04-08,2026-04-08 16:41:53.063059,2026-04-08 10:29:07.872452,0.7007551514318621,1.3666516923959926,-0.14645431740749545,-0.303290962843582,-0.20290152933386274,-0.6063016134559042,Delivered,4.0
SHP001910,Delhi,Mumbai,Fastship,2026-04-08,2026-04-08,2026-04-08 19:20:49.342437,2026-04-08 13:44:00.154905,0.4066344658341461,0.48327610684878486,-0.002018704858116421,-0.19023752234577035,0.06342978884988108,-0.462978295668915,Cancelled,5.0
SHP002413,Delhi,Chennai,Fastship,2026-04-08,2026-04-08,2026-04-08 07:18:15.240224,2026-04-08 04:51:35.265336,0.9565972879331076,1.4533016205764748,-1.0714629703996925,-0.7042042614279564,-0.8219279675536433,0.2954650611316531,In Transit,3.0
SHP001480,Pune,Chennai,Globalline,2026-04-08,2026-04-08,2026-04-08 03:25:10.620283,2026-04-08 03:01:08.554272,-0.7520102207876559,-0.7080471865168537,-1.4074912997831164,-0.8699931750766796,-1.4144338604795346,0.784592337643529,Delivered,4.0
SHP000805,Ahmedabad,Delhi,Ecotrans,2026-04-08,2026-04-08,2026-04-09 20:39:16.855579,2026-04-09 05:07:45.593047,-0.6764096225884507,-0.5931413579338205,1.3229460713480106,0.8898501520553196,1.4820237801647154,-2.3754234253671918,Delivered,3.4301601423487544
SHP002815,Lucknow,Lucknow,Fastship,2026-04-09,2026-04-08,2026-04-09 23:35:23.904210,2026-04-09 21:21:14.086812,0.31390078826756107,0.8589366901287059,-0.15638781136753865,-0.009156233502317864,-0.396902037105136,0.3453328287504726,Delivered,5.0
SHP004372,Lucknow,Pune,Ecotrans,2026-04-08,2026-04-08,2026-04-08 20:08:42.597223,2026-04-08 11:45:09.730401,-0.23124622556101895,-0.073597298237632,0.2887967198598324,-0.15617483121981707,0.5527822773317356,-1.1279868582934336,Delivered,3.4301601423487544
SHP002680,Mumbai,Chennai,Ecotrans,2026-04-08,2026-04-08,2026-04-09 02:25:09.103672,2026-04-09 05:43:31.073893,-0.7328691214490494,-0.6542016034926273,-0.08790609726856605,0.11159021232462016,-0.00011849193797140271,1.350000480688524,Delivered,3.0
SHP000689,Delhi,Jaipur,Ecotrans,2026-04-09,2026-04-08,2026-04-09 21:54:07.151841,2026-04-09 21:36:36.007081,-0.44058933050602556,-0.5549966277340455,0.1091148253557348,-0.08119667350334758,-0.28858961933338056,0.8105793741818514,Cancelled,1.0
SHP004662,Lucknow,Bangalore,Fastship,2026-04-09,2026-04-08,2026-04-09 03:49:30.466814,2026-04-09 02:45:20.963348,-0.396818005971351,-0.23571560462312383,-1.2637114639509315,-0.8526865645646164,-1.044912771150341,0.6245545680242692,Delivered,1.0
SHP003650,Hyderabad,Pune,Ecotrans,2026-04-08,2026-04-08,2026-04-08 16:38:55.358973,2026-04-08 13:49:00.219298,1.2465664560129406,0.830864165708018,-0.1350508021712449,-0.3053976605932553,0.044561503745550374,0.2027195319387422,Delivered,5.0
SHP001047,Hyderabad,Pune,Fastship,2026-04-08,2026-04-08,2026-04-08 13:53:53.665551,2026-04-08 07:58:22.039598,5.830034522921415,4.138754814828405,-0.5327853690098454,-0.4227831170933228,-0.17113758453156264,-0.5375939585010793,Delayed,4.0
SHP004407,Kolkata,Delhi,Fastship,2026-04-08,2026-04-08,2026-04-09 01:25:24.571172,2026-04-09 00:27:30.116949,0.21971555472703888,0.18527517742266178,-0.17748882101791735,0.06909526061595883,-0.007036390132064564,0.649486490646995,Delivered,5.0
SHP000086,Mumbai,Kolkata,Globalline,2026-04-09,2026-04-09,2026-04-09 18:58:20.923999,2026-04-09 18:49:50.287173,-0.5016073412288418,-0.24305144371738807,-0.3570282578360244,-0.2062231428981146,-0.44777218276288705,0.8465103945451089,In Transit,3.0
SHP004117,Kolkata,Hyderabad,Globalline,2026-04-09,2026-04-09,2026-04-09 10:36:29.680366,2026-04-09 10:00:45.291760,-0.1353510500368959,-0.27910385659986925,-0.5401899635972427,-0.5631946152548774,-0.6134448956752477,0.7379044615271335,Delivered,5.0
SHP002746,Lucknow,Ahmedabad,Fastship,2026-04-09,2026-04-09,2026-04-09 11:45:52.815026,2026-04-09 06:48:07.496715,-0.3402766076142289,-0.4432953785537319,-0.9469464395012326,-0.5138402834609418,-0.9444617680173405,-0.30716631325208754,Delivered,4.0
SHP000062,Delhi,Kolkata,Fastship,2026-04-09,2026-04-09,2026-04-09 09:32:17.166183,2026-04-09 09:10:24.790132,0.20989117341905622,-0.07330624589601595,-0.972461002266792,-0.6088665136688793,-0.9450184751716032,0.7932136589980275,In Transit,4.0
SHP002062,Kolkata,Chennai,Fastship,2026-04-09,2026-04-09,2026-04-09 21:34:13.387657,2026-04-09 14:00:21.725397,-0.811833853732966,-0.7374370196746823,-0.012634482917359118,-0.09534885411681274,-0.06155841394450135,-0.9298071183004619,Delayed,3.0
SHP000939,Hyderabad,Mumbai,Ecotrans,2026-04-10,2026-04-09,2026-04-12 05:12:30.085852,2026-04-11 12:46:57.787622,-0.3108790238528548,-0.03407275698842771,3.4275153625617434,1.2549066367183885,3.074022109511292,-2.3754234253671918,Delayed,5.0
SHP004810,Chennai,Ahmedabad,Ecotrans,2026-04-09,2026-04-09,2026-04-10 01:59:27.070037,2026-04-09 13:13:23.633052,0.4430648483182645,0.28418213341344895,1.172499651705252,0.0933092663862141,1.4489877527971808,-2.1750280239457225,In Transit,4.0
SHP004075,Kolkata,Pune,Ecotrans,2026-04-09,2026-04-09,2026-04-10 20:13:00.696392,2026-04-11 16:01:19.502557,-0.1780158296601642,0.20359132410696326,0.7927532386801975,0.8711646446593636,0.35664313427333216,1.350000480688524,Delivered,4.0
SHP000803,Kolkata,Bangalore,Fastship,2026-04-09,2026-04-09,2026-04-09 11:08:01.000335,2026-04-09 09:09:52.837945,0.320437044299285,0.1022025361463245,-0.7329059838681622,-0.5407728487539967,-0.7114745186902761,0.40926018948164106,Delivered,2.0
SHP001453,Bangalore,Ahmedabad,Globalline,2026-04-10,2026-04-09,2026-04-10 17:13:24.127682,2026-04-10 13:36:18.925404,-0.044835955445340886,-0.3066132018096974,-0.44311756176822165,-0.2808722234828673,-0.24358050926762698,0.014587164916564943,Cancelled,5.0
SHP002749,Delhi,Bangalore,Ecotrans,2026-04-10,2026-04-09,2026-04-10 21:03:52.468630,2026-04-10 07:14:43.829532,0.5111088467605874,0.13818733588576915,0.0462022883538558,-0.11693601120103184,0.05693205304591858,-2.3754234253671918,Cancelled,3.0
SHP003980,Pune,Jaipur,Ecotrans,2026-04-09,2026-04-09,2026-04-09 13:09:26.033213,2026-04-09 09:59:11.957582,-0.4894134279954709,-0.5473091770803187,-0.7393772227989326,-0.4544081358064455,-0.7658949492876069,0.12168906059594256,Delivered,5.0
SHP004252,Kolkata,Chennai,Fastship,2026-04-09,2026-04-09,2026-04-09 09:52:44.392896,2026-04-09 09:21:49.020371,-0.42621768964874324,-0.4424616760428005,-0.9980300715521315,-0.5943176318009443,-0.7096999297881228,0.7571172094601174,Delivered,1.0
SHP003781,Delhi,Pune,Ecotrans,2026-04-10,2026-04-09,2026-04-10 04:35:09.876308,2026-04-10 04:10:47.227108,-0.2269459310848449,-0.40999026327265015,-1.255926818638164,-0.8202106212812362,-1.299722307770599,0.7832240413862908,Cancelled,5.0
SHP004300,Hyderabad,Chennai,Globalline,2026-04-10,2026-04-09,2026-04-12 06:03:27.777440,2026-04-11 20:48:30.000684,-0.6156647079920169,-0.5347192821517102,1.7175144536724933,1.291155842536072,1.7886846607777935,-1.3330605578357781,In Transit,5.0
SHP001038,Jaipur,Lucknow,Ecotrans,2026-04-09,2026-04-09,2026-04-10 03:58:08.389326,2026-04-09 21:19:22.216758,-0.40209846821319545,-0.5296653699988623,0.03240817626656145,0.1777331401538044,0.10718758560159893,-0.7100700710478122,In Transit,3.0
SHP002169,Bangalore,Pune,Globalline,2026-04-09,2026-04-09,2026-04-09 10:39:55.446601,2026-04-09 06:01:34.046768,0.94996469846106,0.4776174787139227,-0.3688685715395409,-0.5607552382333267,-0.3666557805883891,-2.3754234253671918,Delivered,3.0
SHP002919,Delhi,Delhi,Fastship,2026-04-09,2026-04-09,2026-04-09 11:16:46.065374,2026-04-09 08:47:39.351360,0.34629779071592304,0.36844830925270067,-0.7382207147416381,-0.5345481559999464,-0.6957688665733398,0.285710372638232,Delivered,1.0
SHP002918,Ahmedabad,Chennai,Fastship,2026-04-08,2026-04-09,2026-04-09 09:47:33.481297,2026-04-09 08:47:49.721839,0.10620981805283333,0.30081860482426603,0.8789761374136036,0.4262761707984889,0.6739718996136901,0.6422202723779481,Delivered,5.0
SHP001757,Lucknow,Chennai,Globalline,2026-04-09,2026-04-09,2026-04-09 07:13:00.852669,2026-04-09 07:24:18.873472,-0.49103690155446,-0.5681674716947274,-0.9954814238483789,-0.707931353867913,-0.5961552398809338,0.9255280717815368,In Transit,4.0
SHP001926,Chennai,Lucknow,Fastship,2026-04-09,2026-04-09,2026-04-10 21:09:12.860683,2026-04-10 09:49:27.068927,-0.44026941569010375,-0.5477797533776899,1.0589892769035072,0.9111419523634251,-0.27997882478300173,-1.8308368207192356,Delivered,4.0
SHP004542,Pune,Ahmedabad,Ecotrans,2026-04-09,2026-04-09,2026-04-09 13:03:12.670488,2026-04-09 10:10:35.682898,-0.9289618273039716,-0.871251302881336,-0.49056270183359163,-0.45883438413208116,-0.6442656527353798,0.19196046557947619,Delivered,4.0
SHP002245,Lucknow,Delhi,Fastship,2026-04-09,2026-04-09,2026-04-10 03:57:26.339423,2026-04-09 18:55:06.250313,-0.691896914885081,-0.6662824162365377,1.3343854945696538,0.17723463481602256,1.271399614582842,-1.2826922125722018,In Transit,3.0
SHP002177,Hyderabad,Jaipur,Ecotrans,2026-04-10,2026-04-09,2026-04-11 07:03:37.188007,2026-04-10 22:15:59.935578,-0.2995251938276185,-0.47189500288290265,0.09220185108525693,0.309666038687845,0.41746445361403106,-1.2240044102902066,Delivered,5.0
SHP003444,Chennai,Mumbai,Fastship,2026-04-09,2026-04-09,2026-04-09 05:24:13.926667,2026-04-09 06:07:02.886845,1.1818444253680924,1.9693557993726438,-1.0168385814605194,-0.7853086423365574,-1.2452634211409563,1.051230909639992,In Transit,3.0
SHP003291,Jaipur,Bangalore,Fastship,2026-04-11,2026-04-10,2026-04-11 12:27:49.788258,2026-04-11 10:09:36.496086,0.24514087205408336,0.7702260946658832,-0.4529105165543585,-0.4840013418479421,-0.6662458009218001,0.3291475028519381,In Transit,1.0
SHP000814,Pune,Jaipur,Ecotrans,2026-04-10,2026-04-10,2026-04-11 06:09:12.053881,2026-04-10 19:21:59.360257,0.030457298957523516,0.37496361431869546,0.05506130437166875,0.27095758311012086,0.13349671182339234,-1.701001892611904,Cancelled,3.0
SHP000789,Kolkata,Chennai,Fastship,2026-04-11,2026-04-10,2026-04-11 05:23:06.575755,2026-04-11 04:12:10.089903,-0.18580947899534545,-0.2850733163617501,-1.2192600434200982,-0.7861070933913596,-1.019260844055676,0.5974998450886886,Delivered,5.0
SHP000424,Mumbai,Jaipur,Globalline,2026-04-11,2026-04-10,2026-04-13 23:40:14.060512,2026-04-14 00:38:57.761105,0.5724765339491735,0.4767555873394622,4.186653357240854,2.0428429698053883,4.23953697382744,1.1146986131371808,Cancelled,3.0
SHP001745,Delhi,Lucknow,Globalline,2026-04-10,2026-04-10,2026-04-11 01:53:23.550346,2026-04-10 13:37:37.392354,1.263514946716327,1.9450327305937465,0.2529691908007179,0.08899970809832411,0.21863918785959557,-2.054221862933471,Delivered,3.0
SHP002674,Pune,Delhi,Fastship,2026-04-10,2026-04-10,2026-04-11 13:18:22.065155,2026-04-11 16:39:01.236941,0.35535912964087324,0.2151784249130393,0.7767394934458673,0.5762262578215727,0.8568706411657558,1.350000480688524,Cancelled,1.0
SHP002418,Mumbai,Delhi,Globalline,2026-04-10,2026-04-10,2026-04-10 08:18:36.674893,2026-04-10 08:32:30.805227,-0.84948621201594,-0.817337363312456,-0.9915769864720301,-0.6612718312172607,-1.1282488347701218,0.9359056710440475,Delivered,5.0
SHP004304,Ahmedabad,Hyderabad,Ecotrans,2026-04-10,2026-04-10,2026-04-12 19:52:29.599372,2026-04-12 23:12:33.820434,2.2690211956286506,2.034117957426764,2.326270679254742,1.8808495672180885,2.524004304645759,1.350000480688524,Delivered,4.0
SHP003198,Mumbai,Lucknow,Ecotrans,2026-04-10,2026-04-10,2026-04-10 05:02:11.353751,2026-04-10 04:11:41.692586,-0.013458354632228314,-0.31060484635865104,-1.1339829547378688,-0.8009878619255554,-1.40190410956936,0.6790547308505396,Delivered,4.0
SHP000283,Lucknow,Ahmedabad,Fastship,2026-04-11,2026-04-10,2026-04-11 05:11:15.418995,2026-04-11 05:12:58.021583,-0.39118507488178195,-0.5072257614953557,-1.147354708294567,-0.7945379200523909,-1.0396908089402135,0.8872763416958239,Cancelled,5.0
SHP001049,Pune,Pune,Fastship,2026-04-10,2026-04-10,2026-04-10 23:49:32.388042,2026-04-10 23:13:35.821552,-0.7413164783079795,-0.7024185495546876,0.35646694799120765,0.0009026178197717023,0.3170333175100746,0.7370949196675954,Delivered,4.0
SHP004225,Jaipur,Pune,Ecotrans,2026-04-10,2026-04-10,2026-04-11 10:18:32.957750,2026-04-11 02:42:06.770061,-0.27592445231710894,-0.3666359135224956,0.9446523679415875,0.448320429594044,1.1237765809757145,-0.9400794121684739,Delivered,5.0
SHP002787,Pune,Lucknow,Ecotrans,2026-04-10,2026-04-10,2026-04-10 18:07:28.188633,2026-04-10 09:23:56.368549,-0.1546546156288134,-0.2850084842932735,-0.42993879451443623,-0.24241359227860826,-0.7236138136232925,-1.2076889521234127,In Transit,4.0
SHP001271,Chennai,Hyderabad,Globalline,2026-04-10,2026-04-10,2026-04-10 17:22:11.668457,2026-04-10 12:00:10.082128,-0.4002937602934653,-0.43068234707223685,-0.3364422646929296,-0.2746181806625608,-0.09307428007633313,-0.4039737651277502,Cancelled,4.0
SHP000912,Ahmedabad,Hyderabad,Ecotrans,2026-04-09,2026-04-10,2026-04-10 05:23:59.556274,2026-04-10 04:05:39.359409,-0.5428512693848732,-0.5463424347352234,1.751321925528167,0.23880068263683768,1.7404301533378526,0.5680035353388586,Cancelled,2.0
SHP002442,Kolkata,Jaipur,Ecotrans,2026-04-10,2026-04-10,2026-04-10 10:53:48.580054,2026-04-10 07:53:01.487406,-0.5362948932911215,-0.5788309929930097,-0.7395737296886157,-0.5508783670292775,-0.8379683059125291,0.15938004684480228,In Transit,4.0
SHP003697,Bangalore,Jaipur,Globalline,2026-04-10,2026-04-10,2026-04-10 16:46:08.687435,2026-04-10 12:22:51.771596,-0.8658035042315021,-0.8160866276114163,-0.683445141851621,-0.3002605131223605,-0.6097411673239819,-0.1696663679860774,Delivered,3.4301601423487544
SHP004302,Mumbai,Ahmedabad,Ecotrans,2026-04-10,2026-04-10,2026-04-10 20:24:35.057294,2026-04-10 19:59:24.784046,-0.46886376619761366,-0.5842817470615819,-0.2644041862846957,-0.14488333233624992,-0.3235336344593726,0.780058166232886,In Transit,5.0
SHP002434,Bangalore,Kolkata,Globalline,2026-04-10,2026-04-10,2026-04-11 10:37:25.775875,2026-04-11 05:20:07.948565,0.14446530608389307,-0.06910467782378177,0.2731761123136598,0.4617500892591445,0.41446977553185677,-0.38511048773884327,In Transit,3.0
SHP002808,Kolkata,Bangalore,Ecotrans,2026-04-10,2026-04-10,2026-04-10 18:52:24.936728,2026-04-10 17:38:00.487802,0.29272397213464385,0.5391779500747687,-0.3131908538456277,-0.21044340367578102,-0.3588057465459255,0.5836752090812185,In Transit,3.0
SHP003837,Pune,Mumbai,Ecotrans,2026-04-11,2026-04-10,2026-04-11 11:54:03.703665,2026-04-11 12:18:12.337553,0.4729085442177082,0.13462892413117394,-0.7448054714875214,-0.5080207549637555,-0.7263915030195308,0.9767556536681106,In Transit,3.0
SHP001022,Pune,Ahmedabad,Fastship,2026-04-10,2026-04-10,2026-04-12 14:16:50.240157,2026-04-12 02:53:17.501846,1.3308332105629892,1.9410835970862748,1.995620370212788,1.64209567186838,2.2587155040367772,-1.8459234101587836,In Transit,4.0
SHP000421,Kolkata,Lucknow,Globalline,2026-04-10,2026-04-10,2026-04-10 18:28:04.367644,2026-04-10 19:52:58.531477,-0.8178484673612695,-0.7800857794666488,-0.48918918988936794,-0.2277585801192514,-0.4830675114866666,1.2190973520022932,Delayed,3.0
SHP001229,Hyderabad,Lucknow,Ecotrans,2026-04-10,2026-04-10,2026-04-10 10:01:49.309114,2026-04-10 05:38:55.509391,-0.5916959782089524,-0.6369498249786687,-0.941269489223786,-0.5878576015456868,-0.9787000539245196,-0.16812969186632312,Cancelled,4.0
SHP002046,Mumbai,Jaipur,Fastship,2026-04-10,2026-04-10,2026-04-10 16:19:23.724218,2026-04-10 18:24:57.147174,-0.855536100400223,-0.818451289526806,-0.6167632689403335,-0.319287494864306,-0.27997882478300173,1.350000480688524,In Transit,5.0
SHP004281,Ahmedabad,Kolkata,Ecotrans,2026-04-11,2026-04-11,2026-04-11 23:14:01.129632,2026-04-11 23:35:50.210218,0.11388715974077887,-0.20030140980815894,0.4519888207614635,-0.02436364025452443,0.5114870182942661,0.9674786528684852,Delivered,3.0
SHP000573,Chennai,Ahmedabad,Ecotrans,2026-04-11,2026-04-11,2026-04-11 18:11:45.696726,2026-04-11 16:35:19.842603,0.1799680868281166,-0.16309142820477893,0.06952343728115144,-0.23936081091820577,-0.27997882478300173,0.4958329517249715,In Transit,3.4301601423487544
SHP002916,Hyderabad,Chennai,Globalline,2026-04-10,2026-04-11,2026-04-10 21:24:06.495929,2026-04-11 00:13:08.263586,0.285176852607855,0.3491588422704532,-0.14553077109676066,-0.10254360955006261,-0.3880227824402911,1.350000480688524,Delivered,5.0
SHP001393,Kolkata,Chennai,Ecotrans,2026-04-12,2026-04-11,2026-04-13 04:04:13.908351,2026-04-12 17:09:18.287515,0.12620422563942124,-0.11686799640376537,-0.02673004739912781,0.1820664007261753,-0.24128237247407774,-1.7317756260481245,Delivered,5.0
SHP000309,Hyderabad,Pune,Ecotrans,2026-04-11,2026-04-11,2026-04-11 20:37:56.652085,2026-04-11 19:04:25.466575,-0.5464087364955654,-0.47525629321310653,0.5304565154889809,-0.13538035477025287,0.4447038636673112,0.5074442919028659,In Transit,3.4301601423487544
SHP003783,Lucknow,Kolkata,Globalline,2026-04-12,2026-04-11,2026-04-13 22:29:10.341837,2026-04-13 17:17:32.590160,0.26240423503570837,0.5574956397527073,2.7407733203802795,0.9680165182866217,2.945283491030269,-0.3625034847223608,Delayed,4.0
SHP004808,Jaipur,Mumbai,Ecotrans,2026-04-12,2026-04-11,2026-04-12 07:02:06.656660,2026-04-12 06:29:01.422913,2.666737424698898,2.4422895073663584,-0.9795165584229035,-0.7156869057533564,-1.0254309497687775,0.7484845032248015,In Transit,2.0
SHP003984,Chennai,Ahmedabad,Globalline,2026-04-11,2026-04-11,2026-04-11 17:25:39.123122,2026-04-11 19:12:47.460642,-0.2923774313379005,-0.3220858131368545,-0.6345043004246084,-0.27215878714857394,-0.6639162978964149,1.3077884125773993,In Transit,4.0
SHP003123,Bangalore,Kolkata,Fastship,2026-04-11,2026-04-11,2026-04-11 18:51:12.178751,2026-04-11 15:17:02.301607,0.32878551590218047,0.15013524409333653,0.04079525176266112,-0.21130595596562265,-0.35601176530112005,0.026242148245532827,Cancelled,3.0
SHP002530,Hyderabad,Jaipur,Fastship,2026-04-11,2026-04-11,2026-04-11 12:55:32.290882,2026-04-11 12:15:37.306120,-0.7820295891593478,-0.6520013011993836,-0.8516282453878387,-0.4642922253267387,-0.4253084556917222,0.7212457318068218,Cancelled,2.0
SHP001491,Delhi,Pune,Ecotrans,2026-04-12,2026-04-11,2026-04-12 12:57:51.610284,2026-04-12 13:41:45.383672,-0.36914903250931186,-0.386518249892182,-0.4366469125120358,-0.46264058141423575,-0.43889167020621433,1.0555394583620874,Delayed,5.0
SHP000015,Chennai,Pune,Ecotrans,2026-04-12,2026-04-11,2026-04-12 14:23:17.525681,2026-04-12 12:50:47.529333,-0.6202510631898548,-0.42679955780735274,-0.4679261819068212,-0.40187239832050714,-0.3289086729575192,-1.2196549837667492,Delayed,3.4301601423487544
SHP000519,Ahmedabad,Delhi,Ecotrans,2026-04-11,2026-04-11,2026-04-12 08:56:57.243410,2026-04-12 00:38:22.046494,-0.2201055983321116,-0.3926565139118369,1.0693936055715452,0.3902813005045349,0.9087208211266281,-1.1081988352484013,Delivered,3.0
SHP001535,Ahmedabad,Chennai,Fastship,2026-04-11,2026-04-11,2026-04-11 06:34:53.007434,2026-04-11 07:16:25.176550,-0.6029292582081063,-0.4828371319864984,-0.8753708987824683,-0.735053962675674,-0.7728965442539547,1.046126116465137,Delivered,1.0
SHP000513,Mumbai,Kolkata,Ecotrans,2026-04-12,2026-04-11,2026-04-12 11:33:39.677363,2026-04-12 11:15:45.598149,1.7660874008194625,1.4756252363662299,-0.5071132894714143,-0.5225316956869225,-0.4389474593589716,0.8090547742974504,Delivered,4.0
SHP004216,Delhi,Mumbai,Ecotrans,2026-04-11,2026-04-11,2026-04-11 15:59:59.193441,2026-04-11 10:41:53.589558,2.2647523426516654,3.487155320590604,-0.3209542927729547,-0.33309311082966075,-0.36569079245154096,-0.38828650220480204,Delivered,5.0
SHP000410,Chennai,Hyderabad,Ecotrans,2026-04-10,2026-04-12,2026-04-18 02:18:34.826889,2026-04-17 07:05:18.526095,-0.7965924864063414,-0.7222860209964007,0.7538557942723729,7.276873836850162,0.5045363463100423,-2.3754234253671918,Delayed,3.0
SHP001747,Lucknow,Hyderabad,Globalline,2026-04-12,2026-04-12,2026-04-12 17:12:46.491881,2026-04-12 15:27:30.295013,1.26706565669444,0.8856297758738163,-0.15756792628625374,-0.2813183992496287,-0.22144227570137748,0.4605776765080476,Delivered,4.0
SHP000825,Delhi,Jaipur,Fastship,2026-04-13,2026-04-12,2026-04-14 14:09:21.487378,2026-04-14 13:58:54.607157,-0.34889455441335765,-0.3882751052665832,0.954380569632876,0.6124959804778453,1.04730462307444,0.8387829523928182,In Transit,5.0
SHP001294,Jaipur,Lucknow,Ecotrans,2026-04-12,2026-04-12,2026-04-13 06:48:10.068388,2026-04-13 05:28:24.677360,-0.5601297887942096,-0.531436635222523,0.3431867404193163,0.2986749531181966,0.1260199954005689,0.5623401342802837,Delivered,3.0
SHP004444,Hyderabad,Jaipur,Fastship,2026-04-13,2026-04-12,2026-04-15 04:39:14.071549,2026-04-14 15:54:43.986242,-0.6946432200833701,-0.5211523953796642,2.1474826699709566,1.2312437095567321,2.1997352236630383,-2.1688223406760256,Cancelled,4.0
SHP001500,Pune,Ahmedabad,Globalline,2026-04-12,2026-04-12,2026-04-12 18:06:34.659899,2026-04-12 21:45:49.744054,1.687779956529451,1.0672185891418022,-0.37590074217735653,-0.24304818018517202,-0.23832751716525344,1.350000480688524,Delayed,3.0
SHP000193,Hyderabad,Kolkata,Fastship,2026-04-12,2026-04-12,2026-04-12 11:24:03.374348,2026-04-12 06:43:05.664224,-0.7937233600042736,-0.768425632576033,-0.9767402890192939,-0.5293638192019082,-0.5999172846095481,-0.24018415071960936,Delayed,3.0
SHP002250,Chennai,Bangalore,Globalline,2026-04-11,2026-04-12,2026-04-15 01:58:25.439972,2026-04-14 02:42:48.212039,-0.3096715738846159,-0.3225860542158062,-0.8789471291440952,3.165417698282129,-1.1602531180144307,-2.3754234253671918,Cancelled,3.0
SHP002417,Ahmedabad,Hyderabad,Fastship,2026-04-13,2026-04-12,2026-04-13 09:26:08.148073,2026-04-13 06:12:01.311026,0.39715018276166236,0.049384082438319564,-0.8864421351702607,-0.6132412561930328,-0.9343384158168697,0.10621592014417496,Delivered,2.0
SHP000632,Hyderabad,Chennai,Fastship,2026-04-12,2026-04-12,2026-04-13 01:44:29.154533,2026-04-13 01:50:32.582017,2.810927162558273,4.232412449145512,-0.18348190163537798,0.08266439819706896,0.04837702476207851,0.9046150412040175,Delivered,5.0
SHP003280,Ahmedabad,Mumbai,Fastship,2026-04-12,2026-04-12,2026-04-13 19:30:15.904764,2026-04-14 00:49:39.114270,-0.5612362134326645,-0.6239005509783784,1.5106153733119956,0.8407588117111929,0.858266988057561,1.350000480688524,Cancelled,3.0
SHP003896,Ahmedabad,Pune,Fastship,2026-04-13,2026-04-12,2026-04-13 17:25:09.538180,2026-04-13 18:12:17.535646,0.7914593560219423,0.8071105352894998,0.17990539093646857,-0.27250951926536127,0.2912469371485664,1.0684507754079031,Delayed,3.4301601423487544
SHP002242,Bangalore,Pune,Fastship,2026-04-12,2026-04-12,2026-04-12 11:43:21.899611,2026-04-12 09:44:09.500705,-0.6931817086995007,-0.5983597690284965,-0.643211299548306,-0.515629399133378,-0.941985604029508,-1.5969122353234817,Delivered,5.0
SHP004210,Lucknow,Ahmedabad,Ecotrans,2026-04-13,2026-04-12,2026-04-13 08:28:50.260098,2026-04-13 07:15:42.530637,1.6708619302079846,1.3606192403599644,-1.029924144313128,-0.6539977240162002,-0.6735802208932076,0.5887752427454297,Cancelled,4.0
SHP004512,Chennai,Jaipur,Ecotrans,2026-04-12,2026-04-12,2026-04-12 13:09:42.286229,2026-04-12 10:23:21.876649,0.7432350886248562,1.1943296419942637,-0.6187247279036475,-0.4542154548647204,-0.767768942251074,0.21699401512523564,Delivered,4.0
SHP002512,Jaipur,Mumbai,Globalline,2026-04-12,2026-04-12,2026-04-12 02:53:41.164815,2026-04-12 02:46:11.152228,0.5589813233650665,1.0096708842876108,0.5102524663214982,-0.8923928377624833,0.6226621654606342,0.8505404755651889,Delivered,4.0
SHP001554,Delhi,Mumbai,Globalline,2026-04-13,2026-04-12,2026-04-13 19:12:44.082467,2026-04-13 20:05:08.253260,-0.7965004227020713,-0.6779685062423833,-0.45327255455201876,-0.19599032246282175,-0.5364430656033029,1.350000480688524,In Transit,3.4301601423487544
SHP001648,Bangalore,Ahmedabad,Ecotrans,2026-04-13,2026-04-12,2026-04-13 16:11:55.266836,2026-04-13 17:04:25.144433,-0.43635500571237146,-0.3216262348490701,-0.659456510510683,-0.3246039970189688,-0.6551846582332947,1.0898482069976663,Delivered,4.0
SHP003014,Bangalore,Pune,Globalline,2026-04-14,2026-04-13,2026-04-14 10:42:13.078342,2026-04-14 10:01:35.602981,-0.3852758572538759,-0.5121042703085867,-0.8161308631157789,-0.5591236016964602,-0.5070199460500797,0.718421109850549,Delayed,4.0
SHP003505,Mumbai,Pune,Fastship,2026-04-13,2026-04-13,2026-04-14 10:48:11.621138,2026-04-14 08:06:03.477301,-0.19312954278029754,-0.06479124975120237,1.0463529315340951,0.46940664231764856,0.8535563395943705,0.23376373297490055,Delivered,5.0
SHP001177,Kolkata,Kolkata,Ecotrans,2026-04-13,2026-04-13,2026-04-13 12:19:34.116630,2026-04-13 10:22:23.221534,-0.16047602808487776,-0.33359367722293737,-0.4934809323469907,-0.4898775731072058,-0.714124733452788,0.41306711289095155,Delayed,5.0
SHP000131,Jaipur,Chennai,Globalline,2026-04-14,2026-04-13,2026-04-14 07:48:55.463568,2026-04-14 04:53:44.517531,-0.6283057738139147,-0.5656469501463947,-0.9860066263635513,-0.6823882499563242,-1.283954883856916,0.18172586263236665,Delivered,3.4301601423487544
SHP001787,Bangalore,Delhi,Fastship,2026-04-14,2026-04-13,2026-04-14 07:36:22.468678,2026-04-14 06:17:09.369086,0.7096171219786015,0.5165832899034708,-0.9354685037178296,-0.691315071372394,-0.585780643155496,0.5644867526210886,Delivered,3.0
SHP000616,Mumbai,Lucknow,Ecotrans,2026-04-13,2026-04-13,2026-04-13 11:12:13.064988,2026-04-13 07:32:07.093229,-0.6353334545650795,-0.4357187357750434,-0.5077157580533401,-0.5377845998657754,-0.3818464013019954,0.0025702610113829136,Delivered,5.0
SHP000992,Jaipur,Ahmedabad,Ecotrans,2026-04-14,2026-04-13,2026-04-15 11:21:21.108547,2026-04-15 04:33:12.784684,-0.641214730666893,-0.48130777031154326,1.3754837768775052,0.49299219255218,-0.27997882478300173,-0.7474398640837766,Delivered,3.0
SHP002599,Chennai,Chennai,Ecotrans,2026-04-13,2026-04-13,2026-04-13 21:26:21.789170,2026-04-13 14:44:51.280815,-0.5593222957590283,-0.643533473278695,-0.34888469034188624,-0.1009396961478349,-0.337547792636853,-0.7209945221754972,Delivered,4.0
SHP004425,Jaipur,Chennai,Globalline,2026-04-13,2026-04-13,2026-04-13 15:17:40.757506,2026-04-13 12:20:47.273357,0.39026764384144397,-0.04414875371553636,-0.2758099722017245,-0.3631864947000128,-0.05065560303314358,0.1749094983229354,Delivered,4.0
SHP000931,Kolkata,Mumbai,Fastship,2026-04-13,2026-04-13,2026-04-13 19:40:30.818850,2026-04-14 00:03:59.418880,-0.45495544887789763,-0.14971223910354073,-0.24589460130065016,-0.17623101435603172,-0.2523287310336261,1.350000480688524,Delivered,5.0
SHP001604,Hyderabad,Hyderabad,Ecotrans,2026-04-13,2026-04-13,2026-04-13 04:19:43.031385,2026-04-13 03:20:21.640277,-0.1822298834428156,-0.3194969890120163,-1.2394255715950004,-0.8311984503156247,-1.0017541165406159,0.6437072397077236,Delivered,3.0
SHP001879,Ahmedabad,Jaipur,Fastship,2026-04-13,2026-04-13,2026-04-14 08:03:36.791254,2026-04-14 02:46:01.389658,-0.3985779055524166,-0.5155957940049167,0.5487133392708677,0.35233965544806134,0.5856427738522806,-0.38627876296370917,Delivered,3.0
SHP001190,Lucknow,Bangalore,Fastship,2026-04-14,2026-04-13,2026-04-14 16:25:34.496234,2026-04-14 09:54:23.692863,-0.15225294221314215,-0.06524436540195068,-0.6243680014709856,-0.31489195962566413,-0.5612979784498412,-0.6797987672223123,Delivered,5.0
SHP004400,Delhi,Kolkata,Fastship,2026-04-14,2026-04-13,2026-04-14 18:14:35.181515,2026-04-14 14:29:33.777104,-0.5251685464341611,-0.2710879681887219,0.3081792068320301,-0.23735155367406213,-0.17445125584272161,-0.017069037447061463,Delivered,5.0
SHP003303,Delhi,Kolkata,Ecotrans,2026-04-13,2026-04-13,2026-04-15 23:21:14.401289,2026-04-15 10:28:24.804230,-0.7263039758202453,-0.7082285117942289,2.250798453942149,2.0293322083187606,2.243417370453584,-2.202028082541784,In Transit,1.0
SHP003069,Jaipur,Kolkata,Ecotrans,2026-04-13,2026-04-13,2026-04-13 08:18:19.057108,2026-04-13 05:26:24.950290,0.2014670852931644,0.24472418112882477,-0.69867214459159,-0.6614806916246947,-0.20684921650678642,0.19481102483125629,Cancelled,4.0
SHP003003,Delhi,Mumbai,Ecotrans,2026-04-13,2026-04-13,2026-04-13 13:53:11.101054,2026-04-13 10:59:43.612002,-0.6820720360694136,-0.544917978160376,-0.1071141137955213,-0.4232877229927129,-0.3254482958668315,0.18860331030875216,In Transit,4.0
SHP003711,Delhi,Lucknow,Ecotrans,2026-04-13,2026-04-13,2026-04-13 15:57:28.022537,2026-04-13 12:01:26.606502,5.157609468413217,5.061598368674536,-0.6130722061507334,-0.33488525534603464,-0.14336447636868743,-0.060944232629544716,Delivered,3.0
SHP000173,Ahmedabad,Chennai,Ecotrans,2026-04-14,2026-04-13,2026-04-14 05:33:48.917280,2026-04-14 02:35:50.813963,0.19224366666138354,0.40113269809906527,-1.0533824854156362,-0.7784920774626927,-0.8348136187152208,0.1706138488139965,Delayed,3.4301601423487544
SHP003615,Bangalore,Jaipur,Ecotrans,2026-04-13,2026-04-13,2026-04-13 11:12:43.122567,2026-04-13 07:27:19.230634,0.2235826579177904,-0.13718203471462903,-0.42817919209600447,-0.5374282645843332,-0.9551714181876826,-0.018563926902100143,Delivered,3.0
SHP000921,Ahmedabad,Jaipur,Globalline,2026-04-13,2026-04-13,2026-04-13 17:08:50.891611,2026-04-13 10:39:32.133435,-0.4985293821212911,-0.46026415386232367,-0.5974016772987786,-0.28411146141848254,-0.27997882478300173,-0.6723504062827108,Delayed,3.4301601423487544
SHP004848,Bangalore,Ahmedabad,Globalline,2026-04-13,2026-04-13,2026-04-13 08:57:22.946331,2026-04-13 06:59:45.709988,0.21573248251746002,0.205566587552173,-0.9357376146771545,-0.6336936763431344,-0.27997882478300173,0.4113160416803104,Cancelled,3.0
SHP002712,Chennai,Ahmedabad,Globalline,2026-04-15,2026-04-14,2026-04-16 07:50:32.258486,2026-04-15 21:39:33.142902,-0.7546559965342384,-0.5822322012273194,0.8023948735679395,0.34303894968260507,0.7928192111941819,-1.5565102544625748,In Transit,1.0
SHP000393,Hyderabad,Kolkata,Ecotrans,2026-04-15,2026-04-14,2026-04-15 07:18:27.502522,2026-04-15 05:11:04.584344,-0.6225752281818625,-0.5903143627393584,-0.8114925089999185,-0.704058890793615,-0.8462240758556181,0.3723820231099649,Delivered,5.0
SHP002266,Kolkata,Chennai,Ecotrans,2026-04-14,2026-04-14,2026-04-15 07:37:42.919551,2026-04-15 01:47:37.892351,0.7862469668897077,0.29378844782353997,0.4226036480769294,0.3339183681576612,0.3937071268542889,-0.5158828499187998,Cancelled,1.0
SHP003592,Mumbai,Jaipur,Ecotrans,2026-04-15,2026-04-14,2026-04-15 08:49:06.475313,2026-04-15 06:12:43.681011,-0.2752578673296448,-0.11913685567293365,-0.686742232051511,-0.6395793844391805,-0.8934244137679115,0.2567213259979967,In Transit,4.0
SHP001388,Mumbai,Mumbai,Ecotrans,2026-04-14,2026-04-14,2026-04-14 12:57:25.074664,2026-04-14 14:40:46.800424,-0.447208835911276,-0.5186044890656988,-0.8006794925808431,-0.46295516355222216,-0.8911894856348848,1.292724079103409,Cancelled,3.4301601423487544
SHP003799,Delhi,Ahmedabad,Ecotrans,2026-04-14,2026-04-14,2026-04-14 14:12:21.926915,2026-04-14 09:17:51.475605,-0.744415122296849,-0.7249748832426268,-0.6006465960216251,-0.40964458002564685,-0.37806136019543474,-0.294212257001254,Delivered,3.4301601423487544
SHP003713,Kolkata,Hyderabad,Globalline,2026-04-14,2026-04-14,2026-04-14 03:48:28.740834,2026-04-14 02:38:49.631072,-0.520513190767205,-0.5615830406200564,-1.193292565867283,-0.8534183315492347,-1.2840749624589902,0.6026435288175184,In Transit,4.0
SHP004888,Chennai,Pune,Ecotrans,2026-04-14,2026-04-14,2026-04-14 21:33:33.128512,2026-04-14 18:40:40.594497,2.1937173268482764,2.5729953885963566,0.4117478158801037,-0.09582612986981223,-0.05260871540561545,0.19092699524886156,Delivered,4.0
SHP003586,Lucknow,Pune,Ecotrans,2026-04-14,2026-04-14,2026-04-14 06:34:48.891479,2026-04-14 05:06:56.121087,-0.8572803426145307,-0.7707692596649769,-1.1283358176607852,-0.7351027576911415,-0.9422760032845471,0.5299409098638749,Delayed,5.0
SHP003859,Kolkata,Mumbai,Ecotrans,2026-04-15,2026-04-14,2026-04-15 13:52:52.616954,2026-04-15 08:00:51.984646,-0.058229307387761504,-0.029662300308489258,-0.8265510904407086,-0.4235068536494963,-1.0641953561522677,-0.5235678610506523,In Transit,4.0
SHP000559,Ahmedabad,Ahmedabad,Globalline,2026-04-15,2026-04-14,2026-04-15 21:59:55.623660,2026-04-15 20:52:19.788152,1.2866826838190757,1.0007959718985109,-0.12437991207151325,-0.07706550908924555,-0.16903884615545475,0.6108383571486404,In Transit,4.0
SHP002905,Jaipur,Pune,Ecotrans,2026-04-14,2026-04-14,2026-04-14 21:11:11.911550,2026-04-14 21:43:41.011818,-0.7091109660191081,-0.7103989604242705,-0.3495111707992327,-0.11172637627832185,-0.599999179639073,1.010024855764422,Delivered,4.0
SHP001181,Hyderabad,Delhi,Fastship,2026-04-15,2026-04-14,2026-04-15 11:49:43.965771,2026-04-15 10:50:43.614805,-0.2827069825162096,-0.3842007971891613,-0.3411298371281886,-0.511099970807313,-0.22238069350558587,0.6451059125543054,Delivered,4.0
SHP004586,Hyderabad,Bangalore,Ecotrans,2026-04-15,2026-04-14,2026-04-16 13:18:50.648988,2026-04-16 23:40:53.462274,-0.6229946950649409,-0.6190335861393945,0.9386240460432853,0.5765651216996034,-0.27997882478300173,1.350000480688524,Delivered,3.4301601423487544
SHP002670,Kolkata,Bangalore,Globalline,2026-04-14,2026-04-14,2026-04-14 22:34:23.959556,2026-04-14 15:12:23.745637,-0.28294471283582534,-0.4306669280322461,-0.1457244414908867,-0.052545203016898606,-0.05817321645169571,-0.8825125954639537,Delivered,4.0
SHP004124,Bangalore,Mumbai,Ecotrans,2026-04-14,2026-04-14,2026-04-16 08:19:38.093202,2026-04-16 01:35:02.037713,-0.725524672556765,-0.5415193813098688,2.5454887494832508,1.3880156628329758,2.79149276343975,-0.7333290272414266,Delivered,4.0
SHP001358,Hyderabad,Delhi,Ecotrans,2026-04-15,2026-04-15,2026-04-15 15:27:43.254600,2026-04-15 08:42:11.469227,-0.6668724342355196,-0.6556184603622346,-0.4864109725413233,-0.3560438380372431,-0.4574589585782281,-0.7370337491721983,Cancelled,1.0
SHP001048,Lucknow,Hyderabad,Globalline,2026-04-16,2026-04-15,2026-04-16 08:13:44.436539,2026-04-16 04:55:21.339450,-0.04976433567173099,-0.2843070715879331,-0.8150349414393506,-0.664736342903408,-0.7899995364426264,0.08918067568578149,Delivered,1.0
SHP001286,Jaipur,Ahmedabad,Globalline,2026-04-15,2026-04-15,2026-04-15 07:13:59.843846,2026-04-15 04:19:53.148067,-0.7379252665079069,-0.7447490614869112,-0.834060723934311,-0.7072320082153621,-0.6709430578584931,0.18599698833344203,In Transit,5.0
SHP000452,Pune,Delhi,Fastship,2026-04-15,2026-04-15,2026-04-15 14:06:28.618489,2026-04-15 08:30:33.624163,0.7187724242819407,0.6159685073888169,-0.7913629207609701,-0.4138330828405818,-0.6218746158756059,-0.45937572655595865,In Transit,3.0
SHP000442,Mumbai,Kolkata,Fastship,2026-04-15,2026-04-15,2026-04-15 04:17:03.453086,2026-04-15 03:45:50.776770,-0.40077718125407785,-0.4371465879604352,0.7681743266944172,-0.8330902652463229,0.8176026856019084,0.7559669157684386,In Transit,4.0
SHP002780,Delhi,Mumbai,Globalline,2026-04-14,2026-04-15,2026-04-17 00:04:01.153844,2026-04-16 17:07:34.535968,0.3262123470024328,0.34088432798141444,2.268062752305089,2.0597612882271785,2.2273446125956,-0.7805646550475153,Delivered,4.0
SHP000761,Jaipur,Lucknow,Fastship,2026-04-15,2026-04-15,2026-04-15 19:19:23.853007,2026-04-15 12:58:18.766418,0.5559786915474673,0.8713983814297036,-0.547929973727415,-0.19125100714858015,-0.6001307106784456,-0.6395328975479386,In Transit,2.0
SHP001459,Ahmedabad,Ahmedabad,Fastship,2026-04-15,2026-04-15,2026-04-15 12:13:39.773456,2026-04-15 08:34:11.304836,0.4147033932833539,0.32434127545867597,-0.7067939378498224,-0.49407834295401826,-0.7490031211210053,0.005063334593342742,Delivered,3.0
SHP004309,Mumbai,Pune,Ecotrans,2026-04-16,2026-04-15,2026-04-16 11:58:24.255410,2026-04-16 12:34:11.783595,-0.40803662018656095,-0.2819885073014808,-0.5785547661651662,-0.504931890843385,-0.4108281818837164,1.0232156288833338,Cancelled,3.0
SHP002102,Jaipur,Bangalore,Globalline,2026-04-15,2026-04-15,2026-04-26 03:17:02.569711,2026-04-26 07:24:22.901719,-0.5253109520263458,-0.3750884049213697,1.4959471405287308,10.391297501905774,1.6390735590616718,1.350000480688524,Delayed,3.0
SHP004532,Chennai,Mumbai,Ecotrans,2026-04-15,2026-04-15,2026-04-15 09:20:52.889738,2026-04-15 06:57:12.573170,-0.17657020089961498,-0.09558671532963825,-0.625083734854145,-0.6169786718019081,-0.676949479689956,0.30740809905632616,Cancelled,5.0
SHP003184,Kolkata,Jaipur,Ecotrans,2026-04-15,2026-04-15,2026-04-15 15:21:09.523431,2026-04-15 13:37:47.093884,-0.43670882704997566,-0.5473751185542933,-0.4031188365838696,-0.3607115560828365,-0.4868329116490564,0.46814051818045915,Delivered,4.0
SHP004653,Ahmedabad,Jaipur,Ecotrans,2026-04-15,2026-04-15,2026-04-16 03:01:27.416338,2026-04-15 20:55:19.380242,0.6000880684539794,0.6522826186296793,0.08706702101030973,0.1374143027865288,0.026254597484641023,-0.5799002122470542,Delivered,4.0
SHP000303,Lucknow,Hyderabad,Globalline,2026-04-16,2026-04-15,2026-04-17 18:11:33.650750,2026-04-17 03:39:12.797018,-0.17186365628019168,-0.20949343954779376,2.824685268504988,0.7847760702219284,2.8619958255782754,-2.3754234253671918,Delivered,5.0
SHP002239,Kolkata,Ahmedabad,Ecotrans,2026-04-15,2026-04-15,2026-04-15 12:07:11.322475,2026-04-15 11:26:04.144438,-0.14331476363289342,-0.2572420924931904,-0.48701421033886605,-0.49868346389382257,-0.4167136144789463,0.7164465829489711,Delayed,4.0
SHP001071,Mumbai,Kolkata,Globalline,2026-04-14,2026-04-15,2026-04-15 21:06:46.125660,2026-04-15 06:49:00.282727,-0.229452887049118,-0.38645636414873347,1.9010078227741378,0.9094023956130395,1.9860100156623004,-2.3754234253671918,Delivered,4.0
SHP003770,Delhi,Delhi,Fastship,2026-04-15,2026-04-15,2026-04-15 16:38:17.284056,2026-04-15 11:08:52.665383,0.1425272931835784,0.12876821734627236,0.27044238086020456,-0.3058490421183696,0.4676647622441691,-0.4334249594072514,Delivered,4.0
SHP004829,Hyderabad,Chennai,Fastship,2026-04-17,2026-04-16,2026-04-18 00:38:30.744417,2026-04-17 19:43:01.662058,-0.3674538493566888,-0.4945883051499109,0.3976885423306287,0.035737094081526345,0.5506316829926932,-0.298109837930266,In Transit,5.0
SHP002895,Pune,Lucknow,Ecotrans,2026-04-16,2026-04-16,2026-04-16 10:58:48.910619,2026-04-16 13:28:17.368361,-0.2743940543260945,-0.10558949883411867,-0.847939817963454,-0.5473179214605878,-0.8980629493182657,1.350000480688524,Delivered,4.0
SHP000759,Hyderabad,Bangalore,Globalline,2026-04-16,2026-04-16,2026-04-16 12:55:11.681752,2026-04-16 10:26:15.151119,1.368092178227774,1.686264872313727,-0.48577673979452257,-0.46453654839196956,-0.5103346959883237,0.28638732712319204,Delivered,2.0
SHP004125,Lucknow,Hyderabad,Ecotrans,2026-04-16,2026-04-16,2026-04-16 18:14:47.370516,2026-04-16 12:51:09.626413,-0.07701035568440354,-0.14565671533512095,-0.3786678191648412,-0.23720705198537,-0.6117137484630284,-0.4103659875510376,Delivered,5.0
SHP001001,Kolkata,Lucknow,Globalline,2026-04-16,2026-04-16,2026-04-16 02:53:10.437577,2026-04-16 02:01:36.153738,-0.6188147142599315,-0.42870424604512064,-1.3102485232778875,-0.8927571119092215,-1.2819899169896685,0.6747588482753503,Delivered,4.0
SHP004632,Chennai,Bangalore,Globalline,2026-04-16,2026-04-16,2026-04-16 11:30:02.148118,2026-04-16 07:33:42.287466,-0.16084832276412547,0.05892898162584831,-0.9087552661694586,-0.5251105242359855,-0.8767880491977116,-0.0621703643240694,Cancelled,3.0
SHP000669,Lucknow,Chennai,Fastship,2026-04-16,2026-04-16,2026-04-17 09:28:00.557658,2026-04-17 06:58:32.056607,-0.9963334497483998,-0.9160871283118552,0.5711802751349812,0.4123710566992871,0.5616219504049311,0.2842620489026141,Cancelled,5.0
SHP000139,Mumbai,Kolkata,Globalline,2026-04-16,2026-04-16,2026-04-16 10:17:48.863766,2026-04-16 06:10:00.165045,1.0724771060780194,1.2094503877048715,-0.7031552466042499,-0.5764819957694087,-0.8133215060526593,-0.10796183772772534,In Transit,5.0
SHP003148,Chennai,Lucknow,Fastship,2026-04-16,2026-04-16,2026-04-17 07:32:47.009488,2026-04-17 01:11:05.786879,-0.6700168778558716,-0.6000812364648147,0.6684796897847126,0.33041032802598996,0.7290722684751864,-0.6419350899835952,Cancelled,3.0
SHP002578,Chennai,Delhi,Fastship,2026-04-16,2026-04-16,2026-04-16 10:45:40.459847,2026-04-16 08:27:06.515288,-0.3566863805929934,-0.30367897299106755,-0.9168022987459745,-0.5566650755039749,-1.086477106775788,0.3277746065609341,Delivered,3.4301601423487544
SHP001583,Jaipur,Mumbai,Fastship,2026-04-17,2026-04-16,2026-04-18 11:49:58.919207,2026-04-18 13:20:00.761774,1.1312663206399627,1.4695299861351656,1.488328382717336,0.5133569907723997,1.5226346151787782,1.239550725877644,Delivered,5.0
SHP004650,Kolkata,Bangalore,Globalline,2026-04-16,2026-04-16,2026-04-17 06:13:28.245700,2026-04-16 21:12:59.222267,-0.12961230662987988,-0.2287222719833358,1.5841524096701907,0.273994759918003,1.0739716748983983,-1.2753089664606907,In Transit,3.0
SHP000782,Kolkata,Mumbai,Fastship,2026-04-16,2026-04-16,2026-04-16 07:15:09.648297,2026-04-16 05:34:54.737119,-0.5860429350540125,-0.46967243780583295,-1.0783027206244935,-0.7064044702349254,-1.1573687907899053,0.4806060638481455,In Transit,3.0
SHP002687,Delhi,Kolkata,Fastship,2026-04-16,2026-04-16,2026-04-16 15:22:46.073172,2026-04-16 16:08:28.819422,-0.6211559910388347,-0.5917490864353963,-0.2200999687938375,-0.3595669503081286,-0.209297735323335,1.0627835816714122,Cancelled,5.0
SHP001197,Kolkata,Hyderabad,Fastship,2026-04-16,2026-04-16,2026-04-19 10:41:57.758585,2026-04-18 20:53:55.221738,0.14773592817615327,-0.1842227803911707,3.1946880071163752,2.5135338430160346,3.403303426684271,-2.3754234253671918,Cancelled,3.4301601423487544
SHP000841,Lucknow,Chennai,Ecotrans,2026-04-17,2026-04-16,2026-04-17 03:56:35.955281,2026-04-17 03:06:41.503483,0.624771920857801,0.23702149366702155,-1.2094443738121694,-0.8476423609419919,-1.1525544386455346,0.6813953227328678,Cancelled,4.0
SHP003704,Delhi,Bangalore,Fastship,2026-04-16,2026-04-16,2026-04-18 07:06:53.358546,2026-04-18 04:59:49.567004,-0.368924846635891,-0.46332191449834187,1.6580538154808553,1.3362713451463535,1.7889531566885937,0.3736534929707507,Delivered,3.0
SHP004220,Ahmedabad,Mumbai,Fastship,2026-04-16,2026-04-16,2026-04-16 10:37:19.761204,2026-04-16 06:53:51.368620,-0.5496723188621325,-0.5338874489314344,-0.6584607311292238,-0.562600902470692,-0.6389220044546295,-0.010885946247588549,Delivered,5.0
SHP001647,Bangalore,Mumbai,Ecotrans,2026-04-17,2026-04-16,2026-04-20 02:12:17.896973,2026-04-19 12:10:21.236662,-0.2210586132989619,-0.39443358254315974,2.69683928714814,2.151006862831742,2.3956757165802993,-2.3754234253671918,Delivered,3.0
SHP000124,Lucknow,Jaipur,Fastship,2026-04-17,2026-04-16,2026-04-17 08:23:05.578725,2026-04-17 10:34:43.770427,-0.7047381637211708,-0.5314664442421604,-0.6680475364533346,-0.6580839523670003,-0.7218016908330496,1.350000480688524,Cancelled,5.0
SHP003762,Chennai,Delhi,Fastship,2026-04-18,2026-04-17,2026-04-18 04:31:34.025785,2026-04-18 03:49:05.665643,-0.6369625087464488,-0.5152894565051092,-1.325410056082711,-0.8227695484379577,-1.0887083107594586,0.7110498890534712,Cancelled,5.0
SHP002274,Mumbai,Hyderabad,Globalline,2026-04-16,2026-04-17,2026-04-22 10:36:08.664925,2026-04-23 02:22:47.566525,-0.06044136609351684,-0.03334390481909645,-0.048468428039607575,5.582234368419557,0.21115291807493794,1.350000480688524,Cancelled,4.0
SHP004694,Delhi,Bangalore,Globalline,2026-04-17,2026-04-17,2026-04-18 05:19:35.478802,2026-04-17 17:44:23.289247,-0.1128483056177234,-0.3456837348358995,0.8775778214498484,0.23567002072168,0.7213539591815031,-1.8924204092042585,Delivered,3.0
SHP001023,Mumbai,Bangalore,Fastship,2026-04-17,2026-04-17,2026-04-17 14:48:41.736169,2026-04-17 14:28:40.436898,0.5204694164748361,0.767854293602765,-0.7692434796699756,-0.3838027473711718,-0.5716018725536121,0.8005976431969811,Delivered,1.0
SHP003463,Kolkata,Mumbai,Globalline,2026-04-17,2026-04-17,2026-04-17 11:50:24.530045,2026-04-17 11:35:30.621699,0.20107603023493942,0.3510886340953788,-0.7319847929793231,-0.5106190777341223,-0.6859098365794243,0.8210318845667953,Delivered,3.4301601423487544
SHP002477,Bangalore,Lucknow,Ecotrans,2026-04-17,2026-04-17,2026-04-17 16:56:33.991387,2026-04-17 15:54:44.815570,-0.08963492207360349,0.17155602936897485,-0.38521197979528254,-0.29284747913344944,-0.4388678389524438,0.6338830446229996,In Transit,3.4301601423487544
SHP004832,Chennai,Bangalore,Globalline,2026-04-18,2026-04-17,2026-04-18 03:28:48.336293,2026-04-18 03:46:10.313114,-0.5963535313796576,-0.4712826293310674,-1.2547442911310747,-0.8674121324106386,-1.3377185772156366,1.2638587061434237,In Transit,5.0
SHP004747,Bangalore,Hyderabad,Fastship,2026-04-18,2026-04-17,2026-04-18 09:00:27.232566,2026-04-18 06:45:57.972476,-0.1357257357608262,0.0015561200928821144,-0.6522130954918003,-0.6315089466346765,-0.4258498392928563,0.34404034862534544,In Transit,5.0
SHP000769,Delhi,Mumbai,Globalline,2026-04-18,2026-04-17,2026-04-18 06:05:36.922889,2026-04-18 03:53:01.058581,-0.4555235020779754,-0.579391094263742,-1.156677363379069,-0.7558725012058336,-1.1505780170986089,0.35157849172344374,Delivered,4.0
SHP004811,Lucknow,Delhi,Ecotrans,2026-04-17,2026-04-17,2026-04-18 20:11:59.353947,2026-04-18 07:37:40.461505,-0.07951364559662787,0.13131798575741807,1.2722377711998372,0.870437424521562,1.0416619662520992,-2.1281924407304813,Delivered,2.0
SHP002134,Hyderabad,Pune,Fastship,2026-04-16,2026-04-17,2026-04-24 18:02:13.164832,2026-04-23 10:41:22.058838,-0.7071444946678246,-0.7195348850704338,2.3553552099226756,7.948089270668574,2.507373286397629,-2.3754234253671918,Delivered,3.0
SHP001880,Hyderabad,Mumbai,Fastship,2026-04-18,2026-04-18,2026-04-18 07:40:10.011242,2026-04-18 07:02:21.000824,-0.8451665502901133,-0.801246287880132,-0.8682008577890601,-0.6886175340269821,-0.950955761690894,0.7296200523945229,Delivered,4.0
SHP000682,Delhi,Lucknow,Ecotrans,2026-04-18,2026-04-18,2026-04-18 08:16:43.720478,2026-04-18 07:37:05.780495,-0.19917741606007905,-0.40534990023864187,-0.7564242729257513,-0.6626109158543405,-0.7978827898440668,0.7223788073137878,Delivered,4.0
SHP002803,Delhi,Delhi,Globalline,2026-04-18,2026-04-18,2026-04-18 09:03:32.178509,2026-04-18 09:11:02.451781,-0.6787730111699809,-0.6115093795263866,-1.0191218069579595,-0.6293163960200037,-1.251093194267575,0.9103882363428907,Delivered,3.4301601423487544
SHP003572,Pune,Hyderabad,Ecotrans,2026-04-18,2026-04-18,2026-04-18 13:18:44.972457,2026-04-18 09:47:15.199892,-0.46695657287781656,-0.39689207148309275,-0.7301454609709467,-0.4477818613466222,-0.7386169627323798,0.036885323907594136,Delayed,5.0
SHP004663,Delhi,Chennai,Fastship,2026-04-18,2026-04-18,2026-04-18 09:23:00.143738,2026-04-18 06:58:56.645357,-0.3881377022187244,-0.41556863217639173,-0.7006757590879868,-0.615470064314651,-0.5042467829373414,0.3058670556366744,Delayed,3.0
SHP003161,Mumbai,Mumbai,Ecotrans,2026-04-19,2026-04-18,2026-04-19 09:14:09.918912,2026-04-19 10:47:16.691850,0.757287148291179,0.5904541952568041,-0.952038817128619,-0.6217559268027277,-0.9791202969188151,1.2518442307611184,Delivered,3.0
SHP000439,Bangalore,Chennai,Globalline,2026-04-18,2026-04-18,2026-04-18 11:15:03.475643,2026-04-18 07:29:35.602542,-0.23766577238375958,0.0709206218269813,-0.8539397731211468,-0.5357643663828643,-0.7652160976165124,-0.01882858060925076,Delayed,3.4301601423487544
SHP001355,Lucknow,Ahmedabad,Globalline,2026-04-18,2026-04-18,2026-04-20 03:29:51.264280,2026-04-19 19:57:37.536775,-0.3863068943485165,-0.3753966543981382,2.0167398766892597,1.1818932590114781,2.129897190737286,-0.92329676858157,Delivered,3.0
SHP000791,Jaipur,Mumbai,Fastship,2026-04-18,2026-04-18,2026-04-18 04:15:53.147910,2026-04-18 03:35:15.818965,-0.7029921077462147,-0.7280960313608134,-1.2131529632125992,-0.83392373936626,-1.2351428828100726,0.7184308430587899,Cancelled,3.0
SHP002751,Kolkata,Kolkata,Globalline,2026-04-18,2026-04-18,2026-04-18 09:36:59.795107,2026-04-18 05:39:50.838897,5.641914792309569,3.965716797222866,-0.9874689040786333,-0.6055159226279779,-0.7631523955427874,-0.06543406016140657,In Transit,5.0
SHP003259,Kolkata,Hyderabad,Fastship,2026-04-17,2026-04-18,2026-04-18 08:21:03.704908,2026-04-18 09:53:55.875510,0.3841014628819291,0.7810901380101021,1.4234705896809199,0.3647509099596463,1.2703250911287964,1.2508735200663017,Delivered,2.0
SHP004910,Lucknow,Pune,Fastship,2026-04-18,2026-04-18,2026-04-18 15:47:27.727355,2026-04-18 12:13:42.394176,-0.5813622657802157,-0.4963910977075131,-0.5560007716154791,-0.3420018081405476,-0.27997882478300173,0.02787374262322077,Delivered,3.0
SHP001638,Jaipur,Ahmedabad,Fastship,2026-04-18,2026-04-18,2026-04-18 19:45:41.444044,2026-04-18 17:14:10.778163,1.268763758403853,0.9626761474469001,-0.05499429253333023,-0.17254852503888016,-0.018395817321948407,0.2761409710824983,Cancelled,3.0
SHP003797,Ahmedabad,Kolkata,Fastship,2026-04-18,2026-04-18,2026-04-18 10:04:22.486484,2026-04-18 10:55:44.674606,0.2504996051389351,0.2758988655994704,-0.9199633460510762,-0.5860416701943573,-0.7441532206744504,1.0853484545396324,Delivered,3.0
SHP000350,Delhi,Delhi,Ecotrans,2026-04-18,2026-04-18,2026-04-19 14:47:59.394925,2026-04-19 07:43:44.360023,-0.14677450594317804,-0.3583384573097969,1.7519744036904878,0.6399749806862359,1.975513742745118,-0.8117033315423222,Delivered,3.4301601423487544
SHP001536,Delhi,Hyderabad,Globalline,2026-04-18,2026-04-18,2026-04-19 14:34:50.312298,2026-04-19 06:27:36.049779,-0.8742430110189966,-0.8186782880754678,1.0551490537288484,0.6306203359324045,1.3953437004492693,-1.0629327694876542,Cancelled,1.0
SHP000708,Pune,Jaipur,Ecotrans,2026-04-19,2026-04-18,2026-04-19 13:39:40.834330,2026-04-19 10:50:14.104737,-0.810520685114901,-0.7114848752635671,-0.1086889112080454,-0.43289350710130126,-0.06340890686187245,0.20460813184755272,Delivered,2.0
SHP001232,Jaipur,Bangalore,Globalline,2026-04-18,2026-04-18,2026-04-18 20:46:28.998914,2026-04-18 12:22:52.717512,-0.5054409548995638,-0.5202260475883139,0.3531882752749259,-0.1293064375213403,0.18843577978975956,-1.128213847271383,Delivered,3.4301601423487544
SHP004393,Mumbai,Ahmedabad,Globalline,2026-04-18,2026-04-18,2026-04-18 04:23:16.103891,2026-04-18 03:51:17.756064,-0.05950227126043669,0.388854813301834,-1.307751816352292,-0.8286724567949946,-1.3570889907404364,0.7529308382411071,Delivered,3.0
SHP000862,Chennai,Chennai,Ecotrans,2026-04-19,2026-04-18,2026-04-20 05:38:45.397007,2026-04-19 19:20:54.855358,-0.05458875533821288,-0.3245117938840059,0.11101797625611667,0.24930240334521933,-0.0270944467693946,-1.5838603771704685,Delivered,2.0
SHP003015,Lucknow,Mumbai,Ecotrans,2026-04-18,2026-04-18,2026-04-18 07:26:14.527211,2026-04-18 06:02:14.146945,8.273471249700847,9.723741115530977,-0.8159128625482195,-0.6985222715569915,-0.27054480900627,0.5453893682939522,Delivered,4.0
SHP004618,Chennai,Mumbai,Ecotrans,2026-04-19,2026-04-18,2026-04-19 15:26:06.906560,2026-04-19 09:54:00.806705,0.512626687185341,1.1005770522918987,0.06523026967612651,-0.357186052629584,0.06461689934431161,-0.4441596466777713,Delivered,3.0
SHP003675,Hyderabad,Chennai,Fastship,2026-04-19,2026-04-19,2026-04-20 02:42:56.228729,2026-04-19 22:15:39.906483,1.4088519094085186,1.7718120889088715,-0.01277465118938642,0.1242410748227218,-0.14265056997679523,-0.1855812435020606,Delivered,1.0
SHP001378,Hyderabad,Kolkata,Fastship,2026-04-20,2026-04-19,2026-04-21 11:29:59.760138,2026-04-21 08:29:39.241716,-0.6410997892064609,-0.4318186949900645,0.8902202739683428,0.49914085331381386,0.707428087555985,0.16114660566009584,In Transit,3.4301601423487544
SHP003743,Pune,Bangalore,Fastship,2026-04-20,2026-04-19,2026-04-20 12:02:01.519154,2026-04-20 09:04:26.879674,-0.5088162464935043,-0.46971043176917016,-0.6785881382621803,-0.5023562098381317,-0.5528728307413928,0.17217364017322415,Cancelled,4.0
SHP000607,Mumbai,Hyderabad,Fastship,2026-04-19,2026-04-19,2026-04-19 14:01:39.879497,2026-04-19 09:43:52.528687,-0.6981966331518018,-0.6809520929996672,-0.6912296685032844,-0.4172561092858083,-0.39166237782249474,-0.14775807206082903,Delayed,3.4301601423487544
SHP000498,Chennai,Pune,Ecotrans,2026-04-20,2026-04-19,2026-04-20 10:01:11.694950,2026-04-20 09:56:26.718908,0.036984906683376284,0.29263348137254136,-0.8351178637221374,-0.5883035208130005,-0.5150989171056076,0.8615115105603508,Delivered,1.0
SHP003721,Pune,Mumbai,Fastship,2026-04-19,2026-04-19,2026-04-21 17:48:56.456844,2026-04-21 06:42:59.605455,1.58801318254715,0.9743456449596853,2.417778789765663,1.7929661029868673,2.2705830901626096,-1.7757318512395406,In Transit,2.0
SHP002041,Kolkata,Lucknow,Ecotrans,2026-04-20,2026-04-19,2026-04-21 07:36:41.894899,2026-04-21 06:35:19.023000,-0.26365125168451997,-0.41572390484830124,0.3479884153284127,0.33319491547442315,0.44006963564477547,0.6356316343361923,Delivered,4.0
SHP002847,Pune,Kolkata,Ecotrans,2026-04-19,2026-04-19,2026-04-20 07:22:11.951188,2026-04-20 09:20:00.896392,-0.48682788546324385,-0.44475734177294474,1.4340585226327152,0.3228816553788954,1.4366323846763276,1.350000480688524,Delivered,3.4301601423487544
SHP001285,Hyderabad,Bangalore,Fastship,2026-04-20,2026-04-19,2026-04-20 06:15:11.861928,2026-04-20 06:27:09.467604,-0.32492058525299,-0.3728628864507101,-1.0573928487123803,-0.7490565477415765,-0.5252726742372862,0.9281595315407196,Delivered,5.0
SHP001107,Lucknow,Delhi,Ecotrans,2026-04-20,2026-04-19,2026-04-21 01:22:45.628501,2026-04-20 19:41:27.889086,-0.838292349030224,-0.7901668199481142,-0.010502543116199806,0.06721098110573702,0.07761898608991818,-0.4808306574376956,Delivered,3.0
SHP000298,Lucknow,Lucknow,Ecotrans,2026-04-20,2026-04-19,2026-04-20 17:13:48.761957,2026-04-20 11:33:47.018931,-0.2920635827269864,-0.3775763500710133,-0.3681971172503836,-0.28058018196776363,-0.4419281771418655,-0.47577869126120453,Delivered,3.0
SHP001162,Kolkata,Jaipur,Ecotrans,2026-04-20,2026-04-19,2026-04-20 15:30:25.520930,2026-04-20 15:25:09.555907,1.0991521989421815,1.0896945294996294,-0.027901087550922438,-0.354120156258292,0.12154677900265724,0.8594514747360708,Delivered,1.0
SHP001167,Ahmedabad,Mumbai,Ecotrans,2026-04-19,2026-04-19,2026-04-20 00:22:21.387768,2026-04-19 18:31:27.842491,-0.5571321124667129,-0.6359641294433657,0.6096710903809147,0.024245284754753144,0.17060155006012936,-0.5191081568995354,In Transit,1.0
SHP001624,Mumbai,Delhi,Ecotrans,2026-04-20,2026-04-19,2026-04-20 20:25:51.530445,2026-04-20 13:05:25.598557,0.8076022606220209,0.5318911193986784,-0.4238000228787805,-0.1439767363266362,-0.4281643369833743,-0.8762450656782571,Delivered,5.0
SHP002794,Bangalore,Hyderabad,Globalline,2026-04-19,2026-04-19,2026-04-20 04:39:30.203507,2026-04-19 16:50:01.958365,-0.8597198407375618,-0.8088214114664402,0.25209230075711836,0.2071552680879567,0.1551802959962308,-1.9493279008315274,Delivered,3.0
SHP000934,Mumbai,Hyderabad,Globalline,2026-04-20,2026-04-19,2026-04-20 09:07:09.305600,2026-04-20 07:31:21.643533,-0.6321745690754191,-0.4005138131213152,-0.7407385869977028,-0.6267423350373964,-0.7140161143504379,0.4983718220273834,In Transit,3.0
SHP004670,Kolkata,Delhi,Ecotrans,2026-04-20,2026-04-19,2026-04-20 12:42:11.830304,2026-04-20 10:26:40.307997,-0.604070441213956,-0.6669985977694075,-0.4376352464912574,-0.47378175670111816,-0.6651774021396455,0.3399013807283661,Delayed,5.0
SHP000067,Bangalore,Ahmedabad,Globalline,2026-04-19,2026-04-19,2026-04-20 16:12:38.698307,2026-04-20 07:28:58.237964,-0.29159308578579546,-0.2939947535040417,1.5136287452140869,0.7001905741992012,1.570854892817307,-1.2082633254166508,Delivered,5.0
SHP003871,Mumbai,Delhi,Ecotrans,2026-04-20,2026-04-19,2026-04-21 00:55:15.222315,2026-04-20 17:35:28.364602,-0.22790999798636738,-0.39106060514296126,-0.16450404571920993,0.04764526892847699,-0.3101711929063756,-0.8736475552824108,In Transit,5.0
SHP003524,Chennai,Kolkata,Fastship,2026-04-20,2026-04-19,2026-04-20 11:30:35.796922,2026-04-20 10:03:36.551213,0.6791586653319571,0.2677318760229591,-0.3068473408025959,-0.5247116146683285,-0.2416739804501619,0.5334990379760332,Delivered,3.0
SHP001568,Ahmedabad,Pune,Fastship,2026-04-19,2026-04-19,2026-04-20 21:37:06.382718,2026-04-20 18:44:23.433469,-0.3958823612518122,-0.47025183928087777,1.0308168068329855,0.9309817049899853,1.1067626743893166,0.19156415596503162,Delayed,4.0
SHP001785,Lucknow,Delhi,Fastship,2026-04-19,2026-04-19,2026-04-19 09:47:40.390481,2026-04-19 07:48:31.824021,0.1722104008223358,0.3830006536292982,-0.5605513756470736,-0.5979216074696275,-0.554703422605162,0.40524474450355924,Cancelled,3.4301601423487544
SHP001053,Pune,Jaipur,Ecotrans,2026-04-18,2026-04-19,2026-04-19 11:04:14.644961,2026-04-19 06:01:29.687370,-0.3561010444288374,-0.39793532120025654,1.0051062254139718,0.48082337541475717,0.554304307693726,-0.3270852531863011,Delivered,4.0
SHP001060,Chennai,Mumbai,Fastship,2026-04-20,2026-04-19,2026-04-21 02:46:25.872840,2026-04-20 19:52:43.518690,-0.8378907788841204,-0.7331555305893594,0.38355074141897755,0.12672642440628287,0.4463821391047532,-0.7696449942755226,Delivered,5.0
SHP002438,Bangalore,Kolkata,Globalline,2026-04-20,2026-04-19,2026-04-21 01:22:16.293498,2026-04-21 01:53:45.370008,-0.0005608814189689915,-0.14213024514022732,0.028141184600665,0.06686321203086544,-0.30180244857957345,1.0060346925580903,In Transit,3.4301601423487544
SHP004516,Pune,Ahmedabad,Ecotrans,2026-04-19,2026-04-19,2026-04-20 01:41:51.892011,2026-04-19 18:37:34.465367,-0.11025851840842531,0.10125101487937802,0.12395631050632053,0.0808000370066839,0.07816519957295877,-0.8118623259346334,Delivered,4.0
SHP000012,Mumbai,Kolkata,Fastship,2026-04-19,2026-04-19,2026-04-19 10:33:04.045482,2026-04-19 06:41:20.576766,0.383149881320311,0.298135005185772,-0.9311330769905783,-0.5656324351028726,-0.8386779860896917,-0.04379682407432313,Delivered,4.0
SHP002156,Lucknow,Chennai,Globalline,2026-04-19,2026-04-19,2026-04-19 15:41:49.729143,2026-04-19 13:37:24.987798,-0.8344561064688202,-0.7060175340848823,-0.2805512838836134,-0.34600880701955555,-0.2778174318149877,0.3842265771156859,Delayed,4.0
SHP001200,Bangalore,Delhi,Globalline,2026-04-20,2026-04-20,2026-04-22 02:01:23.984271,2026-04-21 19:37:39.064690,-0.711202033785202,-0.6104631053174137,1.4767439163644522,1.118974982296634,1.3821850077877265,-0.6501580190845865,In Transit,5.0
SHP001777,Hyderabad,Mumbai,Fastship,2026-04-20,2026-04-20,2026-04-20 10:32:57.617747,2026-04-20 06:35:27.426997,-0.4828246367176074,-0.2380028952209291,-0.6682317720857764,-0.5657086364707462,-0.5688061761518335,-0.06684565588674217,Delayed,4.0
SHP000812,Delhi,Delhi,Ecotrans,2026-04-20,2026-04-20,2026-04-20 08:26:38.394632,2026-04-20 08:05:16.964715,1.1694923596679743,0.8347968350382129,-1.0150408042266752,-0.6555610008463562,-0.7893098678782828,0.7952708465080967,Delivered,5.0
SHP003484,Jaipur,Ahmedabad,Globalline,2026-04-20,2026-04-20,2026-04-20 15:01:49.279006,2026-04-20 11:54:25.160430,2.6903455161172807,1.4883517354932572,-0.40615975700523316,-0.3744663569653322,-0.4872764083489585,0.13298719337059353,Delivered,3.0
SHP000259,Chennai,Bangalore,Globalline,2026-04-20,2026-04-20,2026-04-21 05:39:19.679929,2026-04-21 04:15:58.937496,0.1534189735666264,0.17664529023586695,1.0184085017839788,0.24970883043838624,1.2839280592952158,0.5480243486431553,Delivered,3.0
SHP001949,Lucknow,Hyderabad,Fastship,2026-04-21,2026-04-20,2026-04-21 09:12:03.931886,2026-04-21 08:14:17.410164,-0.4788435219952524,-0.29840142891099125,-1.0923883634914044,-0.6232495142100372,-0.8318474874668984,0.6500138147379723,Delivered,4.0
SHP001426,Ahmedabad,Hyderabad,Globalline,2026-04-20,2026-04-20,2026-04-20 11:54:54.225505,2026-04-20 07:56:38.660476,-0.5282190761958553,-0.5451129472299402,-0.6335508144586086,-0.5074218140561615,-0.4195693326333978,-2.3754234253671918,In Transit,5.0
SHP001021,Chennai,Ahmedabad,Fastship,2026-04-21,2026-04-20,2026-04-21 18:41:10.085741,2026-04-21 15:05:32.868482,2.4907184353814924,3.196621380327956,0.028309792176247493,-0.21844382216727462,0.046075504549110365,0.020436092028429834,Delivered,1.0
SHP000087,Hyderabad,Pune,Ecotrans,2026-04-20,2026-04-20,2026-04-20 09:46:25.615721,2026-04-20 06:51:11.726636,-0.7719042691350765,-0.6994402265289916,-0.6588116420159761,-0.5988080689060495,-0.7028945109228166,0.18153021940316275,Delayed,2.0
SHP001094,Chennai,Pune,Ecotrans,2026-04-19,2026-04-20,2026-04-20 09:14:36.887002,2026-04-20 08:13:52.849534,-0.4305007735071565,-0.47893862927907593,0.5046678227213349,0.40284346957283856,0.8945990422898493,0.6382132074145563,Delivered,4.0
SHP003042,Ahmedabad,Lucknow,Ecotrans,2026-04-20,2026-04-20,2026-04-21 15:33:48.772939,2026-04-21 05:33:11.070477,-0.09749620941502093,-0.3047526111631125,0.6696450163485332,0.6725691016575788,0.7436486007821905,-1.5152009486484304,Cancelled,3.0
SHP000881,Kolkata,Jaipur,Ecotrans,2026-04-21,2026-04-20,2026-04-21 17:44:26.765702,2026-04-21 14:19:17.903441,1.1780770131085092,1.1882227674381534,-0.41411675856318586,-0.2587904840392526,-0.46081017948963077,0.062206868752111795,Delivered,4.0
SHP003085,Chennai,Jaipur,Fastship,2026-04-20,2026-04-20,2026-04-21 11:29:19.571753,2026-04-21 04:13:12.704523,2.757489591312735,2.2169467553677666,0.31125758103869466,0.4986644164316232,0.6797188180398774,-0.8590233804513417,In Transit,3.0
SHP000512,Bangalore,Pune,Fastship,2026-04-21,2026-04-20,2026-04-23 15:21:07.030732,2026-04-23 13:23:22.721435,-0.488544839072669,-0.4920171836499303,2.2556153633823572,1.687818267286003,2.393347656682092,0.4108458571775192,Delivered,4.0
SHP001882,Ahmedabad,Chennai,Globalline,2026-04-20,2026-04-20,2026-04-21 09:09:39.770935,2026-04-20 23:59:24.815082,0.9151232550723946,1.7385817748894743,1.7880160666687228,0.39932113215884385,1.7758111240121923,-1.3142596430191467,Delivered,4.0
SHP004619,Hyderabad,Ahmedabad,Fastship,2026-04-20,2026-04-20,2026-04-21 15:41:14.247255,2026-04-21 11:16:59.657111,-0.576820838848849,-0.36136843258985496,2.897308135127428,0.6778502393053604,-0.27997882478300173,-2.3754234253671918,In Transit,3.0
SHP003075,Delhi,Delhi,Ecotrans,2026-04-20,2026-04-20,2026-04-20 14:20:26.014169,2026-04-20 13:25:09.449207,-0.057247855694400336,-0.03258220426654562,-0.517670242122444,-0.4039056825563503,-0.41166054997873763,0.6599823999487273,Cancelled,3.4301601423487544
SHP002985,Hyderabad,Ahmedabad,Globalline,2026-04-20,2026-04-20,2026-04-20 20:37:59.062466,2026-04-21 01:37:30.865238,-0.699697314325824,-0.6708530905704527,-0.14635738534885873,-0.13535177948262384,-0.14263239625745466,1.350000480688524,In Transit,1.0
SHP001079,Chennai,Kolkata,Ecotrans,2026-04-20,2026-04-20,2026-04-24 19:31:49.348216,2026-04-24 00:45:50.785916,0.2451507511129748,0.0024646879654294162,-0.2003475118710403,3.9147056539523315,-0.27532549986256366,-2.3754234253671918,Cancelled,3.0
SHP001166,Delhi,Chennai,Fastship,2026-04-20,2026-04-20,2026-04-20 18:14:35.785892,2026-04-20 15:00:33.364484,1.1974865444797542,1.3350321409003079,-0.5085949915950767,-0.23734438872812377,-0.7111346083441915,0.10650945591829725,Cancelled,3.0
SHP001994,Lucknow,Kolkata,Fastship,2026-04-20,2026-04-20,2026-04-20 09:10:54.463141,2026-04-20 06:41:55.357916,1.0188311554917868,1.915571639390059,-0.9601033909833595,-0.6240730723576323,-1.1430225258559634,0.2862161775215674,Delivered,3.4301601423487544
SHP002517,Bangalore,Ahmedabad,Ecotrans,2026-04-20,2026-04-20,2026-04-20 07:00:18.178066,2026-04-20 04:29:56.994352,-0.6152739449318205,-0.6144736996053758,-1.0137534573493885,-0.7169729291446676,-1.0702421875932113,0.2807598952468202,Delayed,1.0
SHP003451,Delhi,Pune,Ecotrans,2026-04-20,2026-04-20,2026-04-20 17:54:36.062007,2026-04-20 11:35:34.385966,-0.07348692348730412,0.30981261358373,-0.5115778150621514,-0.2515672221321753,-0.37266636330919667,-0.631329008882673,Delayed,3.0
SHP002799,Kolkata,Chennai,Ecotrans,2026-04-22,2026-04-21,2026-04-22 17:50:48.992660,2026-04-22 07:29:17.335495,0.7209238374819826,0.7222689705483051,-0.3152505812989543,-0.25425914944194855,-0.27997882478300173,-1.5985593401426348,Delayed,4.0
SHP001400,Lucknow,Kolkata,Fastship,2026-04-21,2026-04-21,2026-04-22 12:49:55.054100,2026-04-22 15:14:16.182651,-0.6790447140165475,-0.6999079174870663,0.3940288373648851,0.5559894898894294,0.39963189619862804,1.350000480688524,Delivered,4.0
SHP000826,Jaipur,Lucknow,Ecotrans,2026-04-21,2026-04-21,2026-04-21 11:40:47.655628,2026-04-21 07:36:34.772333,0.33917022061558605,0.01164389044995134,-0.8345099114609963,-0.5174579752773999,-0.759546639964895,-0.09361520564607463,Delivered,3.0
SHP001966,Delhi,Pune,Fastship,2026-04-21,2026-04-21,2026-04-21 23:08:01.000472,2026-04-21 19:02:49.418341,-0.8033691908481151,-0.6641524726289847,-0.016488998479480994,-0.02863300348901928,-0.036053760417728745,-0.09751729281065563,Cancelled,3.4301601423487544
SHP002861,Ahmedabad,Delhi,Fastship,2026-04-21,2026-04-21,2026-04-21 12:28:28.642574,2026-04-21 09:45:54.030500,0.17297355653159108,-0.1857984053325803,-0.8739078068979946,-0.4835407204725566,-0.7966569964863318,0.23200421992651934,Delayed,1.0
SHP003645,Lucknow,Jaipur,Globalline,2026-04-22,2026-04-21,2026-04-22 20:19:35.198197,2026-04-22 18:59:26.672508,-0.6669742793119817,-0.6407030510647787,0.18078373675304912,-0.14843818860984667,0.44511664804417944,0.5608022253557349,Delivered,5.0
SHP001482,Kolkata,Chennai,Ecotrans,2026-04-22,2026-04-21,2026-04-22 12:18:21.899101,2026-04-22 10:26:31.083364,2.792762029860855,2.230831799744145,-0.36305171034798567,-0.4907337183299099,-0.1304899512824233,0.43434483564513315,Cancelled,1.0
SHP001742,Lucknow,Jaipur,Ecotrans,2026-04-21,2026-04-21,2026-04-21 06:51:23.537021,2026-04-21 06:08:28.476751,-0.36283803847118773,-0.5196364659128649,-1.1290879365183148,-0.7233111462980216,-1.400733684504419,0.7092749607267584,Delivered,4.0
SHP001593,Mumbai,Ahmedabad,Globalline,2026-04-21,2026-04-21,2026-04-21 23:22:32.284332,2026-04-21 19:44:08.899320,1.904068323163206,0.8769278920063678,-0.04524940615092669,-0.01830385581485766,0.20424142537314927,0.009389858400414631,Delivered,5.0
SHP001490,Hyderabad,Lucknow,Fastship,2026-04-21,2026-04-21,2026-04-22 04:03:04.577519,2026-04-21 18:45:41.074370,-0.42767565244571815,-0.5653627231903726,0.6260340773327403,0.18124447753540052,1.0070670366331202,-1.34274792348756,Delivered,4.0
SHP004112,Bangalore,Mumbai,Globalline,2026-04-20,2026-04-21,2026-04-22 00:07:07.748645,2026-04-21 17:51:41.008817,-0.2914910655587423,-0.2291854395163773,1.3775493957672025,1.0376936989297312,1.672969632336035,-0.6170408237140454,Cancelled,3.0
SHP002074,Mumbai,Lucknow,Fastship,2026-04-21,2026-04-21,2026-04-22 01:17:59.205188,2026-04-22 02:23:35.097580,-0.6247428192905137,-0.6649683976638346,0.23629592903779295,0.06381540724056799,0.5224049478548278,1.1420996390829659,Delivered,5.0
SHP004984,Lucknow,Bangalore,Fastship,2026-04-21,2026-04-21,2026-04-21 09:33:42.781990,2026-04-21 04:13:16.373468,-0.7295875636180719,-0.726476630709107,-0.9360775524550473,-0.6078515306565231,-0.9870521590648346,-0.39764668738045633,Delivered,3.0
SHP002623,Chennai,Hyderabad,Ecotrans,2026-04-20,2026-04-21,2026-04-21 10:52:07.403671,2026-04-21 05:25:07.035939,0.4280727735775827,0.23936568889745963,1.076494256999757,0.47220186522277074,1.073106438152514,-0.4238356764893615,Delivered,3.0
SHP003801,Pune,Pune,Fastship,2026-04-21,2026-04-21,2026-04-21 10:36:40.892740,2026-04-21 05:33:42.039472,1.9876489185221113,3.145644232796909,-0.8684285745989919,-0.5630616915670328,-0.7372678286743733,-0.3280089877364183,Delivered,2.0
SHP001180,Ahmedabad,Mumbai,Fastship,2026-04-21,2026-04-21,2026-04-21 14:46:48.260813,2026-04-21 14:31:21.776737,-0.8207222111291849,-0.7979115129210769,-0.36606035821966837,-0.38514800781751735,-0.44208729466686736,0.8188663673849921,Delivered,3.4301601423487544
SHP000180,Chennai,Delhi,Ecotrans,2026-04-21,2026-04-21,2026-04-22 16:28:07.186599,2026-04-22 04:43:37.690623,-0.2970570212674241,-0.3513506975775421,2.18333931573005,0.711197885513267,2.3350537620253946,-1.929468132469548,Delayed,4.0
SHP004465,Chennai,Ahmedabad,Fastship,2026-04-22,2026-04-22,2026-04-23 03:37:55.552070,2026-04-22 19:12:05.718299,-0.5439030638073457,-0.4825858934009953,-0.11046761944935152,0.1633548465742023,-0.37957000176755784,-1.1370919276625215,Delivered,2.0
SHP000347,Bangalore,Pune,Ecotrans,2026-04-22,2026-04-22,2026-04-23 04:14:35.209548,2026-04-23 07:08:26.794978,2.2162368743488576,2.964927290522596,0.694604197197957,0.18943198169515554,-0.27997882478300173,1.350000480688524,Delivered,4.0
SHP004660,Jaipur,Ahmedabad,Ecotrans,2026-04-22,2026-04-22,2026-04-23 18:01:02.860814,2026-04-23 17:53:56.765683,-0.7593515156306432,-0.7624647094407316,1.4422176468563483,0.7772979994076055,1.4937653161283977,0.8521304218814502,Delivered,1.0
SHP001085,Bangalore,Ahmedabad,Ecotrans,2026-04-22,2026-04-22,2026-04-23 22:19:20.639919,2026-04-23 10:12:28.613629,0.057789141964673586,-0.22668916970688474,1.7354820059819087,0.9610255495890818,1.8862225326047264,-2.0187147115042694,In Transit,3.0
SHP001975,Jaipur,Bangalore,Fastship,2026-04-23,2026-04-22,2026-04-23 18:49:30.052196,2026-04-23 22:15:45.884004,-0.5062074285665517,-0.2982550550656703,-0.20292940852584493,-0.21251667536330754,-0.14849540808578637,1.350000480688524,Cancelled,3.4301601423487544
SHP003604,Bangalore,Bangalore,Fastship,2026-04-22,2026-04-22,2026-04-24 21:32:44.908729,2026-04-24 10:20:16.172608,0.543269735010361,0.2713888556879827,2.228961551359384,1.9521615948568303,2.2781435432983907,-1.8017829365239644,Delivered,3.0
SHP003435,Jaipur,Ahmedabad,Globalline,2026-04-23,2026-04-22,2026-04-24 03:42:07.062320,2026-04-23 21:07:48.853041,0.041404397296240264,-0.1376860725260857,0.4465384807838217,0.1663365229660508,0.278501722997004,-0.6922568368878403,Delivered,3.4301601423487544
SHP002495,Jaipur,Jaipur,Globalline,2026-04-22,2026-04-22,2026-04-23 22:00:00.962822,2026-04-23 16:09:07.814372,-0.49309244110728084,-0.5157296354065914,1.6392208028000113,0.9472774744166755,1.7641202978523651,-0.5190817772700779,In Transit,4.0
SHP004590,Jaipur,Pune,Globalline,2026-04-22,2026-04-22,2026-04-23 22:58:30.107627,2026-04-23 09:24:25.941011,-0.6592631340262306,-0.4390412701425738,2.878753011103411,0.9888786983018645,2.8990977722710305,-2.3665285524698803,Delivered,5.0
SHP004371,Lucknow,Pune,Ecotrans,2026-04-22,2026-04-22,2026-04-22 21:08:43.267085,2026-04-22 23:50:05.539127,0.8977449922265457,1.011078047685539,-0.32163731707734206,-0.11348856963575789,-0.10347868461484541,1.350000480688524,Cancelled,3.0
SHP001144,Ahmedabad,Ahmedabad,Globalline,2026-04-23,2026-04-22,2026-04-24 09:29:50.461359,2026-04-24 15:29:31.705819,-0.6193606656507304,-0.49852427323637954,0.5513741689824988,0.413673974861237,0.7521417759863734,1.350000480688524,Cancelled,5.0
SHP001762,Bangalore,Jaipur,Fastship,2026-04-22,2026-04-22,2026-04-22 14:44:09.678401,2026-04-22 10:55:35.308785,0.042482353264428015,-0.1715721046736009,-0.40349105696737364,-0.3870280164174309,-0.431466990662847,-0.031226197104074833,Delayed,5.0
SHP001126,Kolkata,Bangalore,Fastship,2026-04-22,2026-04-22,2026-04-22 06:57:23.997158,2026-04-22 04:32:17.357509,-0.44451509332924666,-0.44256775884630284,-1.0050993705459264,-0.7190378592981335,-1.0493429180408558,0.30166965159584874,Delivered,1.0
SHP004921,Chennai,Ahmedabad,Fastship,2026-04-23,2026-04-22,2026-04-23 18:52:52.122323,2026-04-23 18:30:24.402276,-0.21708753285140114,0.10337792697883488,0.14561793525447989,-0.21012111603171058,0.4167222495248996,0.7908641174647576,Delivered,4.0
SHP001293,Mumbai,Kolkata,Globalline,2026-04-22,2026-04-22,2026-04-22 19:57:34.852470,2026-04-22 18:12:56.558590,-0.8836327548135722,-0.8348505187336818,-0.04815717887877367,-0.16409100466955942,-0.0057161361476171435,0.4630973306111385,Delivered,3.0
SHP004065,Ahmedabad,Jaipur,Fastship,2026-04-23,2026-04-22,2026-04-24 09:31:52.733220,2026-04-24 05:01:12.526507,-0.4128146604700905,-0.15647205981210943,1.3310171665089707,0.4151235186495409,1.3926615679241836,-0.1991347484086675,Delivered,5.0
SHP002426,Ahmedabad,Bangalore,Ecotrans,2026-04-22,2026-04-22,2026-04-24 02:35:16.005660,2026-04-23 21:07:40.313628,-0.16572892074181106,-0.39377323141111,1.4486695540536672,1.1430647766553321,1.1284609368435816,-0.42618390870350287,Delivered,4.0
SHP000711,Hyderabad,Jaipur,Globalline,2026-04-22,2026-04-22,2026-04-22 07:00:19.772079,2026-04-22 07:13:53.718641,-0.5428016368903565,-0.6276536676670531,-1.1829644800170505,-0.716954031976222,-0.9121705882860667,0.9345639265901367,In Transit,4.0
SHP000038,Pune,Hyderabad,Globalline,2026-04-22,2026-04-22,2026-04-22 23:15:16.067654,2026-04-22 20:16:25.812627,-0.6261286490371458,-0.687313071130564,0.02341287987649345,-0.02347524334436121,0.027846365878642688,0.16714699100097363,Cancelled,3.0
SHP000522,Chennai,Kolkata,Fastship,2026-04-23,2026-04-23,2026-04-23 11:37:00.178641,2026-04-23 10:34:05.117839,-0.5970744818171049,-0.5686617117950139,-0.716782788366097,-0.5201547351901059,-0.7676476281516336,0.6295032481597937,Delayed,3.4301601423487544
SHP002682,Delhi,Pune,Globalline,2026-04-23,2026-04-23,2026-04-23 05:37:30.493456,2026-04-23 02:56:59.050854,-0.028154664891267677,-0.18122539782205047,-1.1797306418961016,-0.7758652721817394,-0.9664883935409209,0.24019208272774092,Cancelled,2.0
SHP000355,Lucknow,Pune,Fastship,2026-04-24,2026-04-23,2026-04-24 20:06:11.220882,2026-04-24 17:43:49.749409,0.4564080806778787,0.26843440661631524,-0.5117328721020549,-0.15796941121012706,-0.7113728354789577,0.3126494369457122,Delivered,4.0
SHP000448,Pune,Delhi,Fastship,2026-04-23,2026-04-23,2026-04-23 09:08:35.315032,2026-04-23 06:34:01.199813,1.7712144279016966,1.278418319046958,-0.790297368737625,-0.6257226855709134,-0.7633346741079314,0.2639459199376911,In Transit,3.0
SHP002913,Lucknow,Bangalore,Globalline,2026-04-24,2026-04-23,2026-04-24 16:51:00.039041,2026-04-24 14:32:32.037505,-0.25249532629326615,-0.39189761456490485,-0.6720166105491918,-0.29680651391669616,-0.7246326719580694,0.32816967732123176,In Transit,3.0
SHP001818,Kolkata,Chennai,Fastship,2026-04-23,2026-04-23,2026-04-24 04:50:13.992322,2026-04-24 02:14:16.963499,-0.437091111459623,-0.3566425230168772,0.7263733099385361,0.2147874417671265,0.7951999527619135,0.2584341222261054,Delivered,4.0
SHP004102,Hyderabad,Chennai,Fastship,2026-04-24,2026-04-23,2026-04-24 06:57:43.583616,2026-04-24 05:32:37.514700,-0.4817106565479986,-0.39926691589451907,-0.9878802527498509,-0.7188056600989403,-0.6938848802276723,0.5410226234742825,Cancelled,1.0
SHP001224,Hyderabad,Pune,Fastship,2026-04-23,2026-04-23,2026-04-24 00:11:03.552695,2026-04-23 20:08:39.502239,-0.2955761841231126,-0.4612808705923595,-0.18229840399874944,0.016209489657526603,-0.11894673260005663,-2.3754234253671918,Cancelled,3.0
SHP000333,Delhi,Hyderabad,Globalline,2026-04-24,2026-04-23,2026-04-24 17:42:08.069764,2026-04-24 13:34:27.620143,-0.5768784748196216,-0.5218678855574339,-0.2932668497710798,-0.2604347367207542,-0.6410858939644987,-0.10741346727572293,Delivered,3.0
SHP004133,Mumbai,Ahmedabad,Globalline,2026-04-24,2026-04-23,2026-04-24 07:08:48.560347,2026-04-24 05:37:30.741837,-0.8730278502677069,-0.8375639857281412,-1.025423480088644,-0.7109223017853675,-1.0678317773489185,0.5163100496306453,In Transit,4.0
SHP003872,Lucknow,Delhi,Fastship,2026-04-24,2026-04-23,2026-04-25 11:57:05.078759,2026-04-24 23:33:29.489351,0.3357012519088623,0.7953091294701049,0.690476897818157,0.5184091501810232,0.7992641518662664,-2.085427972421309,Delayed,3.0
SHP001357,Jaipur,Jaipur,Ecotrans,2026-04-22,2026-04-23,2026-04-24 03:24:07.985568,2026-04-24 02:44:59.881330,1.314381246626455,1.7313358763644728,3.831388480761981,1.17782365933791,4.210254738222991,0.7243621801631268,Delivered,3.0
SHP003371,Chennai,Jaipur,Fastship,2026-04-23,2026-04-23,2026-04-23 07:14:52.334693,2026-04-23 06:48:19.391203,-0.519560416323873,-0.5676819450071925,-1.125023876184325,-0.7066097245536944,-1.2301285017082462,0.7745625463503896,In Transit,5.0
SHP000290,Delhi,Kolkata,Fastship,2026-04-23,2026-04-23,2026-04-23 14:55:47.242834,2026-04-23 09:40:42.550278,0.1171352684790727,-0.005421949841918515,-0.6581377035906982,-0.37875832800216824,-0.5445065675722289,-0.3762601688885167,In Transit,5.0
SHP004382,Ahmedabad,Ahmedabad,Fastship,2026-04-24,2026-04-24,2026-04-24 07:17:43.546353,2026-04-24 06:57:31.465685,-0.6870663975142718,-0.6804607790075444,-0.919427072547221,-0.7045799950926221,-0.8172794387531188,0.7998809347625934,Delivered,4.0
SHP000549,Pune,Delhi,Ecotrans,2026-04-24,2026-04-24,2026-04-25 01:48:48.355977,2026-04-24 21:13:02.808778,-0.6384921495645312,-0.6036977533062416,0.7976786737212839,0.08573725437824571,0.6991332206373152,-0.21943268398012375,In Transit,4.0
SHP000033,Bangalore,Bangalore,Ecotrans,2026-04-24,2026-04-24,2026-04-25 01:04:23.344993,2026-04-24 17:16:06.756322,-0.2014435810420998,-0.1510160496971973,0.050230155366507045,0.05414331204289804,-0.11161222528262171,-0.9873043103515972,Delivered,2.0
SHP000301,Lucknow,Bangalore,Ecotrans,2026-04-24,2026-04-24,2026-04-25 04:29:46.927513,2026-04-24 19:43:38.251458,0.3820597113694164,-0.020778706488372968,0.12262067866362067,0.20024047928818323,0.0695415784451713,-1.2181161720281986,Delivered,3.0
SHP000655,Ahmedabad,Pune,Fastship,2026-04-25,2026-04-24,2026-04-28 06:14:40.276211,2026-04-26 21:54:38.520607,0.0419466553004504,-0.27678649817054235,3.5119613369263676,2.3234080625701297,3.5443230986009198,-2.3754234253671918,In Transit,1.0
SHP003877,Pune,Bangalore,Fastship,2026-04-24,2026-04-24,2026-04-25 19:33:55.145975,2026-04-25 11:46:57.310782,-0.32051979558361426,-0.48115834218848325,1.4538346276135858,0.8433579357805426,1.1863713794455706,-0.9820690628303361,Delayed,1.0
SHP000577,Delhi,Ahmedabad,Globalline,2026-04-25,2026-04-24,2026-04-25 06:56:24.918236,2026-04-25 07:35:49.308222,-0.6408132653427834,-0.5106751108279225,-1.142914469463283,-0.7197382451771,-1.3944609555597116,1.0376318202055943,In Transit,5.0
SHP002805,Pune,Kolkata,Fastship,2026-04-24,2026-04-24,2026-04-24 17:59:07.911599,2026-04-24 20:31:49.078703,-0.8571325398988903,-0.807070582411028,-0.1640740907272925,-0.24834442103177673,-0.1368021898379067,1.350000480688524,Delayed,3.0
SHP001885,Bangalore,Delhi,Fastship,2026-04-24,2026-04-24,2026-04-24 06:29:20.436691,2026-04-24 04:20:13.917453,-0.5010138266620598,-0.430294740220477,-0.9916104742069124,-0.7389966184253695,-0.27997882478300173,0.3654949978465853,In Transit,4.0
SHP002657,Lucknow,Chennai,Fastship,2026-04-24,2026-04-24,2026-04-26 08:17:13.290494,2026-04-26 08:32:34.804887,-0.4355355985316206,-0.3579222626535509,2.624581911618522,1.3862990138487934,2.7751351911972004,0.9417146484999698,Delivered,4.0
SHP004311,Kolkata,Delhi,Ecotrans,2026-04-24,2026-04-24,2026-04-24 13:10:12.834456,2026-04-24 13:44:45.911624,-0.3813599811182134,-0.20265127521692225,-0.5666079598315169,-0.4538533029094905,-0.6941427110097339,1.0182663934704599,In Transit,4.0
SHP004812,Bangalore,Chennai,Fastship,2026-04-25,2026-04-24,2026-04-27 11:42:07.122863,2026-04-26 23:35:39.087697,-0.4235575895998142,-0.44521227512983336,2.0654353724311516,1.5320434904017344,1.7187922742055535,-2.017119868004744,Delivered,5.0
SHP004283,Pune,Chennai,Globalline,2026-04-24,2026-04-24,2026-04-24 07:05:33.275856,2026-04-24 06:49:25.662519,-0.49016562274897374,-0.3236781352682437,-0.7995722422137508,-0.7132374168007489,-1.2684510544512222,0.8161322422749678,In Transit,3.4301601423487544
SHP000415,Mumbai,Ahmedabad,Fastship,2026-04-24,2026-04-24,2026-04-24 19:09:55.770468,2026-04-24 14:48:05.070852,0.012626465099569465,0.405842358751015,0.0025477060244391385,-0.1979856761911444,-0.4793559870694615,-0.163935024060502,Delivered,3.0
SHP002886,Lucknow,Bangalore,Globalline,2026-04-24,2026-04-24,2026-04-25 11:50:21.951147,2026-04-25 04:56:05.311067,-0.6958126542077228,-0.7303590720799187,1.1785404773717403,0.5136300364705402,0.9341302592192027,-0.7719241993926177,Delivered,3.0
SHP001228,Chennai,Jaipur,Ecotrans,2026-04-25,2026-04-24,2026-04-25 11:29:43.364515,2026-04-25 06:39:33.749258,0.2562976262450314,-0.08036194094551569,-0.3029788445717382,-0.5253332055245773,-0.08912813229491114,-0.27687281581589157,Delivered,3.0
SHP002849,Pune,Mumbai,Fastship,2026-04-24,2026-04-24,2026-04-27 19:07:02.970971,2026-04-27 17:03:27.757297,0.49081154747142347,0.46364792146630257,4.186653357240854,2.872804832206866,4.402927784956698,0.38751899826864866,Delivered,3.0
SHP004623,Bangalore,Pune,Fastship,2026-04-24,2026-04-24,2026-04-24 22:32:46.336659,2026-04-24 19:45:22.070297,0.6414581217298069,0.5179150090672361,0.4261055512633742,-0.053702531146642245,0.4546362966086708,0.21274904629120894,Delivered,4.0
SHP001653,Mumbai,Hyderabad,Globalline,2026-04-24,2026-04-24,2026-04-24 12:15:27.482371,2026-04-24 10:21:47.045941,1.2422708096002013,1.8184599020716834,-0.8872343797368676,-0.4928014441829122,-0.7002719472893381,0.4270576468646306,Cancelled,4.0
SHP001730,Jaipur,Kolkata,Globalline,2026-04-25,2026-04-24,2026-04-25 13:17:43.642154,2026-04-25 09:50:10.406898,-0.7111759969244025,-0.7006437729010676,-0.5684372430222338,-0.44850893753662285,-0.5818305716382045,0.05260947212398098,In Transit,3.0
SHP001147,Hyderabad,Mumbai,Fastship,2026-04-24,2026-04-24,2026-04-25 01:54:37.428895,2026-04-24 19:16:13.891597,0.7409732313864055,0.42635575652293994,0.26639189222693044,0.0898755448727838,0.2222562751738195,-0.708565359837971,Delivered,3.0
SHP003920,Chennai,Mumbai,Ecotrans,2026-04-24,2026-04-24,2026-04-24 23:14:08.767523,2026-04-24 21:53:34.825196,-0.5258111680525467,-0.6021661215605483,0.07154528977528762,-0.024273092379433044,-0.20450579286005383,0.559112618820665,Cancelled,4.0
SHP000568,Hyderabad,Hyderabad,Fastship,2026-04-24,2026-04-24,2026-04-25 00:52:14.794941,2026-04-25 03:35:15.085186,-0.4718331954572676,-0.5675299361994232,0.8125250917264447,0.04550628635369647,0.7091162690282499,1.350000480688524,Cancelled,5.0
SHP003543,Bangalore,Delhi,Ecotrans,2026-04-25,2026-04-25,2026-04-25 15:44:28.920758,2026-04-25 18:40:22.306023,0.09878689315265286,0.11409621900911286,-0.28553508576805225,-0.34412157626304357,-0.11439718942732842,1.350000480688524,In Transit,3.0
SHP000709,Lucknow,Chennai,Fastship,2026-04-25,2026-04-25,2026-04-25 18:25:42.342163,2026-04-25 16:16:13.596991,-0.34431086841073905,-0.32906145457776,-0.1674827571183935,-0.22944230482895478,-0.5829817984147361,0.36401749781946,Delivered,3.0
SHP002277,Bangalore,Lucknow,Fastship,2026-04-26,2026-04-25,2026-04-26 12:25:56.742444,2026-04-26 10:14:46.258471,-0.3613521152620859,-0.4412810815714307,-0.5830964511531226,-0.48534151003386145,-0.5889455752456939,0.3572542688259251,Delayed,3.0
SHP002892,Lucknow,Jaipur,Ecotrans,2026-04-25,2026-04-25,2026-04-25 09:02:36.771575,2026-04-25 06:02:12.697187,-0.3770521035726288,-0.3451510552280859,-0.5956381824169826,-0.6299732501578221,-0.5146472406586604,0.1609102178501861,Delayed,3.4301601423487544
SHP001376,Hyderabad,Chennai,Ecotrans,2026-04-25,2026-04-25,2026-04-25 20:37:35.289271,2026-04-25 22:19:41.725745,-0.5736897971568355,-0.41745257726991314,-0.17831973707081827,-0.13563361282876643,-0.35510640739507804,1.287719118587138,Delivered,5.0
SHP003588,Hyderabad,Chennai,Fastship,2026-04-24,2026-04-25,2026-04-25 06:52:56.290954,2026-04-25 05:37:04.554479,-0.5508092701186013,-0.4163324112423887,1.2753617188912285,0.3020681470985304,1.4981592853194274,0.5778726472624353,Delivered,2.0
SHP001420,Bangalore,Pune,Fastship,2026-04-25,2026-04-25,2026-04-26 08:01:08.453692,2026-04-26 05:14:10.286303,-0.7738383287730457,-0.7349160892703429,0.4921680333390571,0.3505811004539463,1.0252429590111016,0.2144840119990816,Delayed,1.0
SHP004313,Mumbai,Bangalore,Ecotrans,2026-04-26,2026-04-25,2026-04-26 13:01:08.309550,2026-04-26 09:59:00.797662,-0.22876210367147304,-0.2691539538054277,-0.7190832744518496,-0.46030869411826236,-0.8710845919542786,0.1540340654664091,Delivered,5.0
SHP004822,Hyderabad,Chennai,Fastship,2026-04-25,2026-04-25,2026-04-26 03:42:07.593371,2026-04-26 01:20:29.059605,0.44477152939478765,0.12285121192548805,0.2117508657148666,0.16634281862648925,0.13657402262927082,0.31550378103119336,In Transit,4.0
SHP003502,Hyderabad,Ahmedabad,Fastship,2026-04-25,2026-04-25,2026-04-25 19:59:34.291604,2026-04-25 18:01:47.867577,-0.7984252913382932,-0.6682075019342493,0.15769979995417568,-0.16267504310995137,-0.27997882478300173,0.4107052775450789,Delayed,4.0
SHP002961,Mumbai,Jaipur,Globalline,2026-04-25,2026-04-25,2026-04-26 14:26:52.749122,2026-04-25 22:38:21.257223,0.6254811841590673,1.2919250332324814,0.7656211635044998,0.6249587819916723,0.799590272991398,-2.3754234253671918,Delivered,3.0
SHP003880,Lucknow,Delhi,Fastship,2026-04-25,2026-04-25,2026-04-25 17:48:10.303477,2026-04-25 13:18:44.833069,-0.15727103074284504,-0.38254300197783725,-0.1720297127638723,-0.2561404238178064,0.17475160913585247,-0.19416654807725545,Delayed,4.0
SHP004481,Pune,Jaipur,Ecotrans,2026-04-25,2026-04-25,2026-04-25 17:49:46.895546,2026-04-25 19:52:12.986604,0.1990623904204989,0.19177744948068814,-0.2551809920848608,-0.2549953162562803,-0.3483414509550735,1.350000480688524,Cancelled,2.0
SHP004931,Hyderabad,Pune,Globalline,2026-04-24,2026-04-25,2026-04-25 13:18:52.435931,2026-04-25 02:02:38.924525,0.10290425068754624,0.38627651994667755,0.5456314633630727,0.5765863060735754,0.7964362937811205,-1.8167251877555475,In Transit,3.0
SHP004464,Chennai,Ahmedabad,Fastship,2026-04-25,2026-04-25,2026-04-25 19:23:31.831422,2026-04-25 16:08:45.930216,0.9415797269052312,0.6895154574354654,-0.5280080111394816,-0.1883112009755881,-0.47652759083182417,0.10361907557592762,Cancelled,4.0
SHP001773,Pune,Chennai,Ecotrans,2026-04-26,2026-04-25,2026-04-26 11:38:14.750584,2026-04-26 11:50:51.960508,-0.5491895826528819,-0.3813772859043336,-0.9243745200529796,-0.5192706781721959,-0.7479511036155898,0.9307922792801071,In Transit,3.0
SHP003032,Hyderabad,Pune,Ecotrans,2026-04-25,2026-04-25,2026-04-25 22:42:49.865122,2026-04-25 21:49:52.572550,0.9824328187484586,0.35605738184135516,0.5063427353145257,-0.04654764752267424,0.6535293440278086,0.6692407267305309,Delivered,4.0
SHP002464,Lucknow,Lucknow,Globalline,2026-04-24,2026-04-25,2026-04-26 08:44:13.399660,2026-04-25 18:05:10.062428,-0.12819034932153175,-0.2811050146003605,2.180618167761939,1.405505552163596,2.1104142397696775,-2.3754234253671918,Delivered,4.0
SHP000618,Lucknow,Hyderabad,Ecotrans,2026-04-26,2026-04-25,2026-04-26 11:16:32.856583,2026-04-26 09:32:36.055510,-0.3956963499199206,-0.29853266326590056,-0.8057304900784017,-0.5347047473943924,-0.6449317458363565,0.46585562294962946,Delivered,2.0
SHP004574,Jaipur,Lucknow,Fastship,2026-04-25,2026-04-25,2026-04-25 15:06:44.211359,2026-04-25 08:37:10.192010,0.9955873698703065,1.620855711414543,-0.36328128706991136,-0.37096990768698684,0.11835446365174256,-0.6733649140879382,Cancelled,4.0
SHP004337,Bangalore,Ahmedabad,Fastship,2026-04-26,2026-04-25,2026-04-26 23:09:31.359861,2026-04-26 17:53:07.817403,1.4732110294445049,1.1346718965617517,1.014766150821781,-0.027561784902177526,0.9460234640244186,-0.38150182632994634,Delivered,1.0
SHP002192,Ahmedabad,Mumbai,Fastship,2026-04-25,2026-04-25,2026-04-26 01:05:18.866798,2026-04-25 21:07:16.502195,-0.7317129423946406,-0.7048378084872189,0.31523968218333626,0.05480152798376343,-0.08665414582269282,-0.06898445773327981,Delivered,1.0
SHP000395,Chennai,Ahmedabad,Ecotrans,2026-04-26,2026-04-26,2026-04-26 09:26:51.847831,2026-04-26 08:24:23.824967,-0.6771488515805717,-0.6919400358397109,-0.7057307417090707,-0.6127231916788346,-0.9221038292588372,0.6313006328784028,Delivered,3.4301601423487544
SHP003125,Kolkata,Pune,Fastship,2026-04-27,2026-04-26,2026-04-27 02:52:31.395564,2026-04-27 02:09:31.033468,-0.6399355232053717,-0.6780912199379845,0.01543671607156728,-0.8932199584445666,-0.06421196727257261,0.7089225144332162,Cancelled,4.0
SHP001768,Jaipur,Delhi,Ecotrans,2026-04-26,2026-04-26,2026-04-26 23:33:51.036615,2026-04-26 15:52:54.200041,-0.18631131003630114,-0.18037235551864522,-0.16340479288361964,-0.010257187105532433,-0.1621701716891268,-0.958071175076117,Delayed,3.0
SHP002747,Kolkata,Mumbai,Ecotrans,2026-04-26,2026-04-26,2026-04-27 17:53:45.371942,2026-04-27 04:27:22.807735,1.3774638536115298,1.002524248985826,1.0644901330869412,0.7721115299100516,1.1590148640510984,-2.33584288716472,Delayed,3.0
SHP002459,Mumbai,Kolkata,Ecotrans,2026-04-27,2026-04-26,2026-04-27 14:45:22.640429,2026-04-27 11:01:45.323527,0.17388318534878874,0.019562804581753992,0.09862828644164554,-0.3861630450880343,-0.1915792105313799,-0.011479202759871548,Delivered,3.4301601423487544
SHP003688,Mumbai,Ahmedabad,Ecotrans,2026-04-26,2026-04-26,2026-04-26 15:16:50.120444,2026-04-26 15:23:00.060026,0.3585895221709944,0.05077235626825552,-0.7517829150936739,-0.3637868015663935,-1.1585437303929607,0.9050479420203181,Cancelled,4.0
SHP004165,Hyderabad,Pune,Ecotrans,2026-04-27,2026-04-26,2026-04-28 03:38:48.559358,2026-04-27 17:34:06.743295,1.1257949848825473,0.8304471144399153,0.04817807981876271,0.163983252700586,-0.13844949613243288,-1.5314287414646577,In Transit,3.0
SHP001854,Hyderabad,Pune,Ecotrans,2026-04-26,2026-04-26,2026-04-27 08:59:26.179233,2026-04-27 09:00:02.426894,-0.02179302967462064,-0.1034418158945557,0.21357201166314796,0.3920469479442525,0.29338636232299614,0.8828653051813452,Delivered,5.0
SHP003683,Bangalore,Jaipur,Fastship,2026-04-26,2026-04-26,2026-04-27 08:08:28.724466,2026-04-27 01:39:35.085683,0.5291183040061478,0.5812419448888718,0.2943220160568049,0.35580054964771846,0.3424602587949093,-0.6706805595244658,Cancelled,4.0
SHP003864,Jaipur,Bangalore,Globalline,2026-04-26,2026-04-26,2026-04-26 19:07:16.277107,2026-04-26 11:08:03.193550,-0.4868764568908967,-0.2960493838505064,-0.3116462652555826,-0.19987648417261367,-0.3222861650059298,-1.0309457254602985,Delivered,5.0
SHP004209,Lucknow,Bangalore,Fastship,2026-04-26,2026-04-26,2026-04-26 18:41:44.351387,2026-04-26 13:48:37.955692,-0.7174849813598332,-0.5521439480851824,0.06087038081361819,-0.2180375998858497,-0.27997882478300173,-0.28862454251229114,Cancelled,3.0
SHP001058,Lucknow,Ahmedabad,Ecotrans,2026-04-26,2026-04-26,2026-04-26 06:11:47.918844,2026-04-26 06:00:40.739195,0.21527872554752878,0.21291349955708552,-0.9298851536127514,-0.7514743111481981,-0.5614299085721968,0.8361039915912999,Cancelled,3.0
SHP002975,Jaipur,Bangalore,Ecotrans,2026-04-26,2026-04-26,2026-04-26 18:26:24.919937,2026-04-26 14:42:36.609637,-0.6249994062057593,-0.6740721506196833,-0.00852179665275772,-0.22893754153260543,-0.0646799339289834,-0.012210004257041359,Cancelled,3.0
SHP002612,Ahmedabad,Mumbai,Ecotrans,2026-04-26,2026-04-26,2026-04-26 22:19:50.176504,2026-04-26 19:09:51.727208,1.5384943793978636,2.6573732492753437,0.19636229958978185,-0.06290397884157009,0.43815665795141057,0.12272784305549479,Delayed,3.4301601423487544
SHP002168,Pune,Bangalore,Ecotrans,2026-04-25,2026-04-26,2026-04-28 11:53:22.977776,2026-04-27 09:19:44.924965,-0.5490672634740688,-0.5640577624163438,3.9755999746974924,2.5643354977988957,3.9219050868164724,-2.3754234253671918,In Transit,1.0
SHP004312,Hyderabad,Bangalore,Ecotrans,2026-04-26,2026-04-26,2026-04-26 11:17:24.868839,2026-04-26 06:39:31.056120,-0.7488872596073093,-0.7639801267596965,-0.9097863328073331,-0.5340881374716921,-1.181246633845353,-0.22795931369472858,Delivered,3.4301601423487544
SHP000232,Pune,Ahmedabad,Ecotrans,2026-04-27,2026-04-26,2026-04-27 21:55:45.462107,2026-04-27 21:19:15.106598,-0.7196349750540932,-0.7064616385600446,-0.028454829499530536,-0.08003119655723374,-0.27414238605087243,0.7348487474037421,Delivered,1.0
SHP003696,Ahmedabad,Lucknow,Globalline,2026-04-26,2026-04-26,2026-04-26 14:39:28.110979,2026-04-26 10:48:56.585059,-0.6076636337447783,-0.48480901541324517,-0.5750748083393058,-0.39036602325147113,-0.6161490349581793,-0.039014326158084,Delivered,4.0
SHP000227,Pune,Bangalore,Ecotrans,2026-04-26,2026-04-26,2026-04-26 10:36:58.591381,2026-04-26 11:00:49.141523,1.5962695974627537,1.234881834874857,-0.40573743481691515,-0.5628518726046082,-0.4366753630374596,0.9755535113776886,Delayed,5.0
SHP002704,Chennai,Ahmedabad,Fastship,2026-04-27,2026-04-26,2026-04-28 04:03:24.752168,2026-04-28 07:19:45.828854,10.54260348491435,13.079416693376317,1.0761614462000328,0.18148364979855086,1.3851898394875073,1.350000480688524,Delivered,4.0
SHP001121,Lucknow,Mumbai,Globalline,2026-04-26,2026-04-26,2026-04-27 19:54:54.653548,2026-04-27 04:59:12.244795,-0.29819105498327075,0.06753742181928547,0.9894788960480619,0.8582895101202448,-0.27997882478300173,-2.3754234253671918,In Transit,2.0
SHP002205,Chennai,Chennai,Fastship,2026-04-27,2026-04-26,2026-04-27 19:25:42.095439,2026-04-27 15:19:41.830935,0.03705041412293883,-0.09039027652299518,0.09018213923124187,-0.18676690945579183,0.5075377862044919,-0.10075352159762237,Cancelled,5.0
SHP003824,Chennai,Delhi,Fastship,2026-04-26,2026-04-26,2026-04-26 12:40:09.427192,2026-04-26 09:20:42.892269,-0.479975116589674,-0.557215945026309,-0.3709553490618044,-0.4752328564748524,-0.4787202924789767,0.0849635570056052,Delayed,3.0
SHP002986,Lucknow,Jaipur,Fastship,2026-04-26,2026-04-26,2026-04-27 06:35:09.284320,2026-04-26 22:14:04.074072,-0.8365105882851132,-0.7752578974883411,0.19165765216673847,0.28941868851917163,0.025042157307265556,-1.1181711811619248,Delivered,4.0
SHP002071,Lucknow,Chennai,Ecotrans,2026-04-27,2026-04-26,2026-04-27 11:58:07.671612,2026-04-27 09:55:38.394464,1.195963641598816,1.2184457393977146,-0.6931313477524884,-0.5051284932529548,-0.7083503746408686,0.39190222099186667,In Transit,3.0
SHP002726,Delhi,Ahmedabad,Fastship,2026-04-25,2026-04-26,2026-04-26 03:26:04.459068,2026-04-26 04:49:55.625437,-0.7786115459418276,-0.6583355745682816,0.39998227241243145,0.15492477576893857,0.2246806298988613,1.2149095075333578,Delivered,3.0
SHP001877,Lucknow,Chennai,Ecotrans,2026-04-27,2026-04-27,2026-04-27 09:23:51.935683,2026-04-27 09:28:05.991785,1.75328379954784,0.9326931568176453,-0.5960254181920019,-0.6148560661934607,-0.1327186438838949,0.8973444257206941,Delivered,2.0
SHP001305,Delhi,Kolkata,Ecotrans,2026-04-27,2026-04-27,2026-04-28 11:11:23.751392,2026-04-27 15:59:03.538622,-0.7079287864345092,-0.6671470519813979,0.8976331320464426,0.48591047033590395,0.8805846603349091,-2.3754234253671918,Delayed,3.0
SHP000804,Ahmedabad,Hyderabad,Globalline,2026-04-27,2026-04-27,2026-04-27 14:03:51.583703,2026-04-27 07:09:01.420203,-0.32655123257352014,-0.3292912615665173,-0.09164191158953112,-0.4156947442075112,-0.04283741864871416,-0.7741527155917267,Delivered,5.0
SHP001163,Ahmedabad,Kolkata,Fastship,2026-04-27,2026-04-27,2026-04-27 13:18:41.722558,2026-04-27 11:35:53.933306,-0.8073854117551944,-0.7870265329259137,-0.47424671307468425,-0.4478203891864631,-0.5895045444445091,0.47044328020621373,Cancelled,3.0
SHP001447,Lucknow,Hyderabad,Ecotrans,2026-04-28,2026-04-27,2026-04-29 17:48:33.153113,2026-04-29 05:15:24.306434,-0.6649169249478591,-0.47209003913071856,0.7870130451471705,0.7684101479174799,0.7017047405315385,-2.12353605073434,Delivered,3.0
SHP003522,Chennai,Pune,Fastship,2026-04-27,2026-04-27,2026-04-28 01:45:54.689469,2026-04-27 13:58:03.780078,-0.7018200738622327,-0.5445182686963738,0.3229611467960842,0.08367842246647668,-0.04357786423939063,-1.9428573707407448,Delivered,4.0
SHP003384,Pune,Ahmedabad,Globalline,2026-04-28,2026-04-27,2026-04-29 04:25:29.747258,2026-04-28 20:08:27.701136,-0.48761227929262285,-0.4493795389492789,0.12049637015856914,0.1971915844852122,0.07262049706238273,-1.1020065060233732,Delivered,5.0
SHP001869,Bangalore,Mumbai,Fastship,2026-04-27,2026-04-27,2026-04-27 09:33:51.182092,2026-04-27 08:56:17.110266,-0.6968292212447637,-0.5705362285539745,-0.9828738953830466,-0.6077519467069941,-1.247490107375135,0.7306131161769139,Cancelled,1.0
SHP001464,Jaipur,Lucknow,Fastship,2026-04-27,2026-04-27,2026-04-28 04:09:44.403913,2026-04-28 00:15:00.171614,-0.3095901179641589,-0.2725285080469404,0.07279726117851376,0.18598445501725214,-0.034674854698066394,-0.055813335901711794,Delivered,4.0
SHP004665,Mumbai,Jaipur,Globalline,2026-04-27,2026-04-27,2026-04-27 11:52:12.572003,2026-04-27 09:48:16.278257,-0.7096778265176218,-0.5941208985507307,-0.2931226308216415,-0.5093382307085437,-0.23922222907148136,0.38611767101950784,Delivered,2.0
SHP002537,Mumbai,Bangalore,Globalline,2026-04-27,2026-04-27,2026-04-27 21:40:11.338794,2026-04-27 20:30:23.094464,-0.24641460708483942,-0.03570385947699067,0.10507335155153597,-0.0911053115413309,-0.039233446329837246,0.6020362956426256,Delivered,3.4301601423487544
SHP001341,Kolkata,Jaipur,Globalline,2026-04-27,2026-04-27,2026-04-27 09:16:44.028654,2026-04-27 09:19:26.486008,-0.6423777767231587,-0.5870584219100384,-0.9420568562839302,-0.6199289421039245,-1.0419710930314225,0.8912552709227611,Delivered,5.0
SHP002979,Chennai,Kolkata,Ecotrans,2026-04-25,2026-04-27,2026-04-27 05:54:09.791073,2026-04-27 02:42:35.086532,-0.24568500489770212,0.0631193330183419,1.6585034161212961,1.2845408645142349,1.4256500657116618,0.11632914111125053,Delivered,4.0
SHP004627,Delhi,Pune,Fastship,2026-04-28,2026-04-27,2026-04-28 11:59:37.929823,2026-04-28 08:15:12.105394,-0.37744258139093523,-0.4567132913833058,-0.6126554778594435,-0.5040584741223951,-0.7899031914020367,-0.014703808414611535,Delivered,5.0
SHP001849,Bangalore,Lucknow,Ecotrans,2026-04-27,2026-04-27,2026-04-28 19:04:21.346642,2026-04-28 09:36:43.916894,-0.1978243083462805,0.1780952535521093,0.7354513252495833,0.8223293868680558,0.8404294604331924,-1.3835595522216073,Delivered,4.0
SHP002639,Jaipur,Kolkata,Ecotrans,2026-04-27,2026-04-27,2026-04-27 16:59:24.450340,2026-04-27 12:14:50.008111,0.6463199710722033,0.5452280782507679,0.0554668690515289,-0.2908266730855522,0.3059133599083075,-0.2545917203189979,Delivered,2.0
SHP003677,Lucknow,Pune,Fastship,2026-04-27,2026-04-27,2026-04-27 12:50:47.772395,2026-04-27 11:15:15.203975,-0.6141728083462599,-0.42998943335606665,-0.428977495794623,-0.467665217299692,-0.6500800028367768,0.499375193307615,Cancelled,4.0
SHP002421,Bangalore,Delhi,Fastship,2026-04-28,2026-04-27,2026-04-28 09:24:59.108500,2026-04-28 07:58:27.598926,-0.2808627930127363,0.0062971515289137235,-0.9382907486729637,-0.6140597264716003,-1.0229403381287532,0.5353428363160645,Delivered,5.0
SHP002765,Delhi,Ahmedabad,Fastship,2026-04-28,2026-04-27,2026-04-29 15:26:05.724724,2026-04-29 02:41:12.712928,2.4658611009955873,2.3644620155368665,2.2105344340011817,0.6670796238684614,2.1123141630704385,-2.170346411075919,Delivered,1.0
SHP002884,Hyderabad,Mumbai,Ecotrans,2026-04-27,2026-04-27,2026-04-27 14:38:43.257237,2026-04-27 11:58:27.907297,-0.8504413507236505,-0.7341477293394353,-0.7504727831293774,-0.3908977683578699,-0.5349914201669611,0.24126186492638851,Delayed,5.0
SHP002125,Ahmedabad,Chennai,Ecotrans,2026-04-27,2026-04-27,2026-04-27 10:42:48.116615,2026-04-27 09:20:29.135485,0.5037313721754392,0.18493896511226388,-0.9429140131850786,-0.5587082198615336,-0.27997882478300173,-0.2081397798038506,Cancelled,2.0
SHP000926,Delhi,Kolkata,Ecotrans,2026-04-28,2026-04-28,2026-05-01 22:59:32.202983,2026-04-30 19:30:59.654571,-0.3039151567831448,-0.34387470216144755,3.576768275151261,3.0381742188045604,3.20992249042266,-2.3754234253671918,Delivered,1.0
SHP002988,Lucknow,Delhi,Globalline,2026-04-28,2026-04-28,2026-04-28 05:01:06.399658,2026-04-28 04:08:06.060482,-0.3400747297463342,0.001451578282412085,-1.09123532052695,-0.801757898482664,-0.9372670635319678,0.6690381994714902,Delivered,5.0
SHP000744,Ahmedabad,Kolkata,Fastship,2026-04-28,2026-04-28,2026-04-28 19:38:55.459033,2026-04-28 16:38:06.484951,-0.6407373015970985,-0.6861840123770292,-0.4710522896516831,-0.1773615134663067,-0.25701837572064223,0.1592549758900322,Delivered,5.0
SHP001414,Kolkata,Mumbai,Fastship,2026-04-28,2026-04-28,2026-04-29 10:20:10.578086,2026-04-28 22:53:29.209222,3.0949447385117765,1.6906581983813358,0.4116917714652669,0.4494777273679461,-0.27997882478300173,-1.8584628898123339,Delivered,5.0
SHP000678,Chennai,Jaipur,Globalline,2026-04-28,2026-04-28,2026-04-28 17:37:01.147391,2026-04-28 14:22:06.953707,-0.7923592146641957,-0.7289316633297984,-0.4418801814561461,-0.26407332875926437,-0.11747330929220778,0.10306782151074705,In Transit,4.0
SHP001645,Lucknow,Hyderabad,Fastship,2026-04-28,2026-04-28,2026-04-29 14:41:04.182321,2026-04-29 10:21:32.571625,-0.916180056904251,-0.8653282843780168,1.3363220351265634,0.6350525983216121,1.4264446996482456,-0.15468889370337857,Delivered,2.0
SHP002870,Bangalore,Jaipur,Ecotrans,2026-04-29,2026-04-28,2026-04-29 08:21:44.220459,2026-04-29 07:10:49.569797,0.7378059620171433,0.7325558650305438,-1.092304026776883,-0.6590484618502954,-1.1154549533553326,0.5976218419089248,Delivered,4.0
SHP000092,Lucknow,Chennai,Ecotrans,2026-04-29,2026-04-28,2026-04-29 05:34:24.749881,2026-04-29 04:50:01.032728,-0.3872787954516109,-0.3049263388177399,-1.1021035980191078,-0.7780672787938028,-1.1019977889016184,0.7033813705164509,Delivered,3.4301601423487544
SHP002341,Ahmedabad,Ahmedabad,Ecotrans,2026-04-28,2026-04-28,2026-04-29 08:44:24.738845,2026-04-29 04:20:44.305062,-0.040559738958114516,0.2774396683616001,0.8314560765654985,0.3813602919409868,0.9380043999402563,-0.1712297561837536,Delivered,3.0
SHP004517,Pune,Mumbai,Ecotrans,2026-04-26,2026-04-28,2026-04-28 23:51:14.746608,2026-04-28 22:51:44.579886,-0.7410438768891584,-0.619794888085025,2.882136610742008,2.0506754622539423,2.962687103066058,0.6431238685016794,Delivered,3.0
SHP000302,Mumbai,Kolkata,Fastship,2026-04-29,2026-04-28,2026-04-29 11:03:55.600728,2026-04-29 08:28:36.404104,-0.09854839454696965,0.15461579834219602,-0.5428477427136049,-0.5436820829294463,-0.3813628837094841,0.26094907053148186,Delivered,3.4301601423487544
SHP001774,Ahmedabad,Kolkata,Ecotrans,2026-04-28,2026-04-28,2026-04-28 14:56:07.596578,2026-04-28 08:37:38.630879,-0.6348233333636923,-0.6589954177779629,-0.4382109574474473,-0.37851703255000746,-0.5455245464901146,-0.6291545431800268,Delivered,1.0
SHP004040,Hyderabad,Lucknow,Globalline,2026-04-28,2026-04-28,2026-04-29 22:06:04.050939,2026-04-29 13:55:00.542405,-0.10330432675362358,0.09900712159178396,2.102547126536509,0.95158191635794,1.8811105910570716,-1.0781722187445835,Delivered,1.0
SHP002411,Pune,Delhi,Globalline,2026-04-28,2026-04-28,2026-04-29 01:12:23.396065,2026-04-28 17:57:43.968397,-0.009849858492510879,-0.2531791176887073,-0.07319667555730507,0.05983436021680563,-0.0825994354851017,-0.8532107133559197,Delayed,3.4301601423487544
SHP000603,Chennai,Lucknow,Globalline,2026-04-28,2026-04-28,2026-04-28 10:49:26.696107,2026-04-28 10:53:18.707989,0.3666192963461522,-0.012647342064898369,-0.8984618128530434,-0.5539830245113115,-0.5266133582700087,0.8958790053856945,Delayed,4.0
SHP003240,Hyderabad,Kolkata,Fastship,2026-04-28,2026-04-28,2026-04-29 14:58:25.120057,2026-04-29 10:43:42.717562,-0.6369887398656385,-0.5464206716117365,0.7776621831929685,0.6473930077971245,0.6157579774401857,-0.13546337432487474,Delivered,4.0
SHP002556,Ahmedabad,Kolkata,Globalline,2026-04-28,2026-04-28,2026-04-28 18:26:56.366171,2026-04-28 20:39:20.291428,-0.06697298440905552,-0.1873382607545078,-0.4221592462966285,-0.22856474362356116,-0.2531158133262715,1.350000480688524,Delivered,3.0
SHP003462,Kolkata,Kolkata,Ecotrans,2026-04-28,2026-04-28,2026-04-28 08:29:30.748224,2026-04-28 06:18:48.787474,0.49617889268782434,0.33444540544540635,-1.0692129317842543,-0.6535177336871718,-1.1454991095720792,0.35915038994084425,Delivered,2.0
SHP004534,Kolkata,Hyderabad,Globalline,2026-04-29,2026-04-28,2026-04-30 05:32:12.239014,2026-04-29 22:47:43.515997,-0.5160113370033433,-0.6031493743463632,0.35922035025000315,0.24464148036225924,0.1766822564525711,-0.7328415909168656,In Transit,3.0
SHP004727,Delhi,Hyderabad,Globalline,2026-04-28,2026-04-28,2026-04-28 10:43:49.658559,2026-04-28 08:25:44.414595,0.054997366494669714,-0.11002919040902812,-0.6710405495875861,-0.5579786346399694,-0.6634652669733903,0.32968251872746046,Delivered,5.0
SHP000593,Mumbai,Kolkata,Ecotrans,2026-04-28,2026-04-28,2026-04-28 23:02:40.533648,2026-04-28 12:04:05.028728,-0.2231410119090504,-0.33298676528971144,-0.12109269182206231,-0.03243216620515915,-0.08324933072274135,-1.7463927278569575,Delivered,2.0
SHP003658,Hyderabad,Bangalore,Fastship,2026-04-30,2026-04-29,2026-04-30 10:54:23.525373,2026-04-30 09:48:08.191052,-0.44689594847179154,-0.4424141255783413,-0.9462219134730907,-0.5504640871591674,-0.6654590588896563,0.6161897860683933,In Transit,2.0
SHP003340,Bangalore,Kolkata,Ecotrans,2026-04-29,2026-04-29,2026-04-29 07:13:16.414946,2026-04-29 07:15:34.030887,-0.06388716970562007,-0.08234726696776884,-0.9560474204152307,-0.7077468616901971,-0.9259535369650884,0.8896039032735397,Cancelled,2.0
SHP003698,Hyderabad,Lucknow,Ecotrans,2026-04-30,2026-04-29,2026-05-01 00:08:41.447988,2026-04-30 22:27:44.200843,-0.7540277279340571,-0.75697078451221,-0.19288232676273975,0.01452482571461811,-0.15971918258215284,0.47779172127019703,Delayed,2.0
SHP002457,Pune,Mumbai,Ecotrans,2026-04-28,2026-04-29,2026-04-29 07:58:25.247777,2026-04-29 01:24:55.032539,-0.19338883640647814,-0.28060060130868925,1.2765649254073475,0.3486462798050281,1.467403322048401,-0.6890663659326334,Delayed,1.0
SHP003655,Bangalore,Jaipur,Ecotrans,2026-04-29,2026-04-29,2026-04-29 06:24:55.658664,2026-04-29 04:38:23.500963,-0.4215610733977716,-0.5439752760489054,-1.2124906718475699,-0.7421355855032162,-1.5067620270708237,0.45552807396635203,Delivered,1.0
SHP004375,Jaipur,Hyderabad,Globalline,2026-04-29,2026-04-29,2026-04-29 06:05:50.757147,2026-04-29 04:28:33.720072,-0.7449575517901148,-0.726114522703535,-1.0353293918121163,-0.7557084948507615,-1.045552961803042,0.49243049345400075,Delivered,5.0
SHP001889,Hyderabad,Ahmedabad,Ecotrans,2026-04-30,2026-04-29,2026-05-02 17:35:24.638599,2026-05-02 13:21:01.999200,-0.8006833910525429,-0.7022793560726751,-1.0166086711967701,1.783341925458673,-1.163395162713342,-0.13414959489602904,In Transit,1.0
SHP004344,Mumbai,Jaipur,Ecotrans,2026-04-29,2026-04-29,2026-04-29 08:24:44.814759,2026-04-29 08:13:31.349245,-0.07720707483421911,4.831472360299714e-05,-1.0331414478400152,-0.6569075003460981,-0.27997882478300173,0.8356861299298729,In Transit,3.0
SHP002126,Jaipur,Hyderabad,Ecotrans,2026-04-29,2026-04-29,2026-04-29 06:56:24.479818,2026-04-29 07:31:28.156357,0.01685595831242402,0.360650468611222,-1.0855848948064795,-0.7197434426676244,-1.0008128116652233,1.0203005294254444,Delivered,3.0
SHP000796,Jaipur,Jaipur,Ecotrans,2026-04-30,2026-04-29,2026-04-30 03:01:16.839935,2026-04-30 03:32:45.910737,0.44403325213177824,0.06570641818058193,-1.2819739590934858,-0.8869907686777777,-1.1726665642574983,1.0060343131108123,Delayed,3.0
SHP004415,Chennai,Kolkata,Fastship,2026-04-29,2026-04-29,2026-04-30 02:47:00.059819,2026-04-29 17:06:08.693148,-0.8707943183360087,-0.8372927108182786,0.8370292219252827,0.1271317140881347,0.9982928439525856,-1.436337618838211,Delivered,4.0
SHP000877,Bangalore,Chennai,Ecotrans,2026-04-30,2026-04-29,2026-04-30 15:53:15.624401,2026-04-30 12:45:10.413965,0.2226590193385119,0.09668184222976604,-0.4258167477781855,-0.33787745770423133,-0.27997882478300173,0.13025555454431856,Delivered,1.0
SHP002407,Chennai,Pune,Fastship,2026-04-29,2026-04-29,2026-04-30 02:57:54.520892,2026-04-29 22:46:05.536921,-0.7351594422602756,-0.6209708442633799,-0.13124800308205978,0.13489040833734786,-0.1611582364643569,-0.1239351355604644,Delivered,4.0
SHP004449,Chennai,Chennai,Ecotrans,2026-04-29,2026-04-29,2026-04-30 01:25:57.357181,2026-04-29 20:10:04.116911,-0.6309402307587052,-0.5549772979528086,-0.20587178675522141,0.06948394166469302,0.028502573662423255,-0.3794874460302496,In Transit,4.0
SHP001339,Pune,Mumbai,Fastship,2026-04-29,2026-04-29,2026-04-30 18:55:04.801476,2026-04-30 12:27:43.007541,-0.42915508039050737,-0.44646762205631413,0.817582909828529,0.8157314944046536,0.4864244979227004,-0.664575044885067,Delayed,3.0
SHP000779,Lucknow,Mumbai,Fastship,2026-04-30,2026-04-30,2026-04-30 12:49:33.825062,2026-04-30 07:51:52.825218,-0.8671564161178502,-0.8113993513620568,-0.3852720758036752,-0.468541869518978,-0.17611861914487956,-0.30687923712247983,Delivered,2.0
SHP000913,Jaipur,Ahmedabad,Fastship,2026-04-30,2026-04-30,2026-04-30 06:34:27.079587,2026-04-30 07:42:57.964179,-0.5123761792919099,-0.4878729984523532,-1.2283603671084722,-0.7353613396109038,-1.1865656827374205,1.1537324901589525,Delivered,5.0
SHP004374,Jaipur,Bangalore,Globalline,2026-05-01,2026-04-30,2026-05-02 11:26:23.675245,2026-05-02 05:37:27.682589,-0.2987496670962215,-0.016543081566809812,0.5719672454757465,0.496579147681818,0.6414640394391666,-0.5112936821190313,Delivered,4.0
SHP003483,Delhi,Delhi,Globalline,2026-04-30,2026-04-30,2026-05-01 03:35:56.722115,2026-05-01 00:03:55.629947,0.304661913115051,0.5532006686459658,0.747707139347881,0.1619461068930302,0.8504355523871325,0.034803309523764224,Delivered,3.0
SHP003661,Pune,Kolkata,Fastship,2026-04-29,2026-04-30,2026-04-30 04:32:34.531080,2026-04-30 01:08:52.584979,-0.7002619645464359,-0.721481005441172,-0.059627284176742026,0.20222743448878122,0.07055144894923941,0.06798474196804154,Cancelled,3.0
SHP001240,Delhi,Lucknow,Fastship,2026-05-01,2026-04-30,2026-05-01 07:25:03.333840,2026-05-01 05:14:53.204191,1.7454542449399846,1.4375848878456494,-0.9366824641817258,-0.6993662753051662,-0.846264737185052,-1.7994133214888863,Delayed,4.0
SHP004635,Delhi,Ahmedabad,Fastship,2026-05-01,2026-04-30,2026-05-01 18:46:56.586046,2026-05-01 14:51:02.361861,0.057394785838286694,-0.19359442468048238,0.0980302431384862,-0.21433603022806338,0.16703454460353687,-0.06046614434897651,Delivered,4.0
SHP001863,Bangalore,Lucknow,Fastship,2026-04-30,2026-04-30,2026-05-01 17:29:24.533195,2026-05-01 10:18:46.966770,-0.24575309073832086,-0.03803407390299552,0.83675170008258,0.754793156586645,1.2009606558117292,-0.837132649185791,Delivered,4.0
SHP000318,Ahmedabad,Lucknow,Fastship,2026-04-30,2026-04-30,2026-04-30 16:32:12.436590,2026-04-30 12:34:52.057163,0.2932656382529304,-0.0807946665287021,-0.1546478238071432,-0.31017434129033256,0.014092545558545734,-0.06619343447734581,Delivered,1.0
SHP003649,Bangalore,Hyderabad,Ecotrans,2026-04-30,2026-04-30,2026-04-30 07:53:47.741163,2026-04-30 05:49:06.271678,-0.5612742645829876,-0.6476637280885218,-0.7345268029921845,-0.6789232730590594,-0.9418871150658058,0.38311455062880095,Cancelled,2.0
SHP002782,Lucknow,Lucknow,Ecotrans,2026-05-01,2026-04-30,2026-05-01 08:26:00.667782,2026-05-01 08:07:07.644968,0.16417899328152194,0.06321529892069684,-1.0847464240432065,-0.6560082560167506,-0.9276039405690699,0.8051364161038709,Cancelled,3.0
SHP004500,Kolkata,Jaipur,Fastship,2026-04-30,2026-04-30,2026-04-30 07:05:53.562086,2026-04-30 08:22:19.560152,-0.6258043793592234,-0.57719152282956,-0.7926087016823072,-0.7129969217461058,-0.8573065494302851,1.1853163223939704,Delivered,4.0
SHP001560,Lucknow,Chennai,Fastship,2026-05-01,2026-04-30,2026-05-01 19:06:43.841277,2026-05-01 16:05:00.702248,-0.39021997977994277,-0.4542503057830092,-0.5133685900591631,-0.200261013830947,-0.720895299804764,0.15565428533359763,Cancelled,3.0
SHP001672,Pune,Mumbai,Ecotrans,2026-05-01,2026-04-30,2026-05-01 08:37:18.644815,2026-05-01 08:09:09.484498,-0.9119032124091995,-0.8539038698024433,-0.8588999749291882,-0.6479707779616496,-1.118393768902041,0.7681663982963908,Delayed,5.0
SHP002469,Chennai,Ahmedabad,Ecotrans,2026-04-30,2026-04-30,2026-04-30 06:15:25.453762,2026-04-30 05:49:48.100248,1.0227182227020375,0.855649172127129,-1.0784296935771607,-0.7488954153449847,-1.1534488602801505,0.7782579677013165,Delayed,2.0
SHP003477,Delhi,Hyderabad,Globalline,2026-04-29,2026-04-30,2026-04-30 07:23:26.559375,2026-04-30 02:02:48.731509,0.7201695989501357,0.18768042944936653,0.24543368756601344,0.3237661420758959,0.18682556048834129,-0.39840580423330724,Delivered,1.0
SHP001370,Jaipur,Mumbai,Fastship,2026-05-01,2026-05-01,2026-05-02 08:11:10.292948,2026-05-01 19:01:23.233463,-0.3069132667390111,-0.41746132133694436,0.32089601387928585,0.35771595837565123,0.12485689356480009,-2.269665319384741,Delivered,3.0
SHP000954,Mumbai,Chennai,Globalline,2026-05-01,2026-05-01,2026-05-01 19:35:48.725992,2026-05-01 13:34:45.180195,-0.30399612933378006,-0.4633312712915454,-0.3857883527602994,-0.17957525028014557,-0.0996514426187595,-0.559658794044702,Delivered,3.0
SHP003893,Ahmedabad,Delhi,Globalline,2026-05-02,2026-05-01,2026-05-04 14:46:57.722838,2026-05-04 02:33:59.846580,-0.35893001317300915,-0.2746310620563862,1.9522091291883577,1.663523539868196,2.0351067476837534,-2.0430350994638373,Delivered,4.0
SHP003432,Kolkata,Kolkata,Globalline,2026-05-01,2026-05-01,2026-05-01 17:58:32.484823,2026-05-01 16:07:56.764532,-0.39347244627854516,-0.4397457091882793,-0.6195722139040348,-0.2487644086114342,-0.27997882478300173,0.43933691037648004,Cancelled,2.0
SHP002269,Mumbai,Chennai,Globalline,2026-05-01,2026-05-01,2026-05-03 08:33:11.544626,2026-05-03 04:24:47.329308,-0.36871833386212394,-0.08361892224497151,1.9105976660885993,1.3976592018401046,1.6101134716796086,-0.11032285315370927,Delivered,4.0
SHP002735,Ahmedabad,Jaipur,Globalline,2026-05-01,2026-05-01,2026-05-03 07:46:12.022997,2026-05-03 09:55:59.579672,0.1796884524462461,0.365530165187501,1.93129940222988,1.3642335220756694,2.1839694140420316,1.350000480688524,Delivered,5.0
SHP002291,Ahmedabad,Kolkata,Fastship,2026-05-01,2026-05-01,2026-05-01 20:10:49.939274,2026-05-01 16:46:00.668318,-0.49883908790331377,-0.5347769418355376,-0.05095875462258463,-0.15466517987024836,-0.024628552684930614,0.0635092281341255,In Transit,1.0
SHP000089,Kolkata,Pune,Fastship,2026-05-01,2026-05-01,2026-05-01 20:04:14.932972,2026-05-01 15:59:11.420209,-0.6040013498390333,-0.4761221319118667,-0.3932354593027789,-0.1593480147323686,-0.2855414644436239,-0.09698087029455885,Delivered,5.0
SHP004504,Hyderabad,Delhi,Fastship,2026-05-02,2026-05-01,2026-05-03 00:23:12.739284,2026-05-02 14:30:44.585606,-0.5032438466155301,-0.546066629910046,1.182200454213855,0.024854061551125378,1.2559826800052256,-1.4826575090053928,In Transit,4.0
SHP002315,Jaipur,Bangalore,Fastship,2026-05-01,2026-05-01,2026-05-01 02:35:04.533232,2026-05-01 01:11:55.264510,-0.058176182062680076,0.40154497786825233,0.5341890589828461,-0.9056306045315684,0.3480504554387589,0.5487870796183184,Delayed,3.0
SHP001402,Delhi,Chennai,Globalline,2026-05-01,2026-05-01,2026-05-01 08:17:46.310138,2026-05-01 05:07:06.996152,0.3513536566741607,0.6126829241676675,-1.0400938501971977,-0.6618689098622575,-0.7878497007313463,0.12001130567247814,Delivered,4.0
SHP003948,Chennai,Mumbai,Ecotrans,2026-05-01,2026-05-01,2026-05-01 17:17:50.807534,2026-05-01 16:06:07.471708,0.2001329509582421,0.3123020309460337,-0.435766821048844,-0.2777107101117906,-0.44974486371985106,0.5943854275863322,Delayed,3.4301601423487544
SHP002281,Bangalore,Ahmedabad,Ecotrans,2026-05-01,2026-05-01,2026-05-01 03:55:49.243608,2026-05-01 03:11:00.467727,-0.024935228644030357,0.39889218176289065,-1.2979862580650325,-0.8481961319796353,-1.09055167418205,0.7017155565488703,Delivered,5.0
SHP000071,Kolkata,Kolkata,Fastship,2026-05-01,2026-05-01,2026-05-01 11:45:36.389319,2026-05-01 09:34:57.581496,0.5485316231746893,0.29688252137194937,-0.7823741261738848,-0.5140350116814932,-0.9023573907116847,0.3593599851699144,Delivered,3.0
SHP002953,Pune,Bangalore,Ecotrans,2026-05-01,2026-05-01,2026-05-03 05:32:49.968990,2026-05-02 17:53:32.304804,-0.8399887054883868,-0.7408183078690398,-0.7973515945248547,1.2693684598555866,-0.7996683751168122,-1.908738678392005,Delivered,3.0
SHP004386,Lucknow,Lucknow,Fastship,2026-05-01,2026-05-01,2026-05-01 16:06:51.921533,2026-05-01 14:35:06.391823,-0.4599734161483658,-0.41608168442998317,-0.47644222336477654,-0.3282001825811285,-0.5837616086009307,0.5144679088795897,Delayed,3.4301601423487544
SHP002325,Mumbai,Bangalore,Fastship,2026-05-01,2026-05-01,2026-05-01 12:02:05.280657,2026-05-01 09:26:11.482649,0.20845501075032524,0.008332668018560483,-0.7103623506508875,-0.5023116168842127,-0.49768441397037655,0.25864889516883705,Delayed,3.4301601423487544
SHP004241,Delhi,Kolkata,Ecotrans,2026-05-02,2026-05-01,2026-05-02 22:27:00.159197,2026-05-02 15:03:34.772321,0.11256706532630788,0.1374849051190446,0.24222397009302157,-0.0578064957506692,0.0044133096946083515,-0.8881745868240395,Cancelled,3.4301601423487544
SHP003496,Mumbai,Chennai,Ecotrans,2026-05-02,2026-05-02,2026-05-02 17:03:30.786540,2026-05-02 13:01:49.036956,-0.48716433878566334,-0.5152681033024412,-0.07656535486411399,-0.2879063355178476,-0.3195160459889256,-0.0835683809726081,Delivered,1.0
SHP004351,Delhi,Bangalore,Globalline,2026-05-02,2026-05-02,2026-05-02 18:16:37.893811,2026-05-02 17:02:54.143644,-0.6157076311853086,-0.6551155522674698,0.19221744861114923,-0.2358967884893291,0.01642406466313038,0.5863807159690939,Delivered,2.0
SHP003528,Lucknow,Mumbai,Globalline,2026-05-03,2026-05-02,2026-05-05 01:02:37.919395,2026-05-04 15:07:02.922200,4.781923799658109,3.249009990863105,3.435626935219796,1.07717316946426,3.7272235218693255,-1.4950781929431605,Cancelled,5.0
SHP001419,Mumbai,Pune,Ecotrans,2026-05-03,2026-05-02,2026-05-03 01:45:40.751973,2026-05-03 01:15:58.304021,-0.5266495616331457,-0.4565365730031343,-0.19095353159196407,-0.9407664950560999,-0.27997882478300173,0.7619649723746297,Cancelled,3.0
SHP002925,Hyderabad,Ahmedabad,Ecotrans,2026-05-03,2026-05-02,2026-05-03 21:56:26.733397,2026-05-03 21:28:59.476595,0.032926624274697704,-0.09625527004427072,-0.3721101587381037,-0.07954192173971668,-0.4093644278852166,0.770951993023215,Delivered,4.0
SHP003964,Chennai,Kolkata,Fastship,2026-05-02,2026-05-02,2026-05-02 15:59:28.370756,2026-05-02 13:29:40.768120,-0.34621767673671155,-0.22039946747864542,-0.6927623265824531,-0.33345851650978175,-0.6140881297143167,0.2829922443420662,Delivered,5.0
SHP002155,Mumbai,Kolkata,Ecotrans,2026-05-02,2026-05-02,2026-05-02 16:55:07.860138,2026-05-02 14:55:34.093642,-0.507077488695002,-0.41726944783054104,0.03440378567334832,-0.29386857276009687,0.035304580092506636,0.40356953688917696,Delivered,4.0
SHP003064,Lucknow,Pune,Ecotrans,2026-05-02,2026-05-02,2026-05-03 14:26:47.399015,2026-05-03 10:56:21.857073,-0.49513668293001706,-0.5829325652970396,0.965432794971472,0.6248953559997472,1.1240254020692813,0.04115514434460119,Delayed,4.0
SHP000847,Kolkata,Bangalore,Ecotrans,2026-05-03,2026-05-02,2026-05-03 16:44:54.080813,2026-05-03 14:44:38.073043,-0.38033367389623224,-0.3055498516456328,-0.3360314333106103,-0.3011449812662258,-0.3228513500051668,0.40076148916075294,Delivered,3.4301601423487544
SHP002290,Kolkata,Hyderabad,Globalline,2026-04-30,2026-05-02,2026-05-03 02:08:52.947689,2026-05-03 01:24:40.065225,-0.7487278358609346,-0.7480443057483148,3.4223036069498263,2.1485771708354036,3.032738856253033,0.7041016216110233,Delivered,2.0
SHP004979,Kolkata,Lucknow,Fastship,2026-05-02,2026-05-02,2026-05-03 20:45:45.216953,2026-05-03 18:19:53.969786,-0.8676090367821941,-0.8363085961785972,0.9814365914360451,0.8944542106998784,0.8293057510492107,0.29870430449030133,Delivered,3.0
SHP002018,Mumbai,Hyderabad,Fastship,2026-05-02,2026-05-02,2026-05-04 01:29:02.728836,2026-05-03 07:37:20.014207,2.128666064764718,3.22873392702039,2.1301740834166356,1.0959612263990104,2.4695420858331043,-2.3754234253671918,Delivered,4.0
SHP003541,Ahmedabad,Lucknow,Ecotrans,2026-05-03,2026-05-02,2026-05-04 12:14:40.336494,2026-05-04 00:16:38.181037,-0.5979234501353349,-0.5094747019219136,1.7047530513201201,0.5309193245134282,1.4214865783591646,-1.9834908072971218,Delayed,3.0
SHP001140,Bangalore,Lucknow,Ecotrans,2026-05-02,2026-05-02,2026-05-02 13:47:39.875030,2026-05-02 10:45:46.155396,-0.7758274950067676,-0.7613367820005492,-0.7056150116862685,-0.42721443698194733,-0.7590768425845605,0.15495092482805042,Delivered,4.0
SHP001396,Hyderabad,Jaipur,Globalline,2026-05-03,2026-05-02,2026-05-03 22:38:09.404303,2026-05-03 19:29:29.074544,-0.4076318506364952,-0.257149003051205,0.011189979058142568,-0.04987253547811803,0.041064944257510595,0.12792094846274182,Delivered,4.0
SHP000540,Bangalore,Lucknow,Globalline,2026-05-02,2026-05-02,2026-05-02 22:11:31.073021,2026-05-02 16:23:01.563741,-0.32361043510673104,-0.22679590491995721,-0.008053372117616874,-0.06882089503148899,-0.35776126017255594,-0.5095331626844659,Delivered,3.0
SHP002964,Ahmedabad,Delhi,Fastship,2026-05-03,2026-05-02,2026-05-03 15:27:13.115605,2026-05-03 13:31:45.649058,0.27300382147619756,-0.10601841134790654,-0.5011529628147217,-0.35640113850433897,-0.39030232426885203,0.41994267024449294,Delivered,3.4301601423487544
SHP000765,Kolkata,Mumbai,Fastship,2026-05-02,2026-05-02,2026-05-02 07:41:07.812533,2026-05-02 05:32:20.128068,-0.7953026472519934,-0.7925326208349613,-0.9247205408363627,-0.6879322945806022,-0.9101048627732053,-1.5428767615588737,Delivered,3.0
SHP000354,Kolkata,Mumbai,Globalline,2026-05-02,2026-05-02,2026-05-03 05:06:51.366338,2026-05-02 23:25:40.606209,-0.7049855306780412,-0.6884136433515754,0.41568907942440836,0.22661139947175613,-0.0804891686299821,-0.4803666996461213,Cancelled,4.0
SHP002764,Kolkata,Lucknow,Globalline,2026-05-03,2026-05-02,2026-05-03 11:36:25.238902,2026-05-03 11:32:30.397079,0.0005553036841804363,-0.2718828199960334,-0.6800623043306436,-0.5205689489120159,-0.7138004056614313,0.8648442528393662,Cancelled,4.0
SHP003469,Kolkata,Lucknow,Ecotrans,2026-05-03,2026-05-02,2026-05-04 02:09:17.414566,2026-05-04 04:01:48.073458,-0.8871732681422099,-0.8352204995716964,0.5650460300411397,0.10030785329301865,0.6625700548026243,1.3292151762793456,In Transit,3.0
SHP000382,Mumbai,Ahmedabad,Globalline,2026-05-01,2026-05-02,2026-05-08 04:07:34.218921,2026-05-06 10:31:24.902888,-0.9231586103026042,-0.850960958227391,-0.41256106030427425,6.330119223956342,-0.42380578051396456,-2.3754234253671918,Delivered,5.0
SHP000111,Bangalore,Kolkata,Fastship,2026-05-02,2026-05-02,2026-05-02 21:49:44.465973,2026-05-02 16:27:10.979082,-0.46074683797087296,-0.5494716006049476,-0.253551052756534,-0.08431083784285268,-0.09388615771106863,-0.40609439957309285,Cancelled,3.0
SHP004766,Hyderabad,Chennai,Fastship,2026-05-03,2026-05-02,2026-05-03 11:38:54.271635,2026-05-03 11:09:10.963164,-0.08180244930315643,0.23415766829304072,-0.5256599017359884,-0.518802152596971,-0.38348920893245647,0.7619077681713848,Delivered,2.0
SHP001632,Chennai,Jaipur,Ecotrans,2026-05-02,2026-05-02,2026-05-02 14:48:28.237820,2026-05-02 09:33:15.945333,-0.18586788102881305,0.10890699367061807,0.05965338721751773,-0.3839627714988673,0.06175143466512852,-0.37676538492392136,Delayed,4.0
SHP004885,Ahmedabad,Hyderabad,Globalline,2026-05-02,2026-05-03,2026-05-03 08:30:10.073112,2026-05-03 07:12:21.459101,-0.4123521465749857,-0.16579468545483633,0.16367935778648834,0.37122815362602934,-0.01585094377633944,0.5701030497008509,Delivered,4.0
SHP001138,Lucknow,Chennai,Ecotrans,2026-05-03,2026-05-03,2026-05-03 21:14:59.598191,2026-05-03 14:01:34.402010,-0.005610228582036737,-0.2724992423309515,-0.4433123493592059,-0.10902713089803014,-0.656056572047367,-0.8482760715066257,Delivered,4.0
SHP004079,Kolkata,Pune,Fastship,2026-05-03,2026-05-03,2026-05-03 05:43:28.483790,2026-05-03 05:13:46.792624,0.12837460768173575,-0.11259784769573183,-1.0455787090342383,-0.7716212649213721,-1.1224094520501637,0.7620152807817152,Cancelled,2.0
SHP002503,Pune,Hyderabad,Ecotrans,2026-05-04,2026-05-03,2026-05-05 14:47:38.249821,2026-05-05 12:15:05.621820,-0.23860971519701826,0.03309108885713311,1.406518414641721,0.6397243035940455,1.422279973341035,0.2720219525530302,Delivered,3.4301601423487544
SHP004734,Chennai,Ahmedabad,Fastship,2026-05-02,2026-05-03,2026-05-03 02:34:53.109986,2026-05-03 00:51:35.601043,0.2521663200639832,0.19122420019290062,-0.10491188212964873,0.11851365914254801,-0.09606805439210278,0.46846762220872956,In Transit,3.0
SHP001489,Ahmedabad,Chennai,Ecotrans,2026-05-03,2026-05-03,2026-05-03 05:52:28.839214,2026-05-03 04:19:43.225316,0.1337247360255756,-0.21053143703765329,-1.2150527379743605,-0.7652153032962052,-1.1040285242923715,0.5104737285045468,Delivered,4.0
SHP004475,Delhi,Hyderabad,Fastship,2026-05-04,2026-05-03,2026-05-05 03:40:24.335267,2026-05-04 23:43:05.556357,0.18732464810044816,0.5112074729301056,0.14690512001489295,0.16511868461987111,0.46960787988457187,-0.06608703787277939,Cancelled,3.0
SHP003714,Delhi,Ahmedabad,Ecotrans,2026-05-03,2026-05-03,2026-05-04 22:01:14.825075,2026-05-04 10:52:09.506588,-0.11647789160783839,-0.28212446916991696,1.3235147501830837,0.9481531179975901,1.0711027383227933,-1.7882604649935097,Delivered,3.4301601423487544
SHP001527,Lucknow,Ahmedabad,Fastship,2026-05-03,2026-05-03,2026-05-03 21:27:55.224671,2026-05-03 14:50:33.493390,2.625284867220712,3.582199085513227,-0.15673684320251144,-0.09983200996584632,0.0458856451918421,-0.7044567184736079,In Transit,2.0
SHP001298,Mumbai,Mumbai,Ecotrans,2026-05-04,2026-05-03,2026-05-05 02:18:18.712112,2026-05-04 17:41:28.202491,-0.6108711343880959,-0.6505666393037215,1.020559560718173,0.10672498386614672,0.9226113912097942,-1.181011278196722,Delivered,4.0
SHP001248,Lucknow,Delhi,Fastship,2026-05-03,2026-05-03,2026-05-03 04:42:59.732359,2026-05-03 04:08:50.800770,2.6283787610598703,1.4491741765590358,-1.061854115625196,-0.8146404359967121,-0.8640421287273545,0.7442501001494203,Delivered,4.0
SHP000042,Lucknow,Bangalore,Ecotrans,2026-05-03,2026-05-03,2026-05-03 13:13:05.928769,2026-05-03 12:41:14.316518,-0.1891617404983974,0.18886481433653263,-0.5305124455394324,-0.4518012544273473,-0.6816732165501591,0.7533785950698056,Delayed,2.0
SHP002435,Jaipur,Jaipur,Fastship,2026-05-03,2026-05-03,2026-05-04 09:53:50.556252,2026-05-04 04:50:24.919929,0.057726198846452983,-0.09816149186068265,0.5682570690860775,0.43074642794095047,0.666581426570713,-0.3297894287513603,Delivered,2.0
SHP003454,Pune,Mumbai,Fastship,2026-05-04,2026-05-04,2026-05-04 14:02:24.182064,2026-05-04 13:51:20.276127,2.25189488302064,1.9822097478116243,-0.7347726357169668,-0.4167308984110951,-0.7615270015396977,0.8363216161720622,In Transit,5.0
SHP003084,Delhi,Mumbai,Fastship,2026-05-05,2026-05-04,2026-05-05 08:42:04.374658,2026-05-05 09:50:45.820318,-0.05573512189308213,-0.12126771017976158,-0.6068696434662154,-0.644583425249447,-0.5861161441993235,1.1544345519151187,In Transit,3.0
SHP004238,Mumbai,Lucknow,Fastship,2026-05-04,2026-05-04,2026-05-06 12:16:21.455861,2026-05-06 02:39:28.776510,-0.27080071865592287,-0.10659339369181194,1.8178064134142164,1.5563977908701319,2.0415240688720693,-1.4204705456355975,In Transit,4.0
SHP000830,Lucknow,Delhi,Ecotrans,2026-05-04,2026-05-04,2026-05-04 06:27:34.452878,2026-05-04 06:56:37.969124,-0.7704680033798748,-0.6449077639345756,-0.873262564764275,-0.7402530659644458,-0.9821001347584738,0.9963583705637767,Delivered,3.0
SHP000959,Kolkata,Pune,Fastship,2026-05-05,2026-05-04,2026-05-06 03:34:34.095847,2026-05-05 20:27:42.945925,-0.052096904905450436,0.09650660633727111,0.8759254739097884,0.16096656512891797,1.069389819771329,-0.82208129569378,In Transit,4.0
SHP001247,Bangalore,Ahmedabad,Fastship,2026-05-04,2026-05-04,2026-05-04 18:50:32.311244,2026-05-04 14:24:34.859045,0.09454905674112585,0.17302041392072867,0.08711191339374408,-0.211778588806965,0.09790359270987553,-0.1803382468935999,In Transit,4.0
SHP001427,Pune,Kolkata,Fastship,2026-05-04,2026-05-04,2026-05-04 11:06:01.826113,2026-05-04 11:34:20.905829,0.22900927414432476,-0.04285214986369506,-0.3632604670595741,-0.5421856697564587,-0.27269387511816345,0.9934043901245135,Delivered,1.0
SHP001178,Jaipur,Hyderabad,Ecotrans,2026-05-03,2026-05-04,2026-05-04 20:37:39.366162,2026-05-04 05:27:53.838827,0.99312740832029,1.5786321816236566,1.4205666200658529,0.8886944063495015,1.4905009313321063,-2.3754234253671918,Delivered,2.0
SHP000119,Pune,Kolkata,Ecotrans,2026-05-04,2026-05-04,2026-05-04 09:29:48.825448,2026-05-04 05:51:51.150860,-0.7839134350089905,-0.7260892117866711,-0.9999371918812897,-0.6106251062857996,-1.05544765823444,0.011098994770449705,Cancelled,1.0
SHP002231,Delhi,Jaipur,Ecotrans,2026-05-05,2026-05-04,2026-05-06 21:37:32.335477,2026-05-06 08:45:29.151311,0.9895512245774574,0.5194365041559407,3.2107858123235604,0.9312893772533243,3.107889016575302,-2.198942720609797,Delayed,5.0
SHP000253,Delhi,Chennai,Fastship,2026-05-04,2026-05-04,2026-05-04 14:24:00.678309,2026-05-04 16:06:29.920037,-0.6451466264590513,-0.6700506974554691,-0.43600434398891047,-0.4013608200807328,-0.8758656537573191,1.2892351297209603,Delivered,3.4301601423487544
SHP001803,Chennai,Kolkata,Ecotrans,2026-05-04,2026-05-04,2026-05-04 16:20:54.270776,2026-05-04 18:05:54.348567,0.5835683537704284,0.29358183920613423,-0.1538281691110673,-0.3182140573600703,-0.4983451782446123,1.2992621678276137,Delivered,5.0
SHP003898,Bangalore,Kolkata,Ecotrans,2026-05-05,2026-05-04,2026-05-05 17:59:50.828214,2026-05-05 14:40:51.542826,-0.4365249070479737,-0.4784712156081445,0.23981541687034125,-0.2478356407378055,0.2813062475057701,0.08677500793053151,Delivered,4.0
SHP001579,Chennai,Bangalore,Ecotrans,2026-05-04,2026-05-04,2026-05-04 08:46:11.750652,2026-05-04 05:44:40.659343,-0.7902218175492307,-0.7540793593246906,-0.7165597329477915,-0.6416507608397833,-0.8680178517714462,0.15645517435930964,In Transit,4.0
SHP004179,Bangalore,Delhi,Globalline,2026-05-05,2026-05-05,2026-05-05 13:09:34.616714,2026-05-05 17:32:36.160407,-0.08463406658031379,-0.33335813584280577,-0.5001649811235912,-0.454306377644709,-0.14165500554241087,1.350000480688524,Delivered,2.0
SHP004294,Ahmedabad,Delhi,Ecotrans,2026-05-05,2026-05-05,2026-05-06 08:08:18.512489,2026-05-06 09:22:18.500404,-0.5771784843093184,-0.5858646726544097,1.8576473850462147,0.3556794857503983,1.6213880903801945,1.1756100935325393,Delivered,3.0
SHP003342,Delhi,Pune,Fastship,2026-05-05,2026-05-05,2026-05-05 15:07:03.649426,2026-05-05 16:33:07.013174,-0.29465015877735545,-0.4670745327366113,-0.5751620279980901,-0.3707394676718798,-0.7339156834547148,1.2236975130704204,Delayed,4.0
SHP003854,Delhi,Jaipur,Fastship,2026-05-05,2026-05-05,2026-05-06 19:26:19.244164,2026-05-06 13:01:51.031019,-0.447535612538179,-0.49890859493733697,0.7678349659341906,0.8379531792451878,0.5594009834736835,-0.653036019261513,Delayed,4.0
SHP002611,Jaipur,Jaipur,Globalline,2026-05-05,2026-05-05,2026-05-06 09:53:20.893672,2026-05-06 14:06:54.007757,0.525976244653821,0.2546489272065242,0.65890596571052,0.4303947754126647,0.6971981711072941,1.350000480688524,Delivered,4.0
SHP003506,Kolkata,Pune,Globalline,2026-05-06,2026-05-05,2026-05-06 14:30:43.596627,2026-05-06 11:59:43.491346,-0.17392650748342497,0.24846299591499538,-0.4334156587018957,-0.3965841875663619,-0.16041021355763724,0.27817252968106915,In Transit,3.0
SHP003597,Kolkata,Pune,Globalline,2026-05-05,2026-05-05,2026-05-05 20:56:25.071377,2026-05-05 21:13:09.362392,-0.7202422696850821,-0.7350120787396613,0.31154036133295304,-0.12223994544267014,0.4837285848510931,0.9472173401416502,Cancelled,2.0
SHP002336,Kolkata,Mumbai,Ecotrans,2026-05-05,2026-05-05,2026-05-05 08:25:24.035530,2026-05-05 04:14:53.382486,-0.7132103932595937,-0.6982260112293825,-0.6666234081895891,-0.6564425346158802,-0.6696649562340666,-0.11872797770751463,Delayed,3.0
SHP004770,Delhi,Delhi,Ecotrans,2026-05-05,2026-05-05,2026-05-05 05:58:11.658841,2026-05-05 05:27:57.527542,-0.005024771952847876,-0.1032830159946106,-0.9573934744174571,-0.7611511461091013,-1.3683609217754904,0.7598587776000065,Delivered,3.0
SHP002860,Chennai,Kolkata,Fastship,2026-05-06,2026-05-05,2026-05-06 07:24:55.183585,2026-05-06 05:10:54.248275,-0.3910379085731429,-0.5083543644496831,-1.031134373963252,-0.6994628972939021,-0.7607781707168639,0.34592327796448213,Delivered,3.4301601423487544
SHP001332,Pune,Delhi,Globalline,2026-05-04,2026-05-05,2026-05-06 12:46:52.542129,2026-05-06 08:20:47.944766,-0.7306979417683594,-0.7506296675774393,-0.6241256257544974,1.578105481495276,-0.7055873513729959,-0.1808132316570669,In Transit,5.0
SHP004282,Kolkata,Bangalore,Fastship,2026-05-05,2026-05-05,2026-05-05 18:47:07.403217,2026-05-05 18:18:41.625416,-0.37105528536874394,-0.07541756230281056,-0.0012139819888528946,-0.2142077916957017,-0.02263558706082657,0.7670617278217662,In Transit,5.0
SHP001014,Pune,Bangalore,Fastship,2026-05-06,2026-05-05,2026-05-06 19:46:22.824978,2026-05-06 17:27:23.038926,-0.7412891216646765,-0.7183999712731697,-0.15216444277431382,-0.17205795038655408,0.15259080729147104,0.3260567571959329,Delivered,3.4301601423487544
SHP002684,Pune,Chennai,Fastship,2026-05-07,2026-05-06,2026-05-07 18:34:45.986706,2026-05-07 19:27:19.076318,-0.4148083238997239,-0.5072925865319101,0.5055917412061344,-0.22299735039851856,0.1857300845277806,1.0900617301841213,Delivered,3.0
SHP001902,Ahmedabad,Ahmedabad,Ecotrans,2026-05-07,2026-05-06,2026-05-07 06:20:17.447761,2026-05-07 04:07:40.706476,-0.026778659253997014,-0.26261734973950984,-1.0579075959864128,-0.745433800511599,-1.0556752038996005,0.3515201934516461,Delivered,4.0
SHP002249,Jaipur,Delhi,Fastship,2026-05-06,2026-05-06,2026-05-06 20:28:28.352200,2026-05-06 12:41:39.408412,-0.40376370495372926,-0.46471678740286104,0.4132182903451794,-0.1421176004668596,0.2668155333031668,-0.9814779942557293,Delivered,2.0
SHP004295,Lucknow,Mumbai,Globalline,2026-05-07,2026-05-06,2026-05-07 14:10:05.030352,2026-05-07 12:31:48.362930,0.3578568269149022,0.01598790988685735,-0.6475576453566015,-0.41126750095163017,-0.2686733666524109,0.4884664827937517,Delivered,1.0
SHP000362,Kolkata,Delhi,Ecotrans,2026-05-06,2026-05-06,2026-05-06 20:09:51.372933,2026-05-06 20:43:17.387362,-0.39577308393981064,-0.5229673057666399,-0.4208915135877777,-0.15535948905528915,-0.3028693449601008,1.013808304163995,In Transit,1.0
SHP004095,Jaipur,Mumbai,Ecotrans,2026-05-07,2026-05-06,2026-05-07 06:43:06.435762,2026-05-07 03:11:05.637277,-0.653507249877344,-0.694498909459291,-1.0249822712640706,-0.7292043259500394,-0.9433560116545558,0.03482283251166057,Delivered,4.0
SHP003169,Mumbai,Hyderabad,Globalline,2026-05-07,2026-05-06,2026-05-07 17:25:45.940024,2026-05-07 13:54:03.081488,-0.300509087760615,-0.27171548390302214,-0.30812187117594614,-0.2720779721667898,-0.5415702303058579,0.03601541569552702,Delayed,2.0
SHP003870,Ahmedabad,Kolkata,Ecotrans,2026-05-06,2026-05-06,2026-05-06 15:51:11.476676,2026-05-06 16:47:21.435129,-0.5482360142972853,-0.6319878358754775,-0.6476984039479768,-0.3393492400385918,-0.6440265531576884,1.1044783895002213,Delivered,3.0
SHP000859,Ahmedabad,Delhi,Globalline,2026-05-07,2026-05-06,2026-05-07 18:25:04.912890,2026-05-07 15:44:11.059349,-0.7207421214371119,-0.6925280340294074,-0.0038052220356156177,-0.22988603218858777,0.12456757596824791,0.23870228423466502,In Transit,3.0
SHP003532,Mumbai,Hyderabad,Globalline,2026-05-06,2026-05-06,2026-05-06 15:15:14.402017,2026-05-06 09:59:34.402913,1.1137978641057484,0.8182842339980765,-0.0704295779329414,-0.3649215520361607,-0.38846366138144595,-0.3786072210136466,Delivered,3.0
SHP004613,Jaipur,Ahmedabad,Fastship,2026-05-07,2026-05-06,2026-05-08 03:02:52.305954,2026-05-07 22:36:31.757769,-0.3029251039221102,0.021415073055607355,0.06025138274618306,0.13842067673765893,0.03774020202787259,-0.18187358484346894,Delivered,4.0
SHP001590,Pune,Delhi,Fastship,2026-05-06,2026-05-06,2026-05-07 06:35:16.588306,2026-05-07 07:32:41.647880,0.5014357494520445,0.1496756370737527,1.1311286725931196,0.28950527792695907,1.0636381239530284,1.109470841485125,Delivered,3.0
SHP003987,Chennai,Hyderabad,Ecotrans,2026-05-06,2026-05-06,2026-05-06 16:05:27.253853,2026-05-06 10:11:30.920312,-0.029307527808915487,0.010640915220399769,-0.18624221655532538,-0.32920392545688293,-0.44429061538985687,-0.5312592622262308,Delivered,5.0
SHP001374,Chennai,Hyderabad,Globalline,2026-05-06,2026-05-06,2026-05-06 17:48:50.858894,2026-05-06 12:40:26.385150,-0.3134900397831556,0.03602251203534048,-0.05191126524648019,-0.2556596357481745,-0.11206500581915158,-0.3496550639878163,Delayed,3.4301601423487544
SHP003533,Delhi,Bangalore,Ecotrans,2026-05-06,2026-05-06,2026-05-06 18:03:03.567234,2026-05-06 17:37:30.592348,-0.33464500293671634,-0.19445573179517664,0.30157221195841555,-0.24555070250928532,-0.018072552876535843,0.7785490431174845,In Transit,2.0
SHP002133,Lucknow,Mumbai,Ecotrans,2026-05-07,2026-05-06,2026-05-07 05:03:40.918825,2026-05-07 04:14:02.681948,0.7090822802201483,0.23143284769915093,-1.052064005307019,-0.7999260600144964,-1.0218927450094257,0.682473232269418,In Transit,5.0
SHP002654,Bangalore,Pune,Fastship,2026-05-06,2026-05-06,2026-05-06 12:45:32.990526,2026-05-06 11:45:37.278984,-0.2852478380074156,-0.4654022701093432,-0.417997686254657,-0.47139698436957783,-0.21505860799914447,0.6414257408890034,Delivered,3.0
SHP000243,Kolkata,Pune,Ecotrans,2026-05-07,2026-05-06,2026-05-07 16:22:00.992728,2026-05-07 10:03:38.378422,-0.4710143498167741,-0.22529202931624293,-0.3017697785117098,-0.31742306268590426,-0.27997882478300173,-0.6287323254532137,Delayed,3.0
SHP001617,Hyderabad,Lucknow,Fastship,2026-05-06,2026-05-06,2026-05-07 07:54:18.733522,2026-05-06 18:22:18.407573,-0.20731847008625642,-0.28258294060160083,0.320689949817931,0.3457238313801465,0.3709522534027678,-2.3582960710429255,In Transit,5.0
SHP001054,Hyderabad,Jaipur,Fastship,2026-05-07,2026-05-07,2026-05-08 00:07:30.196581,2026-05-08 01:54:07.327328,-0.6645613055836624,-0.4853396740762485,0.8924238442034268,0.013680133936371516,0.9283669790739809,1.3057138987255184,Delayed,3.0
SHP004902,Lucknow,Chennai,Globalline,2026-05-08,2026-05-07,2026-05-08 10:27:43.511052,2026-05-08 10:57:59.794583,2.822622872186619,1.6664681360620444,-0.4312868477902848,-0.5694323992885885,-0.16590260140437701,1.0011956775386526,Delivered,3.0
SHP002343,Bangalore,Lucknow,Fastship,2026-05-07,2026-05-07,2026-05-07 08:36:34.433399,2026-05-07 05:05:30.530891,0.6248897371316365,0.9985991318234476,-0.7126131008996672,-0.6484949082376315,-0.3371899464926863,0.03860507210441821,Cancelled,4.0
SHP002819,Delhi,Mumbai,Ecotrans,2026-05-07,2026-05-07,2026-05-07 08:18:44.904795,2026-05-07 06:10:43.485774,-0.349953696489878,-0.06067027109287083,-0.7683682814914786,-0.6611742649992378,-1.1987868111044626,0.36982262576014613,Delivered,5.0
SHP003163,Ahmedabad,Kolkata,Fastship,2026-05-08,2026-05-07,2026-05-08 10:33:37.350998,2026-05-08 05:46:34.199068,-0.5115276011611828,-0.57179966361831,-0.6581220221073806,-0.5652375952528571,-0.7502254567247477,-0.26447740553975335,Delivered,3.0
SHP003858,Lucknow,Lucknow,Ecotrans,2026-05-07,2026-05-07,2026-05-07 15:23:00.849326,2026-05-07 10:48:30.197821,-0.3427184667523168,-0.4896240443799298,-0.25188719599454235,-0.3593917776873064,-0.08565391035715458,-0.21445388804216392,Delivered,5.0
SHP002543,Delhi,Bangalore,Globalline,2026-05-07,2026-05-07,2026-05-07 14:39:25.081417,2026-05-07 14:09:51.411671,-0.41076212998585765,-0.098917951562469,-0.013309650923228843,-0.3904019389868354,0.134094518972497,0.7625485158874967,Delivered,4.0
SHP001550,Mumbai,Mumbai,Fastship,2026-05-06,2026-05-07,2026-05-08 00:17:33.920524,2026-05-07 10:10:15.228094,-0.4439728470677964,-0.4432086680437478,1.0641440564822278,1.0451170222651893,0.6255673514071275,-2.3754234253671918,Delivered,3.0
SHP003665,Kolkata,Jaipur,Globalline,2026-05-07,2026-05-07,2026-05-07 18:55:43.339469,2026-05-07 14:49:40.331111,-0.6883496318204378,-0.5104887099745411,-0.5381548606948777,-0.2080913215260515,-0.604023532974833,-0.10093592312726908,Cancelled,4.0
SHP003525,Pune,Chennai,Ecotrans,2026-05-08,2026-05-07,2026-05-08 12:22:05.547382,2026-05-08 11:11:08.666240,-0.018589743638929724,-0.2758652323659827,-0.7813002193007608,-0.4880823480608119,-0.4763201326142974,0.5974735676334544,Delivered,4.0
SHP001265,Bangalore,Jaipur,Ecotrans,2026-05-07,2026-05-07,2026-05-07 10:39:21.421027,2026-05-07 09:36:33.523721,-0.7616651045002985,-0.7045050546837675,-0.7346414876216988,-0.5611586144429738,-0.7455091186620991,0.6299794515685825,Delayed,3.0
SHP001225,Chennai,Lucknow,Fastship,2026-05-06,2026-05-07,2026-05-08 00:46:43.254683,2026-05-07 19:00:31.169258,-0.8701836927898403,-0.8196035285893777,1.8924482367382454,1.0658555343633522,2.1804957021210014,-0.5003977198504254,Delivered,4.0
SHP003177,Hyderabad,Jaipur,Globalline,2026-05-07,2026-05-07,2026-05-08 15:14:08.331380,2026-05-08 06:27:44.769750,-0.7973597354762894,-0.7893840494212252,0.7996619703262337,0.6585748619497283,0.9015705186998983,-1.2191057114314146,Delivered,3.4301601423487544
SHP001120,Hyderabad,Pune,Fastship,2026-05-08,2026-05-07,2026-05-08 15:20:44.426159,2026-05-08 10:55:42.322323,-0.3442669438700064,-0.3386133242090947,-0.5242446999331409,-0.36100908647513796,-0.43751386907450385,-0.17665888710454286,In Transit,5.0
SHP004689,Hyderabad,Hyderabad,Ecotrans,2026-05-07,2026-05-07,2026-05-07 20:30:38.039665,2026-05-07 16:41:51.723559,-0.9079288503728646,-0.7983527780707862,-0.15432899425948626,-0.14058014402580069,0.03463467138493445,-0.03202035672405071,Delayed,4.0
SHP000036,Delhi,Jaipur,Fastship,2026-05-07,2026-05-07,2026-05-08 06:58:07.267775,2026-05-08 01:09:59.526332,0.2827364759432824,-0.11459401010635285,0.12029862903697904,0.3057548049757702,-0.016489496824519074,-0.508086115295683,Cancelled,4.0
SHP003680,Kolkata,Mumbai,Fastship,2026-05-07,2026-05-07,2026-05-07 07:08:16.336833,2026-05-07 06:29:57.836640,0.23270693312344531,-0.10933780734237132,-1.205258236918393,-0.7113043144143446,-1.08692101657172,0.727659678384485,Cancelled,2.0
SHP002752,Bangalore,Bangalore,Fastship,2026-05-07,2026-05-07,2026-05-07 08:25:15.238687,2026-05-07 08:15:43.506722,-0.24963382229168546,-0.18056602099415073,-0.7640554637712988,-0.6565468219818966,-1.109862679990547,0.8424490097893672,In Transit,3.0
SHP001840,Hyderabad,Ahmedabad,Fastship,2026-05-07,2026-05-07,2026-05-07 21:43:16.623713,2026-05-07 18:52:34.312413,-0.8963372445947095,-0.8372433787821663,-0.06472115091432906,-0.08890874234499792,-0.08126137573469248,0.19958373223659964,Cancelled,4.0
SHP001097,Ahmedabad,Mumbai,Globalline,2026-05-07,2026-05-07,2026-05-08 03:32:56.603755,2026-05-08 05:50:45.859866,1.9097151529313643,1.4383237905635666,-0.01873690974521123,0.15981078770740853,0.5986669785075346,1.350000480688524,Delivered,4.0
SHP002972,Delhi,Chennai,Fastship,2026-05-06,2026-05-07,2026-05-07 00:31:00.952614,2026-05-07 01:23:56.486988,-0.36891519186260835,-0.2932951054568695,0.17202828951236623,0.0304047722348198,0.24303114061090283,1.0915537771083956,Delivered,5.0
SHP003480,Ahmedabad,Kolkata,Ecotrans,2026-05-07,2026-05-07,2026-05-07 21:35:27.644245,2026-05-07 15:40:49.284899,-0.7192084296237715,-0.7232624246493514,0.15662181553010743,-0.09446853566110557,0.3405075014839508,-0.5340529863517257,Delivered,3.0
SHP002467,Lucknow,Pune,Ecotrans,2026-05-09,2026-05-08,2026-05-09 20:05:42.188053,2026-05-09 12:54:32.892461,0.45678227017798795,0.0826278754401481,0.277626517563086,-0.15831359798101755,0.24759215701365106,-0.8392418899089551,Delivered,3.0
SHP001295,Kolkata,Hyderabad,Fastship,2026-05-09,2026-05-08,2026-05-10 06:59:32.759473,2026-05-09 21:49:24.982021,-0.4344152979791988,-0.5667424462701305,0.9904406486494776,0.30676831666866394,0.7871211368723113,-1.3137824487796508,Delayed,3.0
SHP004651,Pune,Kolkata,Globalline,2026-05-06,2026-05-08,2026-05-17 07:26:20.107126,2026-05-13 14:54:26.863395,2.3431147365569016,2.1781026516857898,4.186653357240854,10.568620438782549,4.5754637963008,-2.3754234253671918,Delivered,5.0
SHP003847,Bangalore,Mumbai,Fastship,2026-05-08,2026-05-08,2026-05-11 05:29:18.720108,2026-05-10 17:49:37.321619,0.24130569704641147,-0.1451322666883089,3.1778907134977876,2.2911437728291104,3.1981248399157782,-1.910316449356603,Delivered,3.0
SHP002051,Chennai,Jaipur,Ecotrans,2026-05-08,2026-05-08,2026-05-08 08:14:17.290996,2026-05-08 11:07:34.071562,-0.4111010819937123,-0.5472470802383338,-1.123581941284629,-0.66434685039723,-1.0234361576784385,1.350000480688524,Delivered,4.0
SHP003190,Chennai,Mumbai,Ecotrans,2026-05-09,2026-05-08,2026-05-10 03:09:16.469072,2026-05-09 18:46:11.798270,0.8641552960526149,0.4637859829417143,0.2417768811358836,0.14297496468591994,0.22456897222112496,-1.1261124884552607,Delivered,3.0
SHP002069,Chennai,Chennai,Fastship,2026-05-08,2026-05-08,2026-05-08 10:14:01.582061,2026-05-08 10:57:24.433308,-0.2595204574243405,-0.4214847476492308,-0.6212538370693481,-0.5791764406110095,-0.4773279017358729,1.0534838658202275,Delivered,4.0
SHP002302,Bangalore,Bangalore,Ecotrans,2026-05-08,2026-05-08,2026-05-08 06:58:32.521549,2026-05-08 03:46:21.261694,-0.5123686759091653,-0.5773834984803528,-0.8707600799272829,-0.718225496547013,-0.5403801191402814,0.11389907552091029,Cancelled,5.0
SHP001312,Kolkata,Lucknow,Fastship,2026-05-06,2026-05-08,2026-05-08 21:59:11.995027,2026-05-08 10:27:38.879052,0.38187229715749116,-0.03987205688765495,2.620555201330536,1.9709766441173364,2.6652671879081966,-1.877857186781641,Delivered,3.0
SHP003323,Lucknow,Pune,Ecotrans,2026-05-08,2026-05-08,2026-05-11 21:50:21.892483,2026-05-12 00:54:32.102232,-0.5467589132116653,-0.5981666483394258,-0.8426304551231565,2.988971918567298,-0.7055639805908213,1.350000480688524,Delivered,5.0
SHP000772,Delhi,Pune,Ecotrans,2026-05-08,2026-05-08,2026-05-08 08:13:26.676014,2026-05-08 06:44:13.691907,1.3716195885027564,0.7337707760114639,-0.959444172670518,-0.6649468955079453,-1.240511395798717,0.5246085910471124,Delivered,1.0
SHP001652,Ahmedabad,Lucknow,Ecotrans,2026-05-08,2026-05-08,2026-05-09 09:38:44.019277,2026-05-09 02:20:10.073192,2.4920634135324464,1.3586726390330675,1.026983795479982,0.4199993514518758,0.8854605283878388,-0.8688006529048663,Delayed,3.4301601423487544
SHP000674,Pune,Jaipur,Fastship,2026-05-08,2026-05-08,2026-05-08 20:36:55.197937,2026-05-08 16:24:51.121465,-0.24663009662796884,-0.33228358350056025,0.6515174885097929,-0.13610889916153626,0.6901115264485367,-0.12493843065874417,Delivered,1.0
SHP002151,Delhi,Pune,Ecotrans,2026-05-08,2026-05-08,2026-05-08 13:28:50.699484,2026-05-08 09:06:52.877728,-0.6590966690644415,-0.6849975150610593,-0.09243522389792475,-0.4406009135430285,-0.22220936061563998,-0.1644084782713887,Delivered,1.0
SHP000753,Kolkata,Pune,Globalline,2026-05-07,2026-05-08,2026-05-08 23:35:37.351110,2026-05-08 13:25:33.913685,-0.2310070634591766,-0.17982424636075386,1.8694345281921783,1.0152828679598713,1.854054403414997,-1.5528089710234725,Cancelled,2.0
SHP003754,Bangalore,Ahmedabad,Fastship,2026-05-08,2026-05-08,2026-05-08 19:24:26.098206,2026-05-08 17:08:35.909329,-0.5286538260083093,-0.5503107974702541,-0.5145565834668073,-0.18766786342397124,-0.5628669582600712,0.3386604943979498,In Transit,5.0
SHP001313,Lucknow,Pune,Fastship,2026-05-08,2026-05-08,2026-05-08 10:30:15.949625,2026-05-08 07:36:14.814224,0.004253299495836832,-0.2680269601723923,-0.4179865690608645,-0.5676252264412239,-0.27997882478300173,0.1863666222325541,In Transit,2.0
SHP002138,Kolkata,Jaipur,Fastship,2026-05-08,2026-05-08,2026-05-09 02:10:43.473386,2026-05-08 17:23:08.781179,-0.7001676175576395,-0.6495995906472342,0.05869858329305684,0.10132808826238644,0.09729998993794592,-1.2238342159544162,Delivered,4.0
SHP003290,Pune,Kolkata,Globalline,2026-05-08,2026-05-08,2026-05-09 19:04:16.758925,2026-05-09 04:59:09.708538,2.109625550393807,2.1447408838257283,3.3206968317431778,0.8222749990688824,3.3642747866647014,-2.3754234253671918,Delivered,3.0
SHP001184,Pune,Bangalore,Globalline,2026-05-08,2026-05-08,2026-05-08 03:28:07.791474,2026-05-08 01:59:32.377593,1.480915432943752,1.6253308057998648,-1.3332735226743626,-0.8678927948540968,-1.1807500910875666,0.5271061243311628,Delayed,2.0
SHP002452,Bangalore,Kolkata,Fastship,2026-05-08,2026-05-08,2026-05-09 05:54:35.880432,2026-05-09 04:36:24.191782,1.198127992511707,1.1607226576046792,0.24375843057500682,0.26057046892141456,0.181592087286064,0.5685691308226428,Delivered,4.0
SHP001571,Mumbai,Bangalore,Ecotrans,2026-05-09,2026-05-09,2026-05-09 18:20:50.062571,2026-05-09 15:30:13.678172,-0.19454606156188928,0.17308954482033642,-0.14493150369514446,-0.23290730539258706,-0.14168239137915944,0.19997773126441404,Cancelled,4.0
SHP004541,Delhi,Pune,Globalline,2026-05-08,2026-05-09,2026-05-09 07:45:51.257196,2026-05-09 11:04:27.091688,3.3071699771853837,4.3855583421351385,0.5941758012954929,0.3397076543804439,0.9776708883441693,1.350000480688524,In Transit,3.0
SHP002176,Ahmedabad,Hyderabad,Fastship,2026-05-09,2026-05-09,2026-05-09 19:12:45.513182,2026-05-09 15:14:11.964245,-0.06224739823732673,-0.14514532780744743,0.49127074838481805,-0.19597336121004447,0.30183317048466646,-0.0710574799212735,Delayed,3.0
SHP000590,Lucknow,Jaipur,Ecotrans,2026-05-09,2026-05-09,2026-05-09 09:33:33.424938,2026-05-09 11:00:40.933662,-0.5393526638240599,-0.5684352887731999,-0.9169414838581026,-0.6079624593448825,-1.0808464686820958,1.2279616400033966,Delayed,3.4301601423487544
SHP004834,Hyderabad,Chennai,Ecotrans,2026-05-09,2026-05-09,2026-05-09 04:04:28.020972,2026-05-09 02:47:43.578365,-0.696286933480099,-0.6260132793628651,-1.2967755513416948,-0.8420459801707177,-0.9132031395578332,0.5743689334720647,Delayed,3.0
SHP001649,Bangalore,Ahmedabad,Ecotrans,2026-05-09,2026-05-09,2026-05-09 11:11:54.219602,2026-05-09 07:47:37.799961,0.49974804762070746,0.43229430441532735,-0.4389256592574254,-0.5380080135911104,-0.4497011677363231,0.0656930652139801,Delivered,2.0
SHP004797,Pune,Chennai,Ecotrans,2026-05-09,2026-05-09,2026-05-09 11:06:13.423568,2026-05-09 09:05:20.420521,-0.2607448101496721,-0.4546742698764563,-0.8229196226806959,-0.5420481808982921,-0.8639439642923327,-0.8395533667070703,Delivered,3.4301601423487544
SHP002187,Bangalore,Lucknow,Ecotrans,2026-05-08,2026-05-09,2026-05-09 03:24:24.230504,2026-05-09 02:41:27.559439,-0.6519799460165241,-0.558051455901662,0.007737416801285281,0.15373655722713367,-0.2209686165700119,0.7091678808777769,Cancelled,1.0
SHP002248,Mumbai,Kolkata,Fastship,2026-05-09,2026-05-09,2026-05-09 16:28:36.704180,2026-05-09 12:30:45.852398,-0.35946578070926166,-0.4045368915110508,-0.2112655225379391,-0.31273186821242527,-0.031009489728158708,-0.0682191268662042,Delivered,4.0
SHP004361,Ahmedabad,Lucknow,Fastship,2026-05-09,2026-05-09,2026-05-10 05:10:11.876501,2026-05-10 02:44:46.601999,0.4862530233881611,0.043337876831998634,0.014042875029262334,0.22898846529273872,0.0022005460652784856,0.30043087369733734,In Transit,4.0
SHP000721,Hyderabad,Mumbai,Fastship,2026-05-09,2026-05-09,2026-05-09 06:10:06.200553,2026-05-09 05:27:49.066167,2.082155054120082,1.474598987864928,-0.9960504296613544,-0.7526801905415177,-1.0101363309938425,0.7117961368734504,Delayed,3.0
SHP000321,Mumbai,Delhi,Fastship,2026-05-09,2026-05-09,2026-05-09 10:53:21.590108,2026-05-09 09:51:06.416623,0.4560254140101766,0.24709642622128872,-0.9157076501676612,-0.5511983352302677,-0.8974617601639205,0.6321548133065927,In Transit,3.0
SHP002284,Mumbai,Bangalore,Fastship,2026-05-09,2026-05-09,2026-05-09 19:16:41.593380,2026-05-09 19:04:54.955981,-0.21211460274330118,-0.2560565735506703,0.14949826923699794,-0.19317460945657233,-0.29540092497775905,0.8334809825112179,Cancelled,3.0
SHP004726,Kolkata,Lucknow,Ecotrans,2026-05-10,2026-05-09,2026-05-10 11:02:45.709332,2026-05-10 08:32:21.561714,1.052179174189206,1.4008704065097042,-0.8363511306762172,-0.5445106516464944,-0.7076537396357524,0.2805628655858666,Cancelled,1.0
SHP003739,Delhi,Ahmedabad,Fastship,2026-05-09,2026-05-09,2026-05-09 20:48:25.350022,2026-05-09 15:00:33.417333,-0.627493540076386,-0.48960885769825147,-0.4168800818753719,-0.12792708478964857,-0.15713364376673306,-0.5070352062781447,Delivered,3.0
SHP004986,Pune,Kolkata,Fastship,2026-05-09,2026-05-09,2026-05-09 15:08:41.373917,2026-05-09 10:02:51.646799,-0.0901175726962134,-0.35378533669473494,-0.35769741953980966,-0.36958093513476437,-0.27997882478300173,-0.3393680657400692,Delivered,2.0
SHP000353,Kolkata,Mumbai,Fastship,2026-05-09,2026-05-09,2026-05-09 10:27:37.459093,2026-05-09 06:31:04.018611,-0.6423861586327944,-0.6943494185681091,-0.6657278619644648,-0.5695041458095796,-1.047146991707682,-0.06307310250341233,Cancelled,3.4301601423487544
SHP001506,Delhi,Jaipur,Globalline,2026-05-09,2026-05-09,2026-05-09 13:01:00.651326,2026-05-09 14:27:18.217892,-0.49450091780040506,-0.6025471980840233,-0.2581781941717464,-0.46039948305249734,-0.10378839994382053,1.2246416652477938,Delayed,3.4301601423487544
SHP000497,Ahmedabad,Kolkata,Ecotrans,2026-05-08,2026-05-09,2026-05-09 08:51:11.984580,2026-05-09 05:35:25.637935,-0.6841723661956329,-0.6672691447294635,1.2740192428310304,0.3861882263582995,1.364704945912308,0.09960088053575084,Delivered,4.0
SHP000538,Delhi,Mumbai,Ecotrans,2026-05-10,2026-05-09,2026-05-10 09:13:53.905180,2026-05-10 10:22:53.538123,-0.42653656681722874,-0.49078438075608993,-0.8658031839380336,-0.621945771016041,-0.7458882883267339,1.155643576972326,Cancelled,3.0
SHP003932,Pune,Lucknow,Globalline,2026-05-09,2026-05-09,2026-05-09 20:00:06.662229,2026-05-09 13:24:45.597754,-0.0450002263879054,0.015175507979714538,-0.27217239752595507,-0.16229128647067867,-0.4591951732705431,-0.6964352238926326,Delivered,5.0
SHP004061,Jaipur,Bangalore,Globalline,2026-05-11,2026-05-10,2026-05-11 10:01:42.867225,2026-05-11 12:27:18.031917,2.94689538867921,3.0958943719378964,-0.9298355470601068,-0.5879339707109148,-0.8983940679861065,1.350000480688524,Cancelled,5.0
SHP004680,Bangalore,Chennai,Ecotrans,2026-05-10,2026-05-10,2026-05-10 23:33:42.907812,2026-05-10 23:23:26.771268,-0.5683591351012317,-0.5351095440207599,0.18995264981316,-0.010353554784825858,0.09712054483801315,0.8394971533374861,Cancelled,3.0
SHP002110,Hyderabad,Lucknow,Ecotrans,2026-05-10,2026-05-10,2026-05-10 08:03:45.503983,2026-05-10 08:48:05.297674,0.4760387419224544,0.7581312642672263,-1.1178942907549785,-0.6718367416484723,-0.9159758647623147,1.0572691943717556,In Transit,1.0
SHP004975,Lucknow,Bangalore,Fastship,2026-05-11,2026-05-10,2026-05-11 08:45:56.075381,2026-05-11 04:24:44.164109,-0.6059355642944914,-0.519022357145391,-1.0441250686471342,-0.64183659256886,-1.0024750922810535,-0.1613565146798774,Cancelled,3.4301601423487544
SHP004692,Jaipur,Chennai,Fastship,2026-05-10,2026-05-10,2026-05-10 19:19:46.497061,2026-05-10 14:01:33.722366,-0.046395716861629334,0.15116740888170185,-0.09739441746334178,-0.19098255987191556,-0.23393827611213647,-0.3887631919549164,Delivered,3.0
SHP002516,Kolkata,Hyderabad,Ecotrans,2026-05-10,2026-05-10,2026-05-10 11:43:34.614161,2026-05-10 11:00:40.092149,-0.016402040826161653,-0.09658467341203453,-0.6805672029019442,-0.5154786670120395,-0.8400653610144944,0.7093107421796144,Cancelled,3.0
SHP002601,Jaipur,Lucknow,Fastship,2026-05-11,2026-05-10,2026-05-11 15:49:34.129364,2026-05-11 15:47:38.608822,0.2789340843351926,0.5473262944994882,0.10842806285274134,-0.3405033010744093,0.38778694524952617,0.8727763017653695,Delivered,3.0
SHP004055,Jaipur,Lucknow,Ecotrans,2026-05-09,2026-05-10,2026-05-10 16:19:25.809154,2026-05-10 12:51:21.294671,0.027645108007125822,-0.06913987463473291,0.8549499585261703,0.7050169095147363,0.8056915582568497,0.05053014179118349,Delivered,1.0
SHP002750,Delhi,Jaipur,Ecotrans,2026-05-10,2026-05-10,2026-05-11 04:19:06.377930,2026-05-10 19:04:22.104344,1.0859858315290276,0.5585811607227431,-0.07249071287704477,0.1926467069864292,0.06904925388738768,-1.3321629157370811,Delayed,2.0
SHP004718,Lucknow,Hyderabad,Fastship,2026-05-11,2026-05-10,2026-05-11 08:14:25.538508,2026-05-11 05:38:26.107995,-0.831518779778086,-0.8144920245044842,-0.7901651421034804,-0.6642490754009709,-0.8293602641446485,0.2582744665265905,Delivered,4.0
SHP001832,Delhi,Delhi,Fastship,2026-05-10,2026-05-10,2026-05-10 14:20:23.390602,2026-05-10 09:54:26.388552,0.5577384248874714,0.3925927594885297,-0.28319151216637006,-0.40393678517717657,-0.29003532687595307,-0.18030832260966617,Delayed,3.4301601423487544
SHP004757,Chennai,Chennai,Globalline,2026-05-10,2026-05-10,2026-05-10 19:49:06.508272,2026-05-10 14:53:09.428007,-0.3870366140292565,-0.508435505338897,0.312853078435772,-0.1701174703714696,0.28519828852884127,-0.2999710378633915,Delivered,2.0
SHP000530,Pune,Hyderabad,Ecotrans,2026-05-10,2026-05-10,2026-05-11 10:45:45.883824,2026-05-11 15:40:45.867568,-0.5725233885715331,-0.32323788710003004,0.3419571944192602,0.4676789134861997,0.3032811867919243,1.350000480688524,Delivered,2.0
SHP002792,Lucknow,Pune,Fastship,2026-05-10,2026-05-10,2026-05-10 17:04:18.170553,2026-05-10 11:35:56.430525,0.8015515680133751,0.7946165488696314,-0.3044179695236465,-0.28734459381993843,-0.317512715400057,-0.42924501359741035,In Transit,3.0
SHP002474,Jaipur,Mumbai,Globalline,2026-05-11,2026-05-10,2026-05-12 09:00:52.391749,2026-05-12 00:25:46.754816,-0.6467137195581327,-0.6982527125383013,0.2521890409734753,0.39306900499505854,0.20442408951735933,-1.1740397196847288,Delivered,3.0
SHP001526,Ahmedabad,Bangalore,Fastship,2026-05-10,2026-05-10,2026-05-10 20:10:10.692877,2026-05-10 18:31:28.089050,-0.713358982464831,-0.6609740197367548,-0.32816176514752465,-0.15513044939833365,-0.42537418008933514,0.48674232402089523,Cancelled,3.4301601423487544
SHP004090,Ahmedabad,Kolkata,Fastship,2026-05-10,2026-05-10,2026-05-11 01:06:14.813291,2026-05-10 11:05:54.770532,-0.2737024328304492,-0.11771258576237964,0.09398568237284143,0.055464778632277924,0.2845044622648492,-2.3754234253671918,Delivered,3.4301601423487544
SHP004265,Mumbai,Mumbai,Fastship,2026-05-10,2026-05-10,2026-05-11 06:21:27.865883,2026-05-10 17:20:13.665626,-0.7073125617502729,-0.6906645631301003,-0.9799146222763992,0.2796806998681389,-0.8326667077691934,-2.2355722853965436,Delayed,3.4301601423487544
SHP004430,Mumbai,Chennai,Fastship,2026-05-10,2026-05-10,2026-05-10 10:42:43.214414,2026-05-10 10:19:45.763708,-0.5324017224618565,-0.562817077289682,-0.9799206738873777,-0.5587663358828046,-0.9952970598837632,0.7888877303541438,Delayed,3.4301601423487544
SHP003791,Delhi,Hyderabad,Fastship,2026-05-10,2026-05-10,2026-05-10 19:33:19.901561,2026-05-10 13:47:39.267418,-0.9148212288459909,-0.8539040852250798,0.34030694782504917,-0.18133957715696208,0.2630096746247872,-0.498306951921027,In Transit,4.0
SHP000624,Ahmedabad,Delhi,Ecotrans,2026-05-11,2026-05-11,2026-05-12 02:36:36.282126,2026-05-11 23:05:48.019708,-0.4370387671857081,-0.16236080994983096,0.530602184858135,0.1197367740321885,0.25004833653838937,0.039644768946820466,Cancelled,3.0
SHP002347,Delhi,Hyderabad,Ecotrans,2026-05-11,2026-05-11,2026-05-12 00:50:54.965949,2026-05-12 02:15:34.013626,-0.20301449134601485,-0.2965512337621825,0.0547143067132874,0.04455990655752152,0.0756052524195251,1.2180924844048266,In Transit,5.0
SHP004669,Delhi,Jaipur,Ecotrans,2026-05-11,2026-05-11,2026-05-12 13:31:21.305604,2026-05-12 15:43:27.029402,5.217084518345409,3.6717546593753903,0.5357077904377806,0.5854642226737642,1.075059103503804,1.350000480688524,In Transit,5.0
SHP002756,Hyderabad,Kolkata,Ecotrans,2026-05-12,2026-05-11,2026-05-12 11:42:07.958344,2026-05-12 06:00:54.690198,-0.4429524587554176,-0.14997840921114103,-0.7082745312683859,-0.5165059794348168,-0.41875539617288426,-2.3754234253671918,In Transit,4.0
SHP002885,Jaipur,Jaipur,Globalline,2026-05-11,2026-05-11,2026-05-11 15:11:26.389875,2026-05-11 14:20:11.906067,-0.7462736020712567,-0.7171549812805651,-0.27483493630120204,-0.36762465627076985,-0.4462189900735515,0.6760750830099438,Cancelled,3.0
SHP003990,Jaipur,Ahmedabad,Ecotrans,2026-05-11,2026-05-11,2026-05-11 04:22:16.265745,2026-05-11 04:34:04.623644,-0.17275895390484308,-0.29012119756642113,-1.207173269258527,-0.8293818433347424,-1.1028251454382523,0.9275447726393232,Delayed,3.0
SHP001127,Mumbai,Bangalore,Ecotrans,2026-05-11,2026-05-11,2026-05-12 15:40:44.095102,2026-05-12 12:09:08.950063,0.33459845085666134,0.23816877540773881,1.3236467255720665,0.6774927828567922,1.4424363867059542,0.03652818118950934,Delivered,3.0
SHP004915,Chennai,Mumbai,Globalline,2026-05-11,2026-05-11,2026-05-11 05:39:37.846853,2026-05-11 03:14:56.721176,0.7534917375278288,0.2950189936698494,-1.0036536536045364,-0.774355486332768,-1.2875076075656864,0.30336572854460936,Delayed,2.0
SHP001222,Kolkata,Lucknow,Ecotrans,2026-05-12,2026-05-11,2026-05-12 21:15:13.407512,2026-05-12 17:23:09.298354,-0.38152890916299387,-0.480577429132061,0.1573915386808908,-0.10886342016338847,0.10795861889427927,-0.04516892630475722,Delayed,5.0
SHP000358,Chennai,Delhi,Fastship,2026-05-12,2026-05-12,2026-05-12 18:36:35.984472,2026-05-12 15:07:18.505071,-0.7196323946621713,-0.7442282788303537,-0.5645208274486917,-0.22169331709579154,-0.3552821573515163,0.04567969688640721,Delivered,3.0
SHP000969,Mumbai,Jaipur,Ecotrans,2026-05-12,2026-05-12,2026-05-12 08:06:03.910750,2026-05-12 06:24:24.050510,0.8893507081760772,0.61804879200765,-0.6635537713204746,-0.6701959171044044,-0.6465507557615183,0.4749589562211156,In Transit,4.0
SHP000390,Kolkata,Pune,Ecotrans,2026-05-12,2026-05-12,2026-05-13 03:23:26.845399,2026-05-13 02:06:15.375970,-0.4115383909736967,-0.296613077662638,0.3769100573749246,0.1530562517070088,0.41234716143178063,0.5725722877050922,Delivered,3.0
SHP003056,Kolkata,Lucknow,Fastship,2026-05-13,2026-05-12,2026-05-14 14:30:43.295393,2026-05-14 06:14:30.151378,-0.7341091529929389,-0.5898740516552723,0.7893572303828501,0.6276919285404351,0.8357079330800488,-1.0987556701116417,Delayed,5.0
SHP004524,Chennai,Chennai,Fastship,2026-05-12,2026-05-12,2026-05-13 09:26:15.715386,2026-05-12 22:47:35.738305,0.06869880138150047,0.2032597865780805,0.8201480840132583,0.4111281422411935,1.082681858077175,-1.6669183438085071,Cancelled,3.4301601423487544
SHP001555,Lucknow,Jaipur,Fastship,2026-05-13,2026-05-12,2026-05-13 11:13:53.907097,2026-05-13 11:53:31.015785,-0.011039433212738646,-0.16237074651086225,-0.7798414633005378,-0.5365891076927614,-1.0311556033341729,1.0384773136975662,Delivered,4.0
SHP000630,Chennai,Delhi,Globalline,2026-05-12,2026-05-12,2026-05-12 16:24:12.579839,2026-05-12 12:08:12.928660,-0.8908437587228099,-0.8447763129034761,-0.4041964928027673,-0.31586308577032035,-0.27997882478300173,-0.1405985885617833,Delivered,5.0
SHP004082,Ahmedabad,Jaipur,Fastship,2026-05-12,2026-05-12,2026-05-13 11:48:39.667888,2026-05-13 10:26:57.912482,0.25021935679337154,0.8384181976191202,1.3338177078674875,0.5124174593350057,1.2782540578336614,0.5546046496139739,Delivered,3.0
SHP002292,Jaipur,Mumbai,Globalline,2026-05-12,2026-05-12,2026-05-12 07:46:36.687089,2026-05-12 09:19:17.007647,-0.1946979858797569,-0.3965222540499942,-1.048533765788174,-0.6840334574611279,-1.0615218347115416,1.2500857718289753,Delivered,3.0
SHP003229,Lucknow,Ahmedabad,Ecotrans,2026-05-12,2026-05-12,2026-05-12 11:04:31.442611,2026-05-12 04:40:53.082685,-0.8422822117087861,-0.7980824069633495,-0.4448790892497987,-0.5432571742099936,-0.6769545481188667,-0.6497219568502421,Delivered,4.0
SHP000083,Hyderabad,Mumbai,Ecotrans,2026-05-11,2026-05-12,2026-05-12 15:59:48.585520,2026-05-12 09:49:28.621704,0.5550200160394123,0.06585293624309865,1.5643293898888402,0.6910608185869068,1.6530723177749254,-0.5966474595453503,Delivered,1.0
SHP002373,Delhi,Jaipur,Ecotrans,2026-05-12,2026-05-12,2026-05-12 10:01:25.786986,2026-05-12 08:21:16.645418,0.4024941372135991,0.24552115022662332,-1.0109095095194551,-0.5881364584693934,-0.946808720345043,0.48098960673689445,Cancelled,4.0
SHP004121,Bangalore,Ahmedabad,Globalline,2026-05-11,2026-05-12,2026-05-12 10:53:13.189407,2026-05-12 08:16:46.637828,-0.43911847678663407,-0.30732839942201845,0.2776233903054492,0.47298176097780237,0.26553260382003363,0.2564715557579961,In Transit,4.0
SHP001605,Delhi,Chennai,Globalline,2026-05-12,2026-05-12,2026-05-12 14:04:55.913656,2026-05-12 11:26:01.716813,0.3744508930857434,0.5231847425762397,-0.021053175050620664,-0.41493210689380833,-0.040852551922096775,0.24665663047454497,Cancelled,3.0
SHP001411,Hyderabad,Bangalore,Ecotrans,2026-05-12,2026-05-12,2026-05-12 04:59:51.531881,2026-05-12 04:45:55.284043,-0.08291669507185463,-0.28377509415884755,-1.1865614448647022,-0.8026454626377965,-1.2766166121405333,0.8248649474263384,In Transit,2.0
SHP003549,Pune,Hyderabad,Fastship,2026-05-12,2026-05-12,2026-05-12 11:25:34.944675,2026-05-12 06:20:45.090499,-0.09583922403450712,-0.2472530011392693,-0.7225567263466419,-0.5282782448284846,-1.0438632120633098,-0.3353879282381283,In Transit,4.0
SHP004239,Mumbai,Hyderabad,Fastship,2026-05-13,2026-05-12,2026-05-14 10:18:42.570178,2026-05-14 02:52:08.810909,-0.28761697603280745,-0.16225499175167438,0.537115147569091,0.4484343857884768,0.7061734704518046,-0.9006969049307678,Cancelled,3.0
SHP001516,Delhi,Pune,Ecotrans,2026-05-12,2026-05-12,2026-05-13 14:08:21.036590,2026-05-13 09:14:57.024209,0.5691474633412181,0.40459169718736593,0.49141520858598325,0.611779331010485,0.6107290913276598,-0.28979563633641825,Cancelled,3.0
SHP002876,Ahmedabad,Pune,Globalline,2026-05-13,2026-05-12,2026-05-13 13:53:28.568375,2026-05-13 12:39:54.418247,0.04777598335789715,-0.19792640002510467,-0.515176346317075,-0.42308064634639064,-0.37924918802516283,0.5870188919792855,Delivered,3.0
SHP001024,Hyderabad,Bangalore,Ecotrans,2026-05-12,2026-05-12,2026-05-15 01:23:02.709386,2026-05-14 00:49:33.450735,-0.4485934095179737,-0.5415086055199306,2.883858918494805,2.1159728510522533,2.9685753789411065,-2.3754234253671918,Delivered,4.0
SHP000662,Bangalore,Delhi,Fastship,2026-05-12,2026-05-12,2026-05-12 15:34:25.295686,2026-05-12 16:27:35.709796,-0.5900491265906177,-0.6508048936700154,-0.7151968860573106,-0.35127760518971796,-0.7806313359147454,1.0925429283559254,Delivered,5.0
SHP000251,Jaipur,Delhi,Ecotrans,2026-05-13,2026-05-13,2026-05-13 04:39:53.094481,2026-05-13 04:01:47.442144,-0.6771299785825827,-0.6515796247987846,-1.0632511378763858,-0.8168530446423647,-1.0705582140401018,0.7285137575691213,Delayed,3.0
SHP003220,Lucknow,Pune,Fastship,2026-05-12,2026-05-13,2026-05-13 20:41:17.561694,2026-05-13 20:18:17.073492,-0.39259404408179344,-0.2634067487486964,1.7335734153672675,0.8912811337951528,1.4082648112176213,0.7886858085621331,Delivered,3.0
SHP001644,Bangalore,Mumbai,Fastship,2026-05-13,2026-05-13,2026-05-13 18:44:03.999803,2026-05-13 23:39:31.141785,-0.18302475296242432,-0.31610471445041993,-0.5357444987670256,-0.21638205548971637,-0.5388136459558805,1.350000480688524,Delivered,2.0
SHP000929,Pune,Pune,Ecotrans,2026-05-13,2026-05-13,2026-05-14 00:03:56.798524,2026-05-13 22:53:13.451577,0.8376823128377935,0.3374648208652124,-0.25635121033201785,0.011150280985743131,-0.16127881108435366,0.5983732721623898,Delivered,3.0
SHP003241,Bangalore,Lucknow,Ecotrans,2026-05-13,2026-05-13,2026-05-14 07:53:29.355419,2026-05-13 22:04:26.312963,-0.10277111119647817,-0.2340310529310764,0.46115296654908955,0.34513844958203943,0.6025832676476108,-1.4690224538455654,Delivered,3.4301601423487544
SHP000084,Mumbai,Bangalore,Globalline,2026-05-13,2026-05-13,2026-05-13 06:07:52.733986,2026-05-13 05:03:09.596724,-0.2925153010774384,-0.21419957555490327,-1.1297084188598048,-0.7542624485727093,-1.0397627137043584,0.6223187144262912,Delayed,2.0
SHP004470,Bangalore,Lucknow,Fastship,2026-05-13,2026-05-13,2026-05-13 09:32:14.431334,2026-05-13 07:28:26.496573,-0.33230200435071283,-0.1606621185333718,-0.8946922198131936,-0.6088989355437646,-0.6963786182566536,0.38667334623046823,In Transit,3.0
SHP003121,Pune,Lucknow,Globalline,2026-05-13,2026-05-13,2026-05-14 22:18:12.332779,2026-05-15 03:16:09.426229,-0.5266254884170097,-0.3506647489501535,1.3318698650632286,0.9602157623681671,1.2614433683728594,1.350000480688524,Delivered,3.0
SHP000338,Ahmedabad,Bangalore,Globalline,2026-05-13,2026-05-13,2026-05-14 19:43:52.883750,2026-05-14 13:56:58.263608,0.3019122428225017,-0.055988757537891044,1.395924102950584,0.8504441702888379,1.2962749703536232,-0.5032252746124104,Delayed,3.4301601423487544
SHP001581,Ahmedabad,Bangalore,Fastship,2026-05-13,2026-05-13,2026-05-13 14:35:32.477966,2026-05-13 14:56:11.883130,-0.69297473432393,-0.7091403443217149,-0.5029075935650613,-0.3931594735871613,-0.3901077332245064,0.9628468818079321,Delivered,4.0
SHP003253,Chennai,Delhi,Ecotrans,2026-05-13,2026-05-13,2026-05-14 09:37:58.746088,2026-05-14 08:26:23.458397,0.45944650368271245,0.08129717715803815,0.5382369869877524,0.4194626337592664,0.5921948289014408,0.5949204386090773,Delivered,5.0
SHP001416,Lucknow,Pune,Ecotrans,2026-05-12,2026-05-13,2026-05-13 19:16:45.970323,2026-05-13 11:13:04.551765,-0.6446297952391913,-0.6999275135808868,1.4947889995213968,0.8311569668531943,1.3532763340379685,-1.048783669695,Delayed,3.0
SHP002582,Mumbai,Delhi,Globalline,2026-05-13,2026-05-13,2026-05-16 00:21:44.869339,2026-05-14 19:47:31.444306,-0.08395927480517475,0.02516152171346757,2.314431109336134,2.0723717300668185,2.4034039241557257,-2.3754234253671918,Delivered,4.0
SHP000686,Jaipur,Delhi,Globalline,2026-05-13,2026-05-13,2026-05-13 17:06:55.001263,2026-05-13 14:58:15.400834,-0.8038145801265542,-0.7973160333606175,-0.32675951228439476,-0.285485351809518,-0.5241238346797056,-1.9626292628932922,Delivered,3.0
SHP000821,Lucknow,Ahmedabad,Fastship,2026-05-13,2026-05-13,2026-05-13 20:10:16.481670,2026-05-13 17:42:08.429977,-0.3163253128476622,-0.48476939236284095,0.3477229897311395,-0.15506182274984967,0.44355281106442174,0.28961003241715194,Cancelled,4.0
SHP004906,Kolkata,Jaipur,Fastship,2026-05-13,2026-05-13,2026-05-13 12:04:52.795413,2026-05-13 07:20:08.904906,0.13436020482238706,0.03855394023044149,-0.8938944889203785,-0.500325714547262,-1.0676666697529988,-0.255219807804603,Delivered,4.0
SHP000280,Hyderabad,Kolkata,Globalline,2026-05-13,2026-05-13,2026-05-14 10:55:50.879101,2026-05-14 06:12:51.321300,0.12581335078779576,0.11460642190082375,0.2795626285335793,0.4748511863211537,0.5317068534405294,-0.24828414535077542,Delayed,1.0
SHP000873,Jaipur,Hyderabad,Ecotrans,2026-05-13,2026-05-13,2026-05-14 00:23:29.744294,2026-05-13 12:24:05.814350,-0.6085246292650752,-0.6729975129623577,0.1241139144307979,0.025055657448178212,-0.2736487276502261,-1.9889268806140243,Cancelled,3.4301601423487544
SHP003473,Bangalore,Jaipur,Ecotrans,2026-05-13,2026-05-13,2026-05-13 19:06:27.361853,2026-05-13 14:47:17.963599,-0.24188939500665707,0.15606074477961399,0.10056554451854163,-0.20045637886038206,0.18162261017429884,-0.15321229057581054,In Transit,5.0
SHP002031,Pune,Bangalore,Fastship,2026-05-13,2026-05-13,2026-05-13 13:38:04.438332,2026-05-13 13:08:33.027160,0.25439353200928283,0.8674352476066746,-0.7583258203534324,-0.43403629022987833,-0.27997882478300173,0.7626986577508832,Delivered,5.0
SHP000145,Kolkata,Pune,Globalline,2026-05-14,2026-05-13,2026-05-15 04:00:16.552661,2026-05-15 04:22:53.891707,-0.5043952114735217,-0.4891381183795119,0.2015413843224213,0.17925252790101873,0.31911746748745584,0.9706867014462873,Cancelled,2.0
SHP000491,Pune,Pune,Globalline,2026-05-14,2026-05-13,2026-05-14 19:32:27.552914,2026-05-14 10:22:57.543682,0.18456261561624876,-0.011503444837001863,-0.4090572600667062,-0.1819601750153088,-0.26487221213679146,-1.3112717535677203,Delivered,4.0
SHP003255,Lucknow,Mumbai,Ecotrans,2026-05-13,2026-05-13,2026-05-13 06:55:35.027768,2026-05-13 05:25:21.620674,-0.6210112573783263,-0.4316696920600003,-0.7999616960798579,-0.7203297011193114,-0.9548727950322508,0.5205918885350161,In Transit,3.0
SHP004411,Delhi,Jaipur,Fastship,2026-05-14,2026-05-14,2026-05-14 16:41:11.409602,2026-05-14 13:22:56.894906,0.3402132116860414,0.1227155981462752,-0.18016146645467224,-0.30378476828156403,-0.4811032467210398,0.08975120225579199,Delayed,4.0
SHP004833,Jaipur,Lucknow,Globalline,2026-05-14,2026-05-14,2026-05-14 10:49:54.341445,2026-05-14 09:49:55.314199,-0.21735824839030424,-0.4096770460926511,-0.9491878733107328,-0.553655286578335,-0.8321481251388047,0.6412053248313503,Delivered,3.0
SHP002857,Jaipur,Delhi,Ecotrans,2026-05-14,2026-05-14,2026-05-15 20:47:39.166970,2026-05-16 01:48:22.833694,-0.30918037388741676,-0.4637629606691366,0.9056337760281397,0.895805098291367,0.6056119890864986,1.350000480688524,Delayed,1.0
SHP001433,Chennai,Lucknow,Fastship,2026-05-14,2026-05-14,2026-05-15 19:54:39.605263,2026-05-15 10:30:34.089825,-0.7092144302468246,-0.5239187077548335,1.5512969751862482,0.8581111113550941,1.3682595115842822,-1.3694722522785212,Delivered,3.0
SHP004391,Delhi,Hyderabad,Ecotrans,2026-05-14,2026-05-14,2026-05-15 01:01:25.849887,2026-05-14 20:49:10.922571,-0.5799406273531924,-0.5698968363009264,0.1746959151770511,0.05203909176535601,0.11496846628818655,-0.12565975567952084,In Transit,5.0
SHP004737,Lucknow,Lucknow,Fastship,2026-05-14,2026-05-14,2026-05-14 17:43:35.859169,2026-05-14 17:29:57.046593,-0.16466590289977684,-0.2818553119686701,-0.6306761288412308,-0.25939398551517173,-0.689085401849094,0.8260239808364951,Cancelled,3.0
SHP001789,Hyderabad,Bangalore,Fastship,2026-05-15,2026-05-14,2026-05-15 23:50:33.939255,2026-05-15 21:01:15.652396,0.26609414833642714,0.7616958989960604,0.3062065891807593,0.0016323129236509146,0.501572810076343,0.20516937439034144,Delayed,3.0
SHP003900,Pune,Delhi,Fastship,2026-05-14,2026-05-14,2026-05-14 14:33:55.451923,2026-05-14 10:40:46.511135,-0.4749306068875329,-0.5587758478055384,-0.2751311323353466,-0.39430972596280556,-0.6128073342538454,-0.04947869952209765,Delivered,3.4301601423487544
SHP003526,Hyderabad,Chennai,Ecotrans,2026-05-14,2026-05-14,2026-05-14 12:42:16.951532,2026-05-14 08:52:22.348041,0.5010933244582592,1.1564725675560075,-0.8602297046344434,-0.4737210440873442,-0.27997882478300173,-0.03655985608501414,Cancelled,3.0
SHP003812,Kolkata,Delhi,Ecotrans,2026-05-15,2026-05-14,2026-05-16 03:16:02.068518,2026-05-16 00:53:48.671118,-0.19817557685501314,-0.3696051295708833,0.1484408897254043,0.14778338220390577,0.012727403243348444,0.3131861722332602,Delivered,5.0
SHP003530,Kolkata,Hyderabad,Globalline,2026-05-14,2026-05-14,2026-05-14 18:45:08.068948,2026-05-14 15:40:41.706680,-0.4510601757903673,-0.37645489191195725,-0.4060038942014801,-0.2156225100803411,-0.4544622823009892,0.14480379238918528,Delivered,5.0
SHP001275,Bangalore,Mumbai,Fastship,2026-05-14,2026-05-14,2026-05-14 06:39:09.212686,2026-05-14 04:30:36.084371,0.5827504038492772,0.09546867212269268,-1.0917275066433587,-0.7320166266207646,-1.1058636060642226,0.3677147061224327,Cancelled,2.0
SHP000780,Jaipur,Kolkata,Ecotrans,2026-05-13,2026-05-14,2026-05-14 09:56:28.042462,2026-05-14 05:46:03.286191,-0.5622044255386333,-0.34234104233439955,0.705944209180427,0.4326134409787011,0.9857602392832494,-0.11833598148060887,Delayed,2.0
SHP000189,Delhi,Lucknow,Fastship,2026-05-15,2026-05-14,2026-05-15 16:41:11.377486,2026-05-15 11:02:11.446883,-0.533261254066954,-0.5926207951568757,-0.632520651629793,-0.30378514902276577,-0.6362457402664811,-0.4716696240490381,Delivered,2.0
SHP001321,Ahmedabad,Pune,Globalline,2026-05-14,2026-05-14,2026-05-14 03:12:39.545735,2026-05-14 03:17:27.985935,0.05321485292692005,0.5047180452142378,-1.38452667319101,-0.8788972306677818,-0.27997882478300173,0.8996301566927952,In Transit,3.0
SHP001780,Hyderabad,Delhi,Fastship,2026-05-14,2026-05-14,2026-05-14 21:57:48.980379,2026-05-14 14:22:28.140195,-0.484209139537131,-0.5994772977314553,0.17063855039175393,-0.0785668764481574,0.32531781537304094,-0.9357353454394864,Delayed,5.0
SHP000265,Pune,Bangalore,Fastship,2026-05-14,2026-05-14,2026-05-15 00:39:47.205149,2026-05-15 01:32:29.974650,-0.3640038780910654,-0.45605623503632164,-0.07307813888920232,0.036643542851097326,0.0570587968103038,1.090705214334667,Delayed,3.0
SHP003735,Kolkata,Kolkata,Fastship,2026-05-14,2026-05-14,2026-05-15 07:39:50.771740,2026-05-15 00:47:04.757616,-0.083655587121195,-0.09960472324563063,0.4602678542920423,0.33543406723392866,0.24794493719960972,-0.765899712302525,Delivered,3.0
SHP004679,Ahmedabad,Chennai,Fastship,2026-05-14,2026-05-14,2026-05-14 08:31:42.011771,2026-05-14 06:05:56.076677,-0.6482967973640208,-0.4721706792515538,-0.6789469925494519,-0.6519615926500717,-0.41161653094220807,0.29905743196749035,In Transit,3.0
SHP001687,Delhi,Delhi,Globalline,2026-05-14,2026-05-14,2026-05-15 08:19:01.222878,2026-05-15 01:08:36.091756,-0.037070896090316545,0.2701553938577465,0.2555109738086945,0.3632988745924102,0.5640866904092883,-0.8363059950384416,Delivered,3.0
SHP001717,Mumbai,Delhi,Ecotrans,2026-05-14,2026-05-14,2026-05-14 12:37:05.727099,2026-05-14 11:17:11.251714,1.1125426812286567,0.708128467608709,-0.8980455645878279,-0.47741063743258855,-0.8595718190939569,-0.3622202432630831,Delivered,4.0
SHP003046,Bangalore,Mumbai,Ecotrans,2026-05-14,2026-05-14,2026-05-14 10:41:20.443189,2026-05-14 09:54:45.478331,-0.08893584116383163,-0.3374487451121815,-0.4766008958454941,-0.5597475961243923,-0.5640330433711382,0.6946564958858673,Cancelled,5.0
SHP002665,Pune,Pune,Ecotrans,2026-05-15,2026-05-14,2026-05-15 14:11:54.609311,2026-05-15 13:07:33.321029,0.9260129813931647,0.9846778454582439,-0.7811222806935871,-0.40996843265106286,-0.5690700290169519,0.62377115590941,Delivered,4.0
SHP002800,Kolkata,Chennai,Ecotrans,2026-05-14,2026-05-14,2026-05-14 06:08:16.058096,2026-05-14 03:51:26.742652,0.5502012225893724,0.23418318337554486,-1.1545239257981574,-0.7539859391674143,-1.1337472524953403,0.33472997321731807,Cancelled,4.0
SHP002032,Bangalore,Bangalore,Fastship,2026-05-15,2026-05-15,2026-05-16 16:52:52.665080,2026-05-16 10:08:42.777530,-0.5794132247358017,-0.43447239762952317,2.388777612149791,0.7288083650737037,2.4137133871750875,-0.7315894769223122,Delivered,3.0
SHP001830,Jaipur,Ahmedabad,Ecotrans,2026-05-15,2026-05-15,2026-05-16 18:11:40.905169,2026-05-16 02:02:52.259377,-0.7376319872428635,-0.6434388246659719,0.7685927066044436,0.7848620720146364,0.6753247730561774,-2.3754234253671918,Delivered,2.0
SHP002717,Pune,Hyderabad,Globalline,2026-05-15,2026-05-15,2026-05-16 15:03:56.668422,2026-05-16 04:38:38.477380,-0.648445957394685,-0.6880027119054805,2.3239666144935103,0.6513235431588524,2.649204289686134,-1.6136184962353457,In Transit,4.0
SHP004399,Hyderabad,Hyderabad,Fastship,2026-05-15,2026-05-15,2026-05-15 12:48:46.694515,2026-05-15 12:36:18.063481,-0.740673047683046,-0.7411661787639526,-0.8326079889735022,-0.4691006063387567,-0.7167817329697105,0.830689396931436,In Transit,4.0
SHP001770,Jaipur,Delhi,Ecotrans,2026-05-16,2026-05-15,2026-05-17 14:55:52.553889,2026-05-16 23:55:57.755511,-0.7980689777625414,-0.7910901408480794,0.5076123902423345,0.645584322303769,0.56793900532439,-2.3754234253671918,Delivered,5.0
SHP002224,Pune,Hyderabad,Fastship,2026-05-15,2026-05-15,2026-05-15 06:39:33.683517,2026-05-15 05:31:15.255435,-0.6770980729852314,-0.6118437202731423,-1.0227299994391226,-0.7317265227481757,-0.8475429113901372,0.6080069562617155,In Transit,4.0
SHP004203,Mumbai,Jaipur,Fastship,2026-05-15,2026-05-15,2026-05-15 11:27:25.934609,2026-05-15 07:40:58.987927,-0.12866111913776299,-0.3761348472057652,-0.5465176947840843,-0.5269624492806645,-0.28330347259174116,-0.02275557947147578,Delivered,2.0
SHP004962,Mumbai,Delhi,Ecotrans,2026-05-15,2026-05-15,2026-05-15 07:59:18.350347,2026-05-15 04:55:28.640431,-0.433187966389801,-0.2984255455699792,-1.0303113744050867,-0.6750038717635727,-1.1350408168819406,0.14724030871620244,Delivered,3.4301601423487544
SHP000165,Lucknow,Bangalore,Ecotrans,2026-05-15,2026-05-15,2026-05-16 12:10:28.498780,2026-05-16 13:11:43.017213,-0.5756325810278247,-0.638669280369861,0.8385728936717285,0.5279337660113947,0.9202591865285161,1.1247244398444396,Delivered,3.0
SHP002683,Ahmedabad,Delhi,Ecotrans,2026-05-16,2026-05-15,2026-05-17 14:29:25.268401,2026-05-16 18:00:14.479216,-0.4624000055470907,-0.45328811912629263,2.3138236616172967,0.6267669116088843,2.2906855101581627,-2.3754234253671918,Delayed,1.0
SHP003835,Kolkata,Jaipur,Fastship,2026-05-16,2026-05-15,2026-05-16 10:45:49.802539,2026-05-16 10:51:56.825228,-0.08712700673908348,0.2817110369328458,-0.6667563624803875,-0.5565543170592473,-0.34483832085104804,0.9048540374812953,Delivered,5.0
SHP000404,Bangalore,Bangalore,Fastship,2026-05-15,2026-05-15,2026-05-16 06:19:14.549103,2026-05-15 18:43:54.353156,-0.14461434551918348,-0.3139877014667387,0.38208364431487074,0.27810021758004316,0.16009708324288116,-1.8929526453027363,Cancelled,4.0
SHP002370,Hyderabad,Chennai,Globalline,2026-05-15,2026-05-15,2026-05-18 17:17:29.857911,2026-05-18 01:12:11.994262,-0.861013290959854,-0.8288218292956548,3.9500660845233826,2.7948799920430507,3.743621763794709,-2.3754234253671918,Cancelled,3.0
SHP000594,Hyderabad,Kolkata,Globalline,2026-05-16,2026-05-15,2026-05-16 18:38:32.385345,2026-05-16 15:59:43.426822,0.1960635002155812,0.010929198648489508,0.006364462166836902,-0.22031337439873824,-0.1884306325552105,0.24700485511797693,Cancelled,4.0
SHP002100,Jaipur,Ahmedabad,Fastship,2026-05-16,2026-05-15,2026-05-17 21:00:19.641328,2026-05-17 13:01:04.626505,-0.7757926755937075,-0.760585218937517,0.9584606890210631,0.9048205894720522,1.342726972142492,-1.0310741090669169,In Transit,2.0
SHP002527,Chennai,Jaipur,Fastship,2026-05-15,2026-05-15,2026-05-15 07:04:57.834454,2026-05-15 04:20:48.027241,0.21553964075844426,0.3526370631736928,-0.870800638854563,-0.7136575777817052,-0.8563856402275511,0.22567599001030111,Delivered,3.0
SHP000693,Pune,Bangalore,Globalline,2026-05-15,2026-05-15,2026-05-15 21:06:00.876559,2026-05-15 16:26:18.446976,-0.5722650776146172,-0.47699427589489907,-0.30368038247060264,-0.1154137237695189,-0.4767417037419823,-0.23517977153943628,Delivered,2.0
SHP000722,Mumbai,Jaipur,Fastship,2026-05-15,2026-05-15,2026-05-15 08:06:36.871620,2026-05-15 07:36:37.121837,-0.8388923016539083,-0.8108524062352488,-0.7030846574010948,-0.6698051630662704,-0.852603080907526,0.7608148089766903,Delivered,3.4301601423487544
SHP004341,Chennai,Lucknow,Ecotrans,2026-05-15,2026-05-15,2026-05-15 13:30:22.730765,2026-05-15 15:22:44.500021,-0.4532403893689258,-0.47710360443529465,-0.2604075949768083,-0.439509874514209,-0.6831671589390537,1.3286242253014862,Delivered,4.0
SHP000346,Delhi,Bangalore,Fastship,2026-05-16,2026-05-16,2026-05-17 10:04:32.144264,2026-05-17 12:19:22.041184,-0.3693266340110266,-0.28046880173109084,1.2209466230406207,0.4383525109132728,1.079022768268082,1.350000480688524,Delayed,5.0
SHP004510,Jaipur,Bangalore,Ecotrans,2026-05-16,2026-05-16,2026-05-16 10:21:03.093060,2026-05-16 08:18:35.694692,0.5523763765743265,0.8915896255556904,-0.6986398938504307,-0.5741793902081032,-0.307521540430761,-1.0546332749724463,Delayed,3.0
SHP002569,Kolkata,Delhi,Fastship,2026-05-15,2026-05-16,2026-05-16 07:00:06.136223,2026-05-16 03:11:15.925376,-0.8718791196781245,-0.780828374987202,0.23797978056614008,0.3071640010078096,0.03828573770589481,-0.03227926507558029,Delivered,5.0
SHP004756,Chennai,Jaipur,Ecotrans,2026-05-17,2026-05-16,2026-05-18 06:10:40.712673,2026-05-18 02:39:47.454856,1.461941106395083,0.605239019495196,1.3482975085757434,0.2720086409799195,1.4505259713179857,0.039312692816386316,Delivered,3.0
SHP002509,Kolkata,Lucknow,Fastship,2026-05-16,2026-05-16,2026-05-16 06:58:24.799572,2026-05-16 05:47:20.177138,0.41895517073565297,0.3547407172457484,-0.8437088052798882,-0.7183170412746334,-0.9730664785255221,0.5969589544279988,Delayed,2.0
SHP004997,Chennai,Kolkata,Ecotrans,2026-05-16,2026-05-16,2026-05-16 08:41:57.834207,2026-05-16 05:40:20.435611,-0.19474064126046442,-0.3362490309279773,-1.0893249012196056,-0.644660962885515,-0.27997882478300173,0.15603588864049164,In Transit,5.0
SHP004772,Lucknow,Bangalore,Ecotrans,2026-05-17,2026-05-16,2026-05-17 10:15:30.836400,2026-05-17 10:11:54.807988,-0.24032802317902857,-0.17446564593816632,-0.838772778672864,-0.5781183224744375,-1.2199101678627653,0.8660949006304924,Delivered,3.0
SHP004774,Kolkata,Ahmedabad,Fastship,2026-05-16,2026-05-16,2026-05-20 00:54:59.872035,2026-05-20 02:47:05.200356,-0.11423609756854046,0.33200946424477457,4.186653357240854,3.120302351798244,4.054022548964685,1.3275312911683936,Delivered,2.0
SHP002667,Lucknow,Jaipur,Globalline,2026-05-17,2026-05-16,2026-05-17 08:20:18.304084,2026-05-17 07:50:31.254349,0.13769122489429428,-0.14015588605333484,-0.817551230278783,-0.6600670081174466,-1.0560431214416106,0.7616590624179401,Delayed,3.4301601423487544
SHP000795,Mumbai,Lucknow,Ecotrans,2026-05-16,2026-05-16,2026-05-16 10:23:23.021706,2026-05-16 08:53:32.861949,-0.5224206967611394,-0.31926273107025716,-0.9254843875474947,-0.5725205236641552,-0.838346150946381,0.5221372877541486,Delivered,2.0
SHP002931,Ahmedabad,Chennai,Fastship,2026-05-16,2026-05-16,2026-05-17 11:32:50.768691,2026-05-17 01:33:08.693040,-0.3938662284189355,-0.35304031844658273,0.788182638326775,0.5011681749279504,0.47863839982111067,-1.5115030786393955,Delivered,3.0
SHP000178,Lucknow,Bangalore,Fastship,2026-05-16,2026-05-16,2026-05-17 03:38:48.237328,2026-05-17 01:09:29.518646,0.1537715854731561,-0.017084716680010253,0.09409858300153624,0.16397943499912826,0.15246181070486453,0.2849123455543924,Delivered,5.0
SHP002017,Delhi,Lucknow,Ecotrans,2026-05-16,2026-05-16,2026-05-16 10:27:46.120897,2026-05-16 10:02:27.830256,-0.4717454466009935,-0.40173228483028817,-0.5079111030946959,-0.5694014593496107,-0.8715431872817088,0.7795251988275578,In Transit,3.0
SHP000464,Delhi,Jaipur,Globalline,2026-05-16,2026-05-16,2026-05-16 14:47:48.095578,2026-05-16 08:50:04.391778,0.14674853527707696,0.6064619529463839,-0.526186849765359,-0.3844386613493457,-0.7651499342426117,-0.5463740179813757,Cancelled,3.0
SHP002935,Ahmedabad,Mumbai,Ecotrans,2026-05-16,2026-05-16,2026-05-16 20:04:43.223302,2026-05-16 11:52:17.149221,-0.9963334497483998,-0.9161746486588092,-0.4198645438903442,-0.15901263034577964,-0.42965063981182494,-1.0836608788806257,Delivered,4.0
SHP002859,Ahmedabad,Hyderabad,Fastship,2026-05-16,2026-05-16,2026-05-16 11:34:14.588784,2026-05-16 07:37:44.807461,-0.19748955526338402,-0.355528849931078,-0.811015383374823,-0.522117817679674,-0.722674477532115,-0.06282985479459809,Delivered,4.0
SHP000608,Pune,Delhi,Ecotrans,2026-05-16,2026-05-16,2026-05-16 22:20:39.051885,2026-05-16 16:41:12.456100,2.999211557128048,3.657201655016197,0.21696379294296142,-0.06232455684260769,0.4350256899880613,-0.47344222929155805,In Transit,2.0
SHP002164,Ahmedabad,Lucknow,Ecotrans,2026-05-16,2026-05-16,2026-05-16 05:26:00.581865,2026-05-16 03:06:35.073210,4.6028563535522125,2.6176609582243806,-1.1758031912794213,-0.7840442354751861,-1.0577535942806573,0.32434681120985054,In Transit,5.0
SHP000322,Ahmedabad,Bangalore,Ecotrans,2026-05-17,2026-05-16,2026-05-17 19:16:03.922137,2026-05-17 16:19:24.218487,-0.5096269694602305,-0.6162103991817627,-0.4331434875106381,-0.19362120539432626,-0.4192711917735452,0.175825576254522,Cancelled,5.0
SHP004108,Bangalore,Hyderabad,Fastship,2026-05-18,2026-05-17,2026-05-18 16:31:01.987305,2026-05-18 11:03:20.404853,-0.8753392396160139,-0.7925114962643547,0.2959871861191949,-0.3110095238424651,0.48656332591994944,-0.42657548260585415,Delayed,4.0
SHP003368,Mumbai,Kolkata,Ecotrans,2026-05-17,2026-05-17,2026-05-17 14:25:29.089854,2026-05-17 10:10:47.409253,-0.6163493122088077,-0.6316499935730284,-0.36899596584110866,-0.40031269334118946,-0.433820466316596,-0.13541538541225653,Delivered,5.0
SHP000072,Delhi,Chennai,Ecotrans,2026-05-17,2026-05-17,2026-05-17 11:55:54.914282,2026-05-17 11:59:48.305542,-0.8302663294009711,-0.7002135887958402,-0.6966750074649647,-0.5067023432088565,-0.6405750386013258,0.895970701466157,Delivered,3.0
SHP004739,Chennai,Kolkata,Fastship,2026-05-17,2026-05-17,2026-05-18 07:47:05.892128,2026-05-18 14:06:55.945051,-0.26496025807297247,-0.462737134057631,1.8923536906008858,0.34059245814250705,1.6680981115328273,1.350000480688524,Delayed,4.0
SHP002439,Chennai,Lucknow,Globalline,2026-05-17,2026-05-17,2026-05-18 12:23:10.532956,2026-05-18 07:21:01.392466,-0.2825978977891054,-0.4702628836778632,0.4674332939040236,0.5369677489632348,0.4761909012436483,-0.32470426133691277,Delayed,4.0
SHP003906,Pune,Chennai,Fastship,2026-05-17,2026-05-17,2026-05-17 14:20:33.541274,2026-05-17 13:14:24.976135,1.9414168933366842,1.234378456518918,-0.4441365889782396,-0.40381644805462813,-0.4137714251722057,0.6166397769029117,In Transit,4.0
SHP003744,Bangalore,Jaipur,Ecotrans,2026-05-16,2026-05-17,2026-05-17 07:38:46.501259,2026-05-17 03:42:19.770485,1.5447067761731592,1.620600406385961,0.12116965782856268,0.33467213496065024,0.0645244643109397,-0.06262706528616863,Delivered,5.0
SHP001100,Ahmedabad,Lucknow,Globalline,2026-05-17,2026-05-17,2026-05-17 18:23:59.125327,2026-05-17 16:43:17.635230,-0.6964409110914953,-0.6020355881985817,-0.1594038541205829,-0.23066594960932998,0.08172961050594738,0.4788391930591178,Delivered,5.0
SHP001421,Bangalore,Bangalore,Fastship,2026-05-17,2026-05-17,2026-05-17 10:09:34.769456,2026-05-17 11:21:36.468916,0.07519257341082611,0.4249757220114667,-0.8451052741273192,-0.5823395277771265,-0.9323362994298497,1.1677467031584337,Cancelled,3.0
SHP000150,Hyderabad,Kolkata,Globalline,2026-05-17,2026-05-17,2026-05-18 12:19:21.791918,2026-05-18 07:27:31.802396,0.42002449183236307,0.19945359303602433,1.4612194408232126,0.534256003610755,1.5366853581285127,-0.2835453353716581,Delivered,1.0
SHP002576,Ahmedabad,Kolkata,Ecotrans,2026-05-17,2026-05-17,2026-05-17 14:59:38.032836,2026-05-17 07:38:01.550701,-0.7793457367605471,-0.730085603940573,-0.4930009104825303,-0.37602229198790327,-0.24660008449536328,-0.8809349919533999,Delivered,2.0
SHP003336,Jaipur,Ahmedabad,Globalline,2026-05-18,2026-05-17,2026-05-18 19:52:11.111098,2026-05-18 19:16:03.426651,2.2204761635851766,1.0987974186377631,0.019497146850641568,-0.16792898743888088,-0.21141156985411735,0.7363558379368085,Delayed,4.0
SHP002951,Hyderabad,Delhi,Ecotrans,2026-05-17,2026-05-17,2026-05-17 11:39:09.371045,2026-05-17 10:19:02.567393,-0.8260433269741695,-0.7187312147719152,-0.2597502022145126,-0.5186231477497655,-0.22266593295368978,0.5609167001721459,Delivered,4.0
SHP003946,Mumbai,Ahmedabad,Globalline,2026-05-17,2026-05-17,2026-05-17 20:11:04.543882,2026-05-17 15:43:51.137156,0.9149421612974575,0.47277226222238605,-0.42529697868605554,-0.15449204094698152,-0.4164256905359621,-0.18538743023513177,Delivered,3.4301601423487544
SHP001027,Pune,Mumbai,Globalline,2026-05-17,2026-05-17,2026-05-18 05:20:43.649631,2026-05-18 00:14:15.290349,-0.47902905962341275,-0.46222168851127776,0.7577427961568738,0.2364781919624268,0.7978060628223732,-0.34193619283690596,Cancelled,1.0
SHP002040,Delhi,Hyderabad,Fastship,2026-05-17,2026-05-17,2026-05-17 15:29:15.947831,2026-05-17 13:36:47.245169,-0.30068982734755906,-0.4236829354976722,0.043420843461131384,-0.3549449515343057,0.12104095769007679,0.4318262493524179,In Transit,3.0
SHP003775,Ahmedabad,Kolkata,Fastship,2026-05-17,2026-05-17,2026-05-17 22:23:29.113956,2026-05-17 18:29:41.004147,-0.7876045004872924,-0.724214120288006,-0.1973557034978012,-0.060308455865784004,-0.25129427116293584,-0.052082514938357145,Cancelled,5.0
SHP002289,Hyderabad,Ahmedabad,Ecotrans,2026-05-18,2026-05-17,2026-05-18 06:16:14.938791,2026-05-18 07:21:29.232256,-0.31933698221385864,-0.14767924645027478,-1.0563674716694347,-0.748308765924864,-1.0633186534289254,1.1406638202225132,Delayed,4.0
SHP002179,Bangalore,Kolkata,Fastship,2026-05-16,2026-05-17,2026-05-17 13:19:56.968034,2026-05-17 04:52:49.763978,0.764433714594269,0.525242553278157,1.672016584796448,0.5773513398939172,1.8168031181067013,-2.3754234253671918,Delivered,4.0
SHP001580,Ahmedabad,Kolkata,Fastship,2026-05-18,2026-05-18,2026-05-20 08:35:14.123661,2026-05-19 06:45:55.211706,2.805970479615451,2.0127212326614656,1.5980803145621383,1.399112387213059,1.6849562856794718,-2.3754234253671918,In Transit,5.0
SHP001510,Jaipur,Kolkata,Ecotrans,2026-05-17,2026-05-18,2026-05-18 05:24:38.539369,2026-05-18 02:08:17.378416,-0.24586215791734262,-0.00841190412623366,-1.2025247372943708,0.23926283070235183,-1.1690441611398892,0.09728655075260888,Delivered,3.0
SHP002607,Bangalore,Chennai,Ecotrans,2026-05-18,2026-05-18,2026-05-18 23:46:50.245946,2026-05-19 04:36:31.421733,0.4158297634370857,0.3310152662071716,0.3035817408991587,-0.0010195911545072603,0.4439697571477181,1.350000480688524,In Transit,4.0
SHP003557,Ahmedabad,Mumbai,Ecotrans,2026-05-19,2026-05-18,2026-05-20 06:01:30.271674,2026-05-20 03:54:00.174539,-0.015121354672181578,-0.06214239423940349,0.50300383816591,0.26548311396076135,0.6487423470408182,0.37190479190959186,Delayed,3.0
SHP000130,Delhi,Ahmedabad,Globalline,2026-05-19,2026-05-18,2026-05-20 15:30:33.557190,2026-05-20 04:35:47.858868,-0.6622940700851289,-0.6979092369775992,0.9774459396686137,0.6702548015833301,1.025571600288078,-1.7311160130615941,Cancelled,2.0
SHP004582,Chennai,Lucknow,Globalline,2026-05-18,2026-05-18,2026-05-19 05:35:23.281207,2026-05-18 21:24:10.961424,-0.3094265873876564,-0.48378307031350515,0.3424250000061304,0.24690630255219723,0.43902979433724965,-1.0787579588370584,Delayed,4.0
SHP002048,Pune,Bangalore,Ecotrans,2026-05-19,2026-05-18,2026-05-20 04:47:52.806379,2026-05-19 22:50:13.923659,-0.626851476642361,-0.654561405571068,0.27652555417845465,0.2131136698501294,0.10332963545606075,-0.546053529950107,Cancelled,3.4301601423487544
SHP000918,Pune,Chennai,Globalline,2026-05-19,2026-05-18,2026-05-19 18:44:15.233557,2026-05-19 13:04:34.493776,-0.2972793583000743,-0.219453929937658,-0.4342292226719395,-0.21624887834112083,-0.7707944737494459,-0.47438247119426746,Delivered,1.0
SHP000126,Jaipur,Kolkata,Fastship,2026-05-18,2026-05-18,2026-05-18 17:44:56.231613,2026-05-18 14:20:50.753465,0.08267377469748509,0.22114513756406345,-0.5656472380507037,-0.25844116303695447,-0.7555577768341282,0.06642041625372903,Delayed,4.0
SHP003258,Pune,Pune,Fastship,2026-05-18,2026-05-18,2026-05-18 17:16:25.501725,2026-05-18 12:56:31.496772,0.002017585819941872,0.15577346673987105,-0.10097823948262442,-0.2787220180741238,-0.1479184503928512,-0.15617758323718833,In Transit,5.0
SHP000868,Kolkata,Delhi,Fastship,2026-05-19,2026-05-18,2026-05-19 09:53:33.730952,2026-05-19 07:49:37.802033,-0.48451549415365514,-0.4777962323538853,-0.9608048166830393,-0.5937327247584472,-0.27997882478300173,0.38614192340424,In Transit,3.0
SHP000981,Kolkata,Jaipur,Globalline,2026-05-18,2026-05-18,2026-05-18 08:28:17.754353,2026-05-18 03:59:04.274480,0.6984989871655902,0.8624685234411728,-1.0142032802512488,-0.6543830825161882,-1.2491078278192396,-0.19336946050434425,Delivered,2.0
SHP004350,Chennai,Ahmedabad,Fastship,2026-05-18,2026-05-18,2026-05-18 23:23:10.182866,2026-05-18 22:52:53.789734,1.6201594792693985,1.067314957739419,0.2316148015798691,-0.017854565321302387,0.28102838608568864,0.75970841909004,Delivered,3.0
SHP003306,Jaipur,Kolkata,Ecotrans,2026-05-18,2026-05-18,2026-05-18 07:49:41.079816,2026-05-18 07:10:16.651294,-0.5159771664647264,-0.5496862649182368,-0.8090823303760689,-0.6818474652773229,-1.0260341634087389,0.7232770005682986,Cancelled,5.0
SHP004798,Chennai,Jaipur,Ecotrans,2026-05-18,2026-05-18,2026-05-18 13:04:07.343171,2026-05-18 11:12:27.928051,-0.6101830560636486,-0.6637927022438328,-0.22289464112933804,-0.4581862346183685,0.17857682862307683,0.43510270759448494,Delivered,5.0
SHP001201,Mumbai,Pune,Globalline,2026-05-19,2026-05-18,2026-05-19 08:01:00.782852,2026-05-19 06:18:43.003157,-0.45711326580826955,-0.48249698965844107,-0.7799798595702442,-0.6737895253040316,-0.8513219982038004,0.47243820745118414,Delivered,5.0
SHP002681,Bangalore,Lucknow,Ecotrans,2026-05-18,2026-05-18,2026-05-19 01:10:40.829363,2026-05-18 21:19:29.047259,-0.2639672252229675,0.018485815722588915,0.4705924594557988,0.05861842283107963,0.4053576541197042,-0.04169041225426169,Delivered,3.4301601423487544
SHP001831,Kolkata,Kolkata,Fastship,2026-05-18,2026-05-18,2026-05-18 19:27:16.668169,2026-05-18 19:50:13.283504,-0.3774786983026501,-0.26876359114372117,-0.123522791542852,-0.18564574133512773,-0.34296006049197153,0.9719681196994134,Delivered,2.0
SHP003270,Mumbai,Lucknow,Ecotrans,2026-05-19,2026-05-19,2026-05-20 19:44:31.347789,2026-05-20 12:14:52.513220,-0.4739218336193456,-0.5758418812554433,1.1410766373146113,0.8509001648902443,1.4667002742457564,-0.91300004417208,Delivered,1.0
SHP003292,Kolkata,Chennai,Ecotrans,2026-05-19,2026-05-19,2026-05-19 21:44:02.170317,2026-05-19 22:23:51.964212,-0.5245317251445105,-0.44195860957479294,-0.003595629105499834,-0.08836878329849306,-0.27997882478300173,1.0393205805625982,Delivered,4.0
SHP004071,Delhi,Kolkata,Globalline,2026-05-20,2026-05-19,2026-05-21 19:47:59.869395,2026-05-21 13:40:33.263712,-0.6095107032120521,-0.5961050767054781,1.088329591087727,0.8533722070834977,1.3737403819934253,-0.5851232353570717,Delivered,3.0
SHP003019,Ahmedabad,Delhi,Ecotrans,2026-05-19,2026-05-19,2026-05-19 18:16:52.483477,2026-05-19 11:53:34.996578,-0.7304915973424032,-0.6116980496075997,-0.5896510013041422,-0.23572382669735936,-0.7142993697908591,-0.6483343932068565,In Transit,4.0
SHP000579,Pune,Lucknow,Ecotrans,2026-05-19,2026-05-19,2026-05-19 14:37:37.739102,2026-05-19 13:26:54.554652,0.5444424848725803,0.13671460076744144,-0.642537782649802,-0.3916744916808818,-0.8140827780848734,0.5983840743775817,Delivered,5.0
SHP002273,Jaipur,Lucknow,Ecotrans,2026-05-20,2026-05-19,2026-05-20 23:39:36.577917,2026-05-20 18:18:10.577342,-0.011726129180286543,-0.009074070482758073,0.18719891066318325,-0.006160764226539562,0.1387084485092692,-0.4016081523935328,Delivered,3.4301601423487544
SHP000860,Kolkata,Delhi,Ecotrans,2026-05-19,2026-05-19,2026-05-23 09:13:18.167306,2026-05-21 04:01:55.647288,2.837447864509337,2.386230382175004,-0.22088078563240954,3.4747493023765372,-0.06163351130861968,-2.3754234253671918,Delivered,4.0
SHP003951,Chennai,Kolkata,Globalline,2026-05-19,2026-05-19,2026-05-22 02:31:28.171598,2026-05-21 16:28:39.476764,-0.1308511378081239,-0.27169037072337077,3.2321093286981104,2.164643470853645,3.03158174662714,-1.5239088496609685,Delivered,2.0
SHP004612,Jaipur,Pune,Ecotrans,2026-05-20,2026-05-19,2026-05-20 13:58:52.320690,2026-05-20 12:35:11.984835,1.1423124117285022,1.367095457452612,-0.6692071424374705,-0.419242533849797,-0.5080617784480661,0.5467218485306077,Delivered,2.0
SHP003939,Delhi,Hyderabad,Ecotrans,2026-05-19,2026-05-19,2026-05-19 14:11:31.633578,2026-05-19 09:28:33.963687,1.1639026549195348,1.2536594888606483,-0.7256056444770373,-0.4102408120077614,-0.6101182667631891,-0.24815864389485426,Delayed,5.0
SHP004630,Pune,Kolkata,Fastship,2026-05-19,2026-05-19,2026-05-19 11:38:01.535682,2026-05-19 11:34:22.470890,-0.6177590765434343,-0.6743627456215947,-0.6244599121177112,-0.5194273420092816,-0.8000283476831774,0.8658930530261415,Cancelled,4.0
SHP001123,Kolkata,Hyderabad,Ecotrans,2026-05-19,2026-05-19,2026-05-19 09:42:14.102623,2026-05-19 05:42:01.389970,0.6067108800786166,0.08466054787902243,-0.6282962923162192,-0.6017897790610627,-0.6922137497867966,-0.07764952654031966,Delivered,4.0
SHP001907,Chennai,Hyderabad,Fastship,2026-05-19,2026-05-19,2026-05-19 03:51:12.528130,2026-05-19 04:01:42.666062,-0.7513139062657033,-0.7547546807400642,-1.2520816754590138,-0.8514766185851675,-1.17860746798174,0.9223449910074585,Delivered,5.0
SHP003431,Pune,Delhi,Globalline,2026-05-19,2026-05-19,2026-05-19 14:04:14.333994,2026-05-19 11:22:47.737573,2.1806074229297456,1.751353277946032,-0.8225568751853127,-0.4154250374833217,-0.870195064485627,0.23652565552299143,Cancelled,3.0
SHP004868,Ahmedabad,Kolkata,Fastship,2026-05-19,2026-05-19,2026-05-19 23:20:33.934895,2026-05-20 00:46:12.619678,-0.5025762137042514,-0.3222505304679116,-0.08658149476416645,-0.01970689891658871,0.1771738316110177,1.2220569443790472,Delivered,1.0
SHP004395,Hyderabad,Pune,Globalline,2026-05-19,2026-05-19,2026-05-19 10:55:03.471909,2026-05-19 09:36:10.328919,1.3328983933239058,2.1793099357102013,-0.8533786773142115,-0.5499905174196403,-0.947492581166027,0.5658133956317412,Delivered,1.0
SHP004324,Chennai,Lucknow,Fastship,2026-05-19,2026-05-19,2026-05-19 21:50:27.208468,2026-05-19 21:39:16.248497,1.3799124614578777,0.7006118168106181,-0.05767411410815088,-0.0838041217567486,-0.27997882478300173,0.8358526894027151,In Transit,4.0
SHP004661,Mumbai,Hyderabad,Fastship,2026-05-21,2026-05-20,2026-05-21 20:12:10.461376,2026-05-21 21:41:18.979325,-0.38813090509312836,-0.1977800072088803,-0.20065965793970753,-0.15371058319182584,-0.3211133143839967,1.2360058973659849,In Transit,4.0
SHP004358,Ahmedabad,Kolkata,Ecotrans,2026-05-19,2026-05-20,2026-05-20 15:07:23.138602,2026-05-20 09:22:19.140330,1.5774651015128698,1.943612954718396,0.644159208306331,0.6537712655117417,0.9409365622917634,-0.4958715311915202,Delivered,4.0
SHP004894,Mumbai,Lucknow,Ecotrans,2026-05-21,2026-05-20,2026-05-21 09:40:16.917388,2026-05-21 07:43:41.064634,-0.4936008386297123,-0.5801739149565239,-0.7313075070421865,-0.6031790204460226,-0.585443103077729,0.41539660155295943,Delivered,3.4301601423487544
SHP003886,Delhi,Lucknow,Globalline,2026-05-20,2026-05-20,2026-05-21 07:30:46.730517,2026-05-21 02:13:55.769447,-0.7501276623001991,-0.7574181892071719,0.6025291882966592,0.32898441013045787,0.27943514085770965,-0.3833245168847611,Delivered,5.0
SHP002114,Bangalore,Pune,Fastship,2026-05-19,2026-05-20,2026-05-21 01:47:18.851449,2026-05-20 11:43:03.539948,-0.43499499683319237,-0.5569455647471476,1.4373376396773574,1.1089558574982457,1.4405801620092924,-2.3754234253671918,Delivered,3.0
SHP002446,Jaipur,Mumbai,Fastship,2026-05-21,2026-05-20,2026-05-21 13:16:48.233577,2026-05-21 12:00:47.939809,-0.14295895561820632,-0.10497435319695146,-0.7009187078797869,-0.44916581114665594,-0.7823298031175531,0.5773037892500062,Delivered,4.0
SHP001853,Mumbai,Ahmedabad,Fastship,2026-05-20,2026-05-20,2026-05-20 20:09:49.232829,2026-05-20 17:41:24.642793,-0.7432153964049076,-0.7198795524922218,0.03841547304175033,-0.15538486017352834,-0.11809105983157633,0.28851062295111535,Delivered,3.0
SHP004003,Pune,Ahmedabad,Fastship,2026-05-20,2026-05-20,2026-05-20 02:38:33.590061,2026-05-20 01:54:08.301693,0.36666695681433914,0.01986539619803351,-1.291472121836802,-0.9031522172244186,-1.3882236375818409,0.7032769218032892,Cancelled,5.0
SHP000989,Pune,Pune,Fastship,2026-05-20,2026-05-20,2026-05-20 16:51:45.224324,2026-05-20 13:53:00.254864,-0.5916270382914923,-0.44423807074291644,-0.01816207288879183,-0.296270838366717,-0.20587736119205985,0.1674983564547661,Delivered,3.4301601423487544
SHP003718,Ahmedabad,Pune,Fastship,2026-05-20,2026-05-20,2026-05-20 13:04:27.268094,2026-05-20 11:24:46.872793,1.6669398561951616,1.4770918745707604,-0.4141242496208461,-0.4579500228794662,-0.3191490620970313,0.4829005550134552,Delivered,4.0
SHP000419,Ahmedabad,Pune,Globalline,2026-05-20,2026-05-20,2026-05-20 07:21:31.292706,2026-05-20 07:37:31.043850,0.3675215609258857,0.001774037648294128,-0.9229668318481229,-0.7018800418091927,-1.2180277144079776,0.9442564899649756,Delivered,3.4301601423487544
SHP001691,Kolkata,Bangalore,Ecotrans,2026-05-21,2026-05-20,2026-05-22 18:58:19.414100,2026-05-22 11:35:25.764827,0.7976944127669793,1.0805183191065757,1.2638868480729786,0.8180386443803862,1.1871714277861165,-0.8860647853059842,Delayed,2.0
SHP003585,Hyderabad,Ahmedabad,Ecotrans,2026-05-20,2026-05-20,2026-05-20 07:52:30.573396,2026-05-20 06:25:49.201576,-0.08517356856357483,-0.25840870490628315,-1.0034404556130259,-0.6798381038017276,-0.9723012926047497,0.5346872297290696,Cancelled,5.0
SHP002116,Lucknow,Ahmedabad,Globalline,2026-05-20,2026-05-20,2026-05-20 14:37:54.164730,2026-05-20 11:54:54.358408,-0.14311106946239258,-0.16243772932021802,-0.7850303938061747,-0.3914797643936725,-0.6668875706981249,0.23032939707752673,Delayed,5.0
SHP001934,Jaipur,Delhi,Ecotrans,2026-05-21,2026-05-20,2026-05-21 09:23:27.118589,2026-05-21 07:37:27.017741,-0.7675816323522893,-0.7179402865071918,-0.9319881094051076,-0.6151502750520497,-0.6489210907179035,0.45765909807436256,Cancelled,2.0
SHP000281,Mumbai,Ahmedabad,Fastship,2026-05-21,2026-05-20,2026-05-21 17:59:18.266230,2026-05-21 18:25:49.261671,-0.4418602453757828,-0.39001679298180436,0.225690114747879,-0.24822166596031403,0.5848014902209016,0.9862193368779631,In Transit,5.0
SHP002807,Pune,Hyderabad,Ecotrans,2026-05-19,2026-05-20,2026-05-20 15:25:41.934981,2026-05-20 02:53:52.960373,-0.12337256584602098,-0.17132855081068976,1.447735663610011,0.6667975943492531,1.3124028114953181,-2.118226443179982,Delivered,5.0
SHP002298,Kolkata,Lucknow,Ecotrans,2026-05-20,2026-05-20,2026-05-20 12:16:53.666766,2026-05-20 12:10:15.308707,-0.564538851217804,-0.6421911902584772,-0.5640238059377304,-0.4917797205211781,-0.5602324461510473,0.8539742825098663,In Transit,3.0
SHP003820,Hyderabad,Jaipur,Ecotrans,2026-05-20,2026-05-20,2026-05-20 11:58:16.685816,2026-05-20 10:13:54.073693,0.22116626880610654,0.4767243324496966,-0.877885633883502,-0.5050216290558174,-0.742684497531091,0.46413979732560245,Delivered,5.0
SHP004319,Jaipur,Hyderabad,Globalline,2026-05-20,2026-05-20,2026-05-20 10:29:37.688963,2026-05-20 08:22:49.718472,2.577244192474351,1.291220790355731,-0.9541462402688297,-0.5680788099943115,-1.010644073063592,0.3747052194485514,Delivered,3.4301601423487544
SHP002121,Mumbai,Kolkata,Globalline,2026-05-22,2026-05-21,2026-05-22 18:26:46.937679,2026-05-22 17:53:12.506459,-0.17936981370428007,-0.1885073839448242,-0.25624351641405557,-0.2286765192423741,-0.2636318690649323,0.7465435603987547,Delivered,3.4301601423487544
SHP001381,Lucknow,Ahmedabad,Ecotrans,2026-05-21,2026-05-21,2026-05-21 07:46:21.904680,2026-05-21 06:29:39.722034,-0.6140166643806985,-0.5348954511627101,-1.1630213325470389,-0.6842087042290936,-1.2461657364998693,0.5745191675382145,Delivered,3.0
SHP001258,Lucknow,Mumbai,Fastship,2026-05-21,2026-05-21,2026-05-21 10:24:57.047524,2026-05-21 11:27:13.664933,-0.5750212881396227,-0.5568562871694362,-0.7329624477485356,-0.5714058392254493,-0.22265386141649954,1.128852556067787,Delivered,3.0
SHP000999,Kolkata,Mumbai,Ecotrans,2026-05-22,2026-05-21,2026-05-22 12:16:46.740571,2026-05-22 13:28:09.430299,-0.4855069905811222,-0.5679036096702497,-0.7242836220211273,-0.49186183116898347,-0.6893923164916894,1.165153476701082,In Transit,5.0
SHP000816,Delhi,Bangalore,Ecotrans,2026-05-21,2026-05-21,2026-05-22 06:28:18.783316,2026-05-22 02:24:22.868537,-0.33338180668966166,-0.005634562136771131,0.4261344570646408,0.2845521625944425,0.19874450574613242,-0.09248719982862412,Delayed,5.0
SHP001786,Hyderabad,Delhi,Globalline,2026-05-21,2026-05-21,2026-05-21 14:29:27.439105,2026-05-21 11:25:22.980430,0.7054539132281153,0.22019203177228286,-0.608978296853608,-0.39748704176365013,-0.29966768030965213,0.14625986434780994,Delivered,4.0
SHP002377,Chennai,Pune,Globalline,2026-05-20,2026-05-21,2026-05-21 06:31:21.426860,2026-05-21 00:36:11.138844,-0.601655944333638,-0.6622626308086651,0.6050761544752672,0.2867174180543963,0.5972969255791342,-0.536175489315654,Delivered,4.0
SHP004730,Ahmedabad,Chennai,Ecotrans,2026-05-22,2026-05-21,2026-05-22 22:55:30.550692,2026-05-22 16:00:06.691744,-0.5977761062793835,-0.6506107991311274,0.2900747729082696,-0.037529652409807775,-0.1264688810016458,-0.7763926675925741,Delivered,3.0
SHP002852,Lucknow,Pune,Ecotrans,2026-05-21,2026-05-21,2026-05-21 18:20:35.623730,2026-05-21 09:57:29.675829,0.46486054002203014,0.38081187084827106,-0.3147074335779648,-0.2330784791419223,-0.32181217587677724,-1.126197385396246,Delayed,2.0
SHP002826,Pune,Pune,Globalline,2026-05-22,2026-05-21,2026-05-27 02:35:54.760788,2026-05-25 13:19:26.551063,0.3624572717387125,0.5498436876888471,0.617451700698019,4.216363283956322,-0.27997882478300173,-2.3754234253671918,Delivered,3.0
SHP000059,Kolkata,Pune,Ecotrans,2026-05-22,2026-05-22,2026-05-23 16:08:37.220084,2026-05-23 06:43:25.884602,-0.12429256243253546,-0.34847981440110437,0.8858166368517446,0.6973278283824071,1.1411741511530165,-1.3738477316979862,In Transit,5.0
SHP003182,Mumbai,Delhi,Globalline,2026-05-23,2026-05-22,2026-05-23 23:00:10.833709,2026-05-23 20:09:27.984009,-0.1100764309064932,0.0005550856777542072,-0.21017176002297427,-0.03420687229710171,-0.07223808878631745,0.19954794134409506,Delayed,3.0
SHP004866,Jaipur,Pune,Ecotrans,2026-05-22,2026-05-22,2026-05-22 18:28:03.395319,2026-05-22 18:41:05.491241,0.34971123343303573,0.05852856573175667,-0.5557398663882139,-0.22777010711451795,-0.27997882478300173,0.9324466107795184,Delivered,4.0
SHP003222,Lucknow,Ahmedabad,Ecotrans,2026-05-22,2026-05-22,2026-05-23 01:13:45.400121,2026-05-22 20:08:31.334500,-0.27995345840929425,0.09666104722872597,-0.15192632464333664,0.060806525597378216,-0.5734862010928953,-0.3369974178840635,Delivered,5.0
SHP002539,Pune,Ahmedabad,Fastship,2026-05-22,2026-05-22,2026-05-23 13:08:49.206330,2026-05-23 06:33:33.302581,-0.8181228847790627,-0.7521639008894989,1.7585021615699188,0.5694349654799049,1.9059138716876811,-0.6960921574188014,Delayed,2.0
SHP004839,Mumbai,Chennai,Ecotrans,2026-05-22,2026-05-22,2026-05-22 13:37:39.695988,2026-05-22 13:56:56.669450,-0.27733422848649614,-0.4307546489960665,-0.8243321049949928,-0.4343296129239265,-0.750032184081241,0.9573671192053353,Delivered,4.0
SHP003631,Kolkata,Pune,Fastship,2026-05-22,2026-05-22,2026-05-22 21:28:46.938415,2026-05-22 21:32:54.189417,-0.23754523268386774,-0.23554418600388347,-0.2423752050952809,-0.09921893892931175,-0.18949053863029608,0.896892047186924,In Transit,4.0
SHP002427,Pune,Jaipur,Fastship,2026-05-23,2026-05-22,2026-05-24 03:31:41.404158,2026-05-23 20:12:04.127958,0.30983735317925465,-0.08156365617989456,-0.08783387643157727,0.158919289789104,-0.1411931932817006,-0.873010610813962,Delivered,3.0
SHP002900,Delhi,Ahmedabad,Fastship,2026-05-23,2026-05-22,2026-05-23 22:22:54.220153,2026-05-23 18:56:06.908228,-0.14130309859374435,-0.27101245277914965,-0.2964483584003478,-0.06072212499954209,-0.00913929379730443,0.055662289737773325,In Transit,3.0
SHP000589,Mumbai,Delhi,Fastship,2026-05-22,2026-05-22,2026-05-22 08:49:55.595440,2026-05-22 04:22:41.034938,-0.38665085034179336,-0.07278824318907169,-0.5938311611189284,-0.6389970609567334,-0.6494462222256492,-0.18546412910732754,Delivered,2.0
SHP001509,Jaipur,Bangalore,Fastship,2026-05-22,2026-05-22,2026-05-22 17:56:25.520117,2026-05-22 14:26:17.820511,-0.2972834636239016,-0.33934576801709915,-0.19014715485798572,-0.2502695864890579,-0.13389416974065982,-2.232200408866324,Delivered,4.0
SHP003968,Ahmedabad,Lucknow,Globalline,2026-05-22,2026-05-22,2026-05-22 15:35:26.904915,2026-05-22 12:14:47.778127,-0.3135612003636588,0.027922574396564894,-0.5536862569288489,-0.350547222305666,-0.8016615966479103,0.08013791132040815,Delivered,3.0
SHP002663,Delhi,Ahmedabad,Fastship,2026-05-22,2026-05-22,2026-05-22 07:56:53.960363,2026-05-22 04:14:54.397511,0.03197259936363948,0.3358631788295874,-0.7293695746499411,-0.6767156278753672,-0.8435177100924943,-0.004980865658420452,Delivered,3.0
SHP000839,Kolkata,Hyderabad,Ecotrans,2026-05-22,2026-05-22,2026-05-23 22:19:12.253147,2026-05-23 21:45:09.034318,-0.14699161000891234,-0.12905133618934267,1.1890180717992493,0.9609261236540092,1.504623998783006,0.7446298638549617,Delivered,3.0
SHP001296,Ahmedabad,Jaipur,Ecotrans,2026-05-23,2026-05-22,2026-05-23 23:12:26.858080,2026-05-23 14:09:30.693732,-0.30140673882384006,-0.4013361100304201,0.18897905572800047,-0.025481237901279482,0.04330808068878257,-1.285090364439455,Delivered,4.0
SHP000700,Pune,Hyderabad,Globalline,2026-05-22,2026-05-22,2026-05-22 11:03:24.243183,2026-05-22 06:37:49.887711,1.0377999756272251,1.5195386710328977,-0.6577148213511446,-0.5440538294169325,-0.36356717903120667,-0.17880285968472015,Delivered,3.4301601423487544
SHP003727,Delhi,Delhi,Globalline,2026-05-22,2026-05-22,2026-05-23 20:53:18.335998,2026-05-23 10:36:11.929567,0.41693661722449443,0.1618671382277785,1.149126738290462,0.8998259772960852,0.8403392731796758,-1.5809264268675391,Delivered,3.0
SHP003606,Chennai,Pune,Fastship,2026-05-22,2026-05-22,2026-05-22 06:47:11.872676,2026-05-22 07:04:11.126381,-0.45693233705203806,-0.40600284030545647,-0.8412601458518593,-0.7262946495017997,-0.27997882478300173,0.9482120058722722,Delayed,5.0
SHP004559,Lucknow,Kolkata,Globalline,2026-05-23,2026-05-23,2026-05-24 16:24:10.953681,2026-05-24 17:26:43.499268,-0.8079997741486369,-0.7801430182816596,1.5585245795576657,0.7083973232472482,1.4729551028288383,1.1299114039626406,Delivered,3.0
SHP000558,Jaipur,Bangalore,Fastship,2026-05-23,2026-05-23,2026-05-23 07:05:24.126307,2026-05-23 06:17:18.169547,-0.05772957762480961,-0.3166675153401652,-1.0743843898556498,-0.7133458855159955,-1.1024769074508265,0.6886076820239535,Delivered,4.0
SHP000208,Jaipur,Jaipur,Ecotrans,2026-05-23,2026-05-23,2026-05-23 13:02:42.787703,2026-05-23 13:09:19.266310,-0.16786581072114332,-0.2913615429799575,-0.1454862177945434,-0.459188647215484,-0.04872269248277854,0.9068121607999373,Delivered,3.0
SHP000903,Delhi,Hyderabad,Fastship,2026-05-23,2026-05-23,2026-05-23 12:36:07.882072,2026-05-23 11:33:30.592479,0.07860191016518542,0.16497136780396698,-0.34874298345761257,-0.478096395372963,-0.3522517212139848,0.6306846141163177,In Transit,4.0
SHP000919,Ahmedabad,Jaipur,Ecotrans,2026-05-23,2026-05-23,2026-05-24 15:02:04.863566,2026-05-24 07:18:51.880353,-0.4039735946545863,-0.5236213091765872,0.920356476470983,0.6499980866414476,0.9704099640517795,-0.9671217131914336,Cancelled,3.0
SHP001155,Bangalore,Pune,Ecotrans,2026-05-23,2026-05-23,2026-05-25 02:05:06.483987,2026-05-25 11:15:24.578587,-0.7629832924594856,-0.7707590249409996,1.1610646615872222,1.1216127362248485,1.3154166959792941,1.350000480688524,Cancelled,4.0
SHP001417,Lucknow,Mumbai,Fastship,2026-05-23,2026-05-23,2026-05-23 14:08:55.952169,2026-05-23 13:38:22.733617,-0.04465945730132592,-0.23325563033976715,-0.5377254276632492,-0.41208642896555275,-0.7113460786292504,0.75858992577919,Delayed,4.0
SHP002144,Ahmedabad,Delhi,Ecotrans,2026-05-23,2026-05-23,2026-05-23 12:06:01.307145,2026-05-23 10:37:32.717141,-0.6856949437447664,-0.6102901201395298,-0.5069656608965107,-0.4995135018703508,-0.3912957578367563,0.5275597510922517,Delivered,5.0
SHP004930,Bangalore,Delhi,Globalline,2026-05-24,2026-05-23,2026-05-24 05:11:22.750539,2026-05-24 04:25:04.637857,0.7497501778751613,0.3046309072797649,-1.0343098978002325,-0.7944510039455276,-1.1127797901160477,0.6957767678392133,Cancelled,3.4301601423487544
SHP002479,Kolkata,Bangalore,Ecotrans,2026-05-24,2026-05-23,2026-05-24 16:07:30.876802,2026-05-24 15:13:29.760082,-0.2654324417364851,-0.2271068159769581,-0.23550756284250715,-0.32773836439735193,-0.25875659543840696,0.6649979272872659,Cancelled,3.4301601423487544
SHP003095,Chennai,Lucknow,Fastship,2026-05-23,2026-05-23,2026-05-23 17:06:20.126128,2026-05-23 15:03:48.264225,-0.22062302888690372,0.05194806830265335,0.1006985707217374,-0.28589879963464926,0.44921635264347515,0.39173039579061253,Delivered,5.0
SHP004551,Kolkata,Bangalore,Ecotrans,2026-05-23,2026-05-23,2026-05-23 07:47:22.437051,2026-05-23 07:21:38.132708,-0.5166040651092564,-0.6127996619608862,-0.7230421866186235,-0.6834910875847958,-0.6404127559308611,0.7777959016285907,Delivered,3.0
SHP003672,Bangalore,Jaipur,Ecotrans,2026-05-23,2026-05-23,2026-05-23 19:11:10.098734,2026-05-23 11:58:43.884382,0.5883787771037112,0.6876614131781442,-0.146307464397222,-0.19710450798446902,-0.1500108600599512,-0.8443551719868394,Delivered,3.0
SHP000484,Kolkata,Ahmedabad,Ecotrans,2026-05-24,2026-05-23,2026-05-25 15:36:34.356392,2026-05-25 15:07:30.083001,-0.7027344993167475,-0.6046225031917587,0.7865298278897694,0.6745321082235065,0.8049434941647634,0.7645026796724645,In Transit,1.0
SHP002846,Hyderabad,Chennai,Globalline,2026-05-24,2026-05-23,2026-05-24 06:29:27.150757,2026-05-24 05:17:41.656539,-0.7251390679744331,-0.7136927186017437,-1.087923849777202,-0.7389170225827276,-1.0969786498317637,0.594241945461417,Delivered,4.0
SHP001764,Jaipur,Mumbai,Ecotrans,2026-05-23,2026-05-23,2026-05-23 01:36:56.265674,2026-05-23 01:25:21.985823,0.19737854557151674,0.15287577935729824,-1.4689221192871968,-0.9469843267933751,-1.5803618167885913,0.8343024677862665,Delayed,3.4301601423487544
SHP002014,Pune,Delhi,Fastship,2026-05-23,2026-05-23,2026-05-23 17:08:52.241316,2026-05-23 17:12:46.418012,-0.09501193628249507,0.35083949259084246,-0.5365208358242429,-0.2840954605485955,-0.5897214905702912,0.8960229144220356,Delivered,3.0
SHP002881,Pune,Ahmedabad,Globalline,2026-05-23,2026-05-23,2026-05-23 23:25:50.695754,2026-05-23 18:34:29.280190,-0.5771827374985008,-0.617372878299649,0.509601794681656,-0.015951670756485608,0.43049112245225407,-0.28164584157670314,Delayed,5.0
SHP003178,Kolkata,Ahmedabad,Ecotrans,2026-05-24,2026-05-24,2026-05-24 20:52:33.152452,2026-05-24 17:36:59.160134,0.02574782607064913,0.09516484725031837,-0.15169654574567862,-0.12498936493063041,-0.0436182736588225,0.10042215169032244,Delivered,4.0
SHP002583,Lucknow,Lucknow,Fastship,2026-05-24,2026-05-24,2026-05-24 15:19:57.840209,2026-05-24 12:11:30.960783,-0.002204988813451152,0.032634509890449775,-0.13118284006520745,-0.3615613670510296,-0.3574735719395731,0.12881507814801596,Delivered,5.0
SHP000115,Mumbai,Delhi,Globalline,2026-05-24,2026-05-24,2026-05-24 21:25:57.768670,2026-05-24 20:27:11.229437,-0.1549750198080814,0.08683794635607028,-0.2228554322170188,-0.10122446131018835,-0.12648232470078458,0.6460240668096967,In Transit,3.4301601423487544
SHP000453,Lucknow,Ahmedabad,Fastship,2026-05-24,2026-05-24,2026-05-24 09:02:25.588676,2026-05-24 08:34:39.897979,-0.8022303318805885,-0.7669395555515574,-1.0169294590799507,-0.6301058244143828,-1.4125233752939634,0.7697265740886261,Delivered,1.0
SHP002697,Kolkata,Jaipur,Globalline,2026-05-25,2026-05-24,2026-05-25 22:12:23.675586,2026-05-25 22:53:53.305388,-0.2351237597716192,0.09511114764871938,-0.33460431792882667,-0.06819728694678757,-0.46790093469956984,1.0459573120178693,Delayed,4.0
SHP002357,Lucknow,Lucknow,Ecotrans,2026-05-24,2026-05-24,2026-05-24 20:10:44.686669,2026-05-24 16:41:14.268156,0.48579037381421064,0.2882229362639973,-0.03150192118488635,-0.15472744997388718,-0.27997882478300173,0.04481955133162527,Delivered,2.0
SHP004276,Hyderabad,Hyderabad,Ecotrans,2026-05-24,2026-05-24,2026-05-24 14:41:10.091235,2026-05-24 12:23:49.616936,0.3542859887188722,0.8931015790281093,0.04229748338248165,-0.38915703825342357,0.18193849168114407,0.3326586447814606,Delivered,3.0
SHP000824,Chennai,Chennai,Fastship,2026-05-24,2026-05-24,2026-05-24 07:59:22.934044,2026-05-24 08:27:04.681070,-0.7385848284729185,-0.7007435623672761,-0.8432408818242012,-0.6749495316310371,-0.6225036500500827,0.9909226473780599,Delivered,4.0
SHP004085,Mumbai,Hyderabad,Globalline,2026-05-23,2026-05-24,2026-05-24 10:57:36.984159,2026-05-24 06:01:42.799198,-0.6782279570738556,-0.5903277227107996,1.7878212637408584,0.47610907122464313,-0.27997882478300173,-0.29977856848331774,Delivered,4.0
SHP003458,Mumbai,Ahmedabad,Ecotrans,2026-05-24,2026-05-24,2026-05-24 20:37:17.927691,2026-05-24 18:22:39.186546,-0.6878150761264682,-0.7097977568371512,-0.1675874318755902,-0.13583943590067377,-0.031707933669423254,0.3434100822428538,In Transit,3.4301601423487544
SHP003470,Chennai,Ahmedabad,Fastship,2026-05-24,2026-05-24,2026-05-24 12:07:31.258293,2026-05-24 10:25:13.346784,-0.6807524071501068,-0.7073629338962633,-0.7895387816720884,-0.49844712300274885,-0.5134967003607128,0.472429444931302,Cancelled,5.0
SHP002029,Hyderabad,Ahmedabad,Globalline,2026-05-24,2026-05-24,2026-05-24 09:43:55.144411,2026-05-24 07:10:45.991591,1.2373853139234818,0.9058230123607555,-0.6715736897670992,-0.6005919196780167,-0.6170994031681286,0.2695939141604369,Delivered,3.0
SHP001125,Pune,Bangalore,Ecotrans,2026-05-24,2026-05-24,2026-05-26 02:13:45.086660,2026-05-26 11:56:16.745378,-0.8369591394875188,-0.8115071705414627,1.718985163296153,1.1277608170539124,1.602418908954424,1.350000480688524,In Transit,3.0
SHP000582,Ahmedabad,Hyderabad,Ecotrans,2026-05-24,2026-05-24,2026-05-24 06:07:40.319008,2026-05-24 03:11:11.328992,0.7712118024051204,1.0823864374646157,-1.0807171095739458,-0.75440962924127,-0.27997882478300173,0.17653778004877477,Delivered,4.0
SHP003402,Hyderabad,Mumbai,Ecotrans,2026-05-24,2026-05-24,2026-05-24 23:37:19.202590,2026-05-24 13:58:55.682785,-0.6793121187510397,-0.621868710885283,0.3520756943529609,-0.007789360954565734,-0.27997882478300173,-1.4265092917800373,Delivered,4.0
SHP000149,Bangalore,Mumbai,Fastship,2026-05-25,2026-05-24,2026-05-25 17:43:36.403759,2026-05-25 13:21:28.333909,-0.42235670994730823,-0.336455573744887,-0.1271313092418906,-0.25938752935019516,-0.09972191724824626,-0.16508973464347118,Delivered,3.0
SHP001220,Lucknow,Delhi,Globalline,2026-05-24,2026-05-24,2026-05-24 12:21:53.997312,2026-05-24 10:03:30.472314,0.48017723015601427,0.6345348197165448,-0.8993629195747621,-0.4882192751701007,-1.1603514513122966,0.3284672614414953,Delivered,3.0
SHP001266,Delhi,Jaipur,Ecotrans,2026-05-24,2026-05-24,2026-05-24 20:47:19.137239,2026-05-24 21:10:52.004265,0.5032872846483788,0.19793455579128263,-0.3535233047925612,-0.12871204322056512,-0.4379848498869793,0.9743780015264645,Cancelled,3.0
SHP003924,Hyderabad,Kolkata,Ecotrans,2026-05-25,2026-05-24,2026-05-25 22:25:57.922533,2026-05-25 15:21:15.664788,1.2830723832412188,1.8639413006998282,0.3451291494252293,-0.058544316950734435,0.5356452620912724,-0.813513008079242,Cancelled,3.4301601423487544
SHP001278,Bangalore,Hyderabad,Fastship,2026-05-23,2026-05-24,2026-05-24 03:19:35.624980,2026-05-24 00:15:02.763621,-0.920339738272436,-0.8086917832487919,0.8144607947697886,0.15031511306694503,1.0021198315449311,0.14437175623138923,Delivered,3.0
SHP001065,Delhi,Mumbai,Fastship,2026-05-25,2026-05-25,2026-05-25 07:22:54.328567,2026-05-25 06:37:11.760736,-0.2323098875242719,-0.2237496134689012,-1.1054206277587546,-0.7008956442929283,-0.27997882478300173,0.6981396614893367,Delivered,2.0
SHP001046,Kolkata,Lucknow,Fastship,2026-05-25,2026-05-25,2026-05-26 11:27:44.888469,2026-05-25 18:17:35.171463,-0.12714184764079525,-0.07563691923763614,0.5465292401326425,0.4975419376760681,0.5747712114886521,-2.3754234253671918,Cancelled,5.0
SHP001991,Bangalore,Bangalore,Globalline,2026-05-25,2026-05-25,2026-05-25 19:00:57.929288,2026-05-25 22:43:40.835632,-0.39346587144072426,-0.434445022393657,-0.44540669904492525,-0.2043618312330647,-0.2982579194724901,1.350000480688524,Delayed,3.0
SHP001432,Kolkata,Ahmedabad,Globalline,2026-05-25,2026-05-25,2026-05-25 20:27:22.378341,2026-05-25 21:41:02.984634,0.23249158106200543,0.16118569079308595,-0.43718279946240607,-0.14289972643044888,-0.8875633530566963,1.1743216731210178,Delayed,2.0
SHP003813,Chennai,Lucknow,Ecotrans,2026-05-25,2026-05-25,2026-05-25 08:49:56.567035,2026-05-25 06:41:20.379251,1.7744340098510156,1.2880630401836763,-0.9849758439568442,-0.6389855426146887,-0.678001671660526,0.36751132364453587,Delivered,3.4301601423487544
SHP003879,Bangalore,Kolkata,Globalline,2026-05-25,2026-05-25,2026-05-26 00:44:00.668811,2026-05-25 13:20:58.477761,-0.6033007349980566,-0.6343690332110098,-0.02331312507766128,0.03964837712238534,0.06929349273650963,-1.8438927382888821,Cancelled,4.0
SHP002465,Mumbai,Ahmedabad,Globalline,2026-05-25,2026-05-25,2026-05-25 08:11:48.686303,2026-05-25 07:25:27.689822,-0.787036338771156,-0.6858201489748981,-0.871368586920183,-0.6661085722545999,-1.0192234335420518,-0.19740025922810658,Delayed,4.0
SHP003831,Ahmedabad,Jaipur,Fastship,2026-05-26,2026-05-25,2026-05-27 01:17:24.034682,2026-05-26 17:56:16.400152,1.212978653401984,1.2874919888323064,0.0606424706833668,0.06339845776130675,0.3314075004128008,-2.3754234253671918,Delayed,4.0
SHP000383,Hyderabad,Bangalore,Fastship,2026-05-25,2026-05-25,2026-05-25 11:25:30.595445,2026-05-25 07:11:47.391380,0.9039681234522037,0.36130241908777366,-0.6700812664809057,-0.5283298053309569,-0.6786606625213848,-0.13152807595087723,Cancelled,5.0
SHP004550,Lucknow,Ahmedabad,Fastship,2026-05-25,2026-05-25,2026-05-25 14:51:11.347746,2026-05-25 14:24:20.328650,-0.5004869047797494,-0.47263891143318704,-0.651029988074996,-0.382029088809706,-0.7118473624704027,0.7733609451778447,Delivered,3.0
SHP001337,Delhi,Ahmedabad,Ecotrans,2026-05-25,2026-05-25,2026-05-26 02:34:55.957368,2026-05-26 04:12:05.858163,0.3628007448623995,0.3449988267428366,0.019577999105314804,0.1185474150999944,-0.1541955268380285,1.268006494867203,Delayed,4.0
SHP003109,Jaipur,Ahmedabad,Globalline,2026-05-26,2026-05-25,2026-05-26 13:10:33.722898,2026-05-26 09:18:28.323768,0.8100938606586666,0.2161345731799655,-0.40444013958043284,-0.45360566857856766,-0.26159091837643134,-0.04525467899640965,Delivered,3.4301601423487544
SHP003719,Pune,Delhi,Fastship,2026-05-25,2026-05-25,2026-05-25 12:05:49.524570,2026-05-25 14:20:39.164220,-0.4983109245017049,-0.5454814332962444,-0.7738072558592333,-0.49965318533757824,-0.6861055095110642,1.350000480688524,Delivered,4.0
SHP003555,Kolkata,Lucknow,Globalline,2026-05-25,2026-05-25,2026-05-25 21:29:44.873859,2026-05-25 12:10:12.819108,-0.23128796514977387,-0.043439045168527333,0.11558956412548503,-0.09853210908540297,0.027631405638403713,-1.3512935709029628,Delayed,3.4301601423487544
SHP003211,Hyderabad,Bangalore,Fastship,2026-05-26,2026-05-25,2026-05-27 04:55:12.106299,2026-05-26 23:19:32.229287,-0.5053222205364892,-0.4842105439183525,0.5911272855880206,0.21832160949814153,0.5073054182860602,-0.45837078197882375,Delayed,4.0
SHP001724,Mumbai,Ahmedabad,Globalline,2026-05-26,2026-05-25,2026-05-26 10:17:46.857984,2026-05-26 10:19:41.378684,-0.3010257992853889,-0.4082605201762119,-0.797201970406877,-0.5765057744976536,-0.7901734959902496,0.8880686148485869,Delivered,2.0
SHP001778,Kolkata,Mumbai,Fastship,2026-05-26,2026-05-25,2026-05-26 09:51:19.843630,2026-05-26 09:20:21.033290,0.13932615347458413,0.3604863771094269,-0.8113445489426238,-0.5953199708637487,-0.27997882478300173,0.7568886759030685,Delivered,2.0
SHP003959,Ahmedabad,Pune,Globalline,2026-05-26,2026-05-26,2026-05-26 09:48:46.710393,2026-05-26 09:00:52.842730,-0.8366239537173485,-0.8173420015164513,-0.5878258063878176,-0.5971353790137829,-0.6956033341279876,0.6894113216435718,Delivered,3.0
SHP002204,Ahmedabad,Jaipur,Globalline,2026-05-26,2026-05-26,2026-05-27 02:26:18.650889,2026-05-27 02:05:17.685655,-0.6452331019083262,-0.6474883786602594,0.3001900843929382,0.11241470076892152,0.29689083312354914,0.7966312649133529,Delivered,3.0
SHP003302,Kolkata,Delhi,Globalline,2026-05-26,2026-05-26,2026-05-26 06:58:29.567116,2026-05-26 04:42:34.046317,-0.7187281671725743,-0.7424384976699115,-0.8683184103105264,-0.7182605216203316,-1.026166097508647,0.33830604743074344,Delivered,5.0
SHP004137,Mumbai,Mumbai,Globalline,2026-05-26,2026-05-26,2026-05-26 06:35:04.939445,2026-05-26 05:21:38.834836,-0.9963334497483998,-0.9162006249681114,-1.2071506370162361,-0.7349125076274302,-1.2711247639200347,0.5875537290997745,Cancelled,1.0
SHP003100,Kolkata,Delhi,Fastship,2026-05-26,2026-05-26,2026-05-28 00:35:20.641738,2026-05-28 00:39:42.774224,-0.019610426560648056,-0.20856630107577603,1.2133113996779679,1.057763097165846,1.3927428578422834,0.8978813146351969,Delivered,3.0
SHP002038,Chennai,Pune,Ecotrans,2026-05-27,2026-05-26,2026-05-27 06:52:54.489734,2026-05-27 04:41:23.307323,-0.4550806278380813,-0.4335103475883965,-0.9403018177717296,-0.7222328937954975,-1.0969501351921216,0.35587831123033214,Delivered,4.0
SHP002642,Mumbai,Delhi,Ecotrans,2026-05-26,2026-05-26,2026-05-26 11:58:50.829578,2026-05-26 08:46:28.619663,0.20889627429294322,-0.1422919311257045,-0.6222458585455553,-0.5046168517229892,-0.4375275083620713,-2.3754234253671918,Delayed,4.0
SHP003897,Mumbai,Hyderabad,Fastship,2026-05-26,2026-05-26,2026-05-26 04:57:39.354526,2026-05-26 03:35:22.824588,1.6238936866187266,2.07241666483988,-1.025447507034137,-0.8042124369438772,-0.8044677057917806,0.5522929639960258,In Transit,4.0
SHP003708,Kolkata,Delhi,Fastship,2026-05-26,2026-05-26,2026-05-27 16:24:39.721342,2026-05-27 21:01:13.703988,-0.3459499390656759,-0.20830023015244947,0.960360875262696,0.7087383664337157,0.8336833919210482,1.350000480688524,Delayed,3.0
SHP001371,Chennai,Lucknow,Fastship,2026-05-26,2026-05-26,2026-05-27 13:06:06.064017,2026-05-27 09:31:24.057783,0.35364422666012757,-0.056172895297395234,0.5018399639549123,0.5675008988517254,0.3651407925802975,0.024106322081983968,Delivered,1.0
SHP001487,Bangalore,Delhi,Fastship,2026-05-26,2026-05-26,2026-05-26 07:50:50.607806,2026-05-26 07:48:15.025331,-0.5123182607871338,-0.5884142330877009,-1.1153453546986496,-0.6810232047670872,-0.9354525722810668,0.8701131287759153,Delivered,5.0
SHP004995,Mumbai,Pune,Ecotrans,2026-05-26,2026-05-26,2026-05-26 21:10:35.657870,2026-05-26 20:26:42.543602,1.9714441123095339,1.1316041198089029,-0.14175134990377533,-0.11215616688985798,-0.08801572198522595,0.705415740069497,Delivered,3.0
SHP002472,Ahmedabad,Jaipur,Globalline,2026-05-27,2026-05-26,2026-05-27 04:06:01.635970,2026-05-27 02:18:40.348950,-0.3836432032163182,-0.31639724812304215,-1.1733048359215885,-0.8409361660386322,-1.254779579803005,0.45226213381935326,In Transit,5.0
SHP004480,Lucknow,Pune,Globalline,2026-05-26,2026-05-26,2026-05-28 22:26:12.659831,2026-05-28 05:44:39.500443,3.127986711788795,4.837295696899283,3.944783790908543,1.9901897695637207,-0.27997882478300173,-2.3754234253671918,In Transit,4.0
SHP001462,Bangalore,Kolkata,Fastship,2026-05-26,2026-05-26,2026-05-27 06:55:22.198100,2026-05-26 23:05:02.604373,0.20350420378439354,0.7785086427623867,0.07760261141026095,0.30379788930159474,0.07206700919975154,-0.9954812433694195,Delivered,5.0
SHP000054,Lucknow,Hyderabad,Fastship,2026-05-26,2026-05-26,2026-05-26 08:06:06.514418,2026-05-26 07:40:44.258190,-0.24768057091884899,-0.20718691879275758,-0.9811628758358102,-0.6701650503948683,-0.9139519248036015,0.7792615808891591,In Transit,3.4301601423487544
SHP000811,Ahmedabad,Kolkata,Fastship,2026-05-26,2026-05-26,2026-05-26 13:37:03.718998,2026-05-26 11:33:55.320268,-0.5563938687724587,-0.6146234344888536,-0.0602795095181808,-0.4347561233448718,-0.2853042362631241,0.3893015591494358,Delivered,3.0
SHP000373,Ahmedabad,Mumbai,Globalline,2026-05-26,2026-05-26,2026-05-26 20:49:55.428144,2026-05-26 15:06:25.261061,-0.1734642761850278,-0.29822859345463054,-0.16036622069931675,-0.12685920063929568,0.004763889123834339,-0.48963397175790085,Delivered,1.0
SHP002449,Chennai,Kolkata,Globalline,2026-05-27,2026-05-27,2026-05-28 12:15:23.974900,2026-05-28 11:01:19.351191,-0.7092012602844985,-0.6485056506132435,0.6189780350994054,0.5314366617021128,0.7293189323285995,-0.44033890790934826,In Transit,4.0
SHP001809,Jaipur,Pune,Ecotrans,2026-05-28,2026-05-27,2026-05-29 02:47:48.361852,2026-05-28 21:11:27.386809,-0.3094327646069722,-0.18361868941577145,-0.1064696624717143,0.12770433898244596,-0.31716623062592386,-0.4611028310309488,Cancelled,5.0
SHP004845,Lucknow,Pune,Ecotrans,2026-05-27,2026-05-27,2026-05-27 12:30:24.962664,2026-05-27 09:30:33.474419,-0.5747032946669659,-0.6167221644888978,-0.840333580319929,-0.4821617354605885,-0.7168564212191504,0.16307642725071833,Delivered,4.0
SHP002551,Kolkata,Delhi,Fastship,2026-05-27,2026-05-27,2026-05-27 15:36:11.527055,2026-05-27 10:57:30.871132,0.7577439432261978,0.20164150108973605,-0.701407631180275,-0.35001822286734136,-1.027811837813714,-0.23107328115187228,Delayed,1.0
SHP000022,Jaipur,Jaipur,Ecotrans,2026-05-27,2026-05-27,2026-05-27 11:36:18.080918,2026-05-27 10:15:14.745643,-0.06798281922153603,0.09065834073286808,-0.4493768461647079,-0.520653807440661,-0.4343933224826851,0.5571586815207841,Cancelled,3.4301601423487544
SHP004777,Chennai,Bangalore,Fastship,2026-05-28,2026-05-27,2026-05-28 17:09:27.717784,2026-05-28 08:01:45.604388,0.2742209809910393,0.5341526400073598,-0.3572897556068048,-0.2836748838638287,-0.31682042707925157,-1.3040992270670708,Delivered,5.0
SHP003640,Mumbai,Lucknow,Fastship,2026-05-28,2026-05-27,2026-05-29 14:33:52.684393,2026-05-29 10:28:33.906100,-0.6537124851445522,-0.5139054120742897,0.47839545288323276,0.629937151985355,0.4753846590025891,-0.09799566773745039,Delivered,5.0
SHP000387,Pune,Lucknow,Globalline,2026-05-27,2026-05-27,2026-05-27 09:05:21.778654,2026-05-27 07:19:40.336638,-0.8212110677097758,-0.7973606107699055,-0.6665267721475501,-0.6280170765532935,-0.6529128847878382,0.4588994700104137,Delivered,4.0
SHP004136,Hyderabad,Delhi,Ecotrans,2026-05-27,2026-05-27,2026-05-27 05:57:39.518555,2026-05-27 04:05:22.145304,-0.48689855448820746,-0.3849730691973591,-1.244309136241575,-0.7615321720654767,-1.3173091661301335,0.43257938778339733,Delivered,5.0
SHP001390,Kolkata,Jaipur,Ecotrans,2026-05-26,2026-05-27,2026-05-27 23:45:16.793440,2026-05-27 06:47:26.057105,0.44243135042285064,0.16027196229263344,1.4770494366353735,1.022152208341421,1.3733680253251637,-2.3754234253671918,Delivered,3.0
SHP003619,Hyderabad,Hyderabad,Globalline,2026-05-27,2026-05-27,2026-05-28 07:39:55.055823,2026-05-28 00:55:02.743749,1.0335253026389353,1.085213377072864,0.37009798989830617,0.335484855412263,0.7192024260179009,-0.7344097064506092,Cancelled,1.0
SHP004989,Mumbai,Lucknow,Ecotrans,2026-05-27,2026-05-27,2026-05-27 20:29:11.947157,2026-05-27 14:15:15.328728,-0.32971072832960024,-0.11220273736777019,-0.46094665175230615,-0.14160077837641474,-0.28380861821936326,-0.6110498777557304,In Transit,1.0
SHP000225,Hyderabad,Lucknow,Globalline,2026-05-27,2026-05-27,2026-05-28 13:05:22.151790,2026-05-28 18:09:20.677914,-0.6317914625279242,-0.4522264106172915,0.6007063400009812,0.5669803154858453,0.43019563722614584,1.350000480688524,Delivered,3.0
SHP002625,Bangalore,Pune,Fastship,2026-05-27,2026-05-27,2026-05-27 22:00:07.766949,2026-05-27 20:11:36.922758,-0.7540871295067144,-0.6692584224498633,-0.028133737018950954,-0.07692154931146772,-0.06991717834710857,0.4476382236593007,In Transit,4.0
SHP000626,Mumbai,Bangalore,Fastship,2026-05-26,2026-05-27,2026-05-27 03:39:50.545107,2026-05-27 04:07:52.346539,-0.7870928492683348,-0.7844002993460357,0.08145507198324341,0.1647180992630076,0.4027773941971619,0.9922557920463101,Delivered,4.0
SHP001993,Lucknow,Bangalore,Fastship,2026-05-27,2026-05-27,2026-05-27 14:02:19.592201,2026-05-27 10:07:01.603792,-0.09080233227965433,0.03348583433299532,-0.8166698054930228,-0.4167853116495365,-0.8635265193014064,-0.05805732049379422,Delivered,3.4301601423487544
SHP001921,Kolkata,Mumbai,Fastship,2026-05-27,2026-05-27,2026-05-27 19:52:16.686972,2026-05-27 12:39:22.040414,-0.23583879827808185,-0.3870846578978661,0.32722796945810995,-0.16786288495838209,0.47649631272961857,-0.8462452426194722,Delayed,3.4301601423487544
SHP001976,Kolkata,Delhi,Ecotrans,2026-05-27,2026-05-27,2026-05-27 17:48:51.863861,2026-05-27 18:05:29.257344,0.29891281837753186,-0.039706550410180806,-0.4341168303893109,-0.2556477217678324,-0.33245006385245157,0.9467588170614908,Delivered,5.0
SHP000786,Chennai,Bangalore,Ecotrans,2026-05-27,2026-05-27,2026-05-27 09:14:01.356645,2026-05-27 05:02:45.427294,-0.6565729403924294,-0.6629309626198077,-0.5439644888060424,-0.6218574332435219,-0.6939076424278251,-0.12173778349658193,In Transit,1.0
SHP002001,Lucknow,Mumbai,Globalline,2026-05-27,2026-05-27,2026-05-27 17:27:16.988326,2026-05-27 18:05:48.893118,1.8470398103933634,2.597084674413708,-0.1584607531300379,-0.27099858645114183,0.054427192500650735,1.0341427935775718,Delivered,4.0
SHP001640,Jaipur,Jaipur,Globalline,2026-05-28,2026-05-28,2026-05-29 00:39:06.330711,2026-05-28 18:39:56.727202,-0.670201175174998,-0.5928102230861662,-0.18447962499315831,0.03615897276225415,-0.1708802786287082,-0.5520843211964198,Delivered,4.0
SHP001677,Chennai,Jaipur,Ecotrans,2026-05-29,2026-05-28,2026-05-30 22:39:48.952809,2026-05-30 07:08:56.647866,-0.43217367851863214,-0.29116496757192006,2.5440073155158553,0.9755873081810472,-0.27997882478300173,-2.3754234253671918,Cancelled,5.0
SHP003933,Ahmedabad,Pune,Globalline,2026-05-28,2026-05-28,2026-05-29 01:40:20.671868,2026-05-28 21:42:47.729668,-0.6837160336977416,-0.6706941409205543,-0.10028547540270037,0.07971861408852096,-0.4131717024251718,-0.0670285623711057,Delayed,5.0
SHP000525,Pune,Mumbai,Fastship,2026-05-29,2026-05-28,2026-05-29 15:51:20.870987,2026-05-29 16:52:55.314090,-0.5585161212377564,-0.542497401375947,-0.656567044189563,-0.3392378696391551,-0.8687359387334929,1.126048960130762,Delivered,1.0
SHP000460,Jaipur,Hyderabad,Globalline,2026-05-28,2026-05-28,2026-05-28 10:56:40.549066,2026-05-28 06:33:55.903503,-0.2808561184299559,-0.4377397708608287,-0.8221294236794522,-0.5488396590845147,-0.6345574789409171,-0.1675211562858473,Delivered,4.0
SHP002247,Chennai,Bangalore,Fastship,2026-05-28,2026-05-28,2026-05-30 03:06:24.794775,2026-05-30 00:36:02.912858,-0.2931015203986406,-0.4553980348223178,1.294677216729643,1.165219437890735,1.4255804375567789,-2.0826331800701436,Delivered,3.0
SHP002573,Ahmedabad,Mumbai,Ecotrans,2026-05-28,2026-05-28,2026-05-28 10:52:22.099525,2026-05-28 09:06:02.585258,-0.7339648901260026,-0.5781019529749075,-0.7470804467901118,-0.5519036013899785,-0.7473826163762471,0.4563685639128244,Delivered,3.4301601423487544
SHP004320,Jaipur,Lucknow,Fastship,2026-05-28,2026-05-28,2026-05-28 19:01:46.901009,2026-05-28 18:02:20.690057,-0.6597569978362045,-0.526299954511147,-0.4655896063005904,-0.20378126712356684,-0.6307907492516197,0.6433868338412821,Cancelled,4.0
SHP003926,Pune,Lucknow,Ecotrans,2026-05-27,2026-05-28,2026-05-28 03:53:36.266010,2026-05-28 02:20:53.872231,-0.1436122763531264,0.2187914425388226,0.167955504273254,0.17450709403316378,0.11911084792610696,0.5106877904157289,Delayed,3.0
SHP001897,Pune,Ahmedabad,Ecotrans,2026-05-28,2026-05-28,2026-05-28 10:01:21.227217,2026-05-28 07:56:47.588598,0.6525740002174886,0.2713239822229752,-0.8647795400601904,-0.5881905149417354,-0.9030275346678837,0.3836351183911014,Delayed,2.0
SHP004054,Chennai,Lucknow,Ecotrans,2026-05-29,2026-05-29,2026-05-29 11:51:20.076051,2026-05-29 09:01:22.758997,-0.38446071522229314,-0.19844376813584952,-0.6339601929559533,-0.5099605748894743,-0.5776846474875879,0.20257478762646447,Delivered,3.0
SHP003583,Jaipur,Delhi,Ecotrans,2026-05-29,2026-05-29,2026-05-30 03:45:57.730858,2026-05-29 15:51:01.410224,-0.24884501609957937,-0.04240985041819086,0.17030909280199394,0.16907111901269242,0.08469077998479321,-1.971137177702823,Cancelled,4.0
SHP004306,Delhi,Bangalore,Fastship,2026-05-29,2026-05-29,2026-05-29 07:49:18.089799,2026-05-29 05:12:13.259155,0.4064662492108753,0.2861814666871045,-0.883030025256889,-0.6821200139692545,-0.9155484114308459,0.2539269014106994,Cancelled,2.0
SHP003349,Kolkata,Chennai,Fastship,2026-05-29,2026-05-29,2026-05-29 10:18:25.598323,2026-05-29 08:30:02.249228,0.07387422201685902,-0.08330597188367345,-0.935417654854131,-0.5760465043384152,-1.1364027096265934,0.44813647064155604,In Transit,3.0
SHP004570,Chennai,Lucknow,Fastship,2026-05-29,2026-05-29,2026-05-29 06:56:04.802762,2026-05-29 06:30:06.704666,-0.26937622453552906,-0.29039165712594767,-1.0520632321111676,-0.7199767159179705,-0.8786223078685573,0.7768789426188294,Delivered,3.0
SHP000955,Chennai,Pune,Fastship,2026-05-29,2026-05-29,2026-05-29 15:48:14.875123,2026-05-29 09:03:51.230698,-0.08999100219761068,-0.3101659871503738,-0.696905292742062,-0.34144286715619676,-0.5531948067654293,-0.7325039844154804,In Transit,4.0
SHP001114,Pune,Pune,Fastship,2026-05-30,2026-05-29,2026-05-30 23:25:03.091660,2026-05-31 00:41:46.257567,3.1462647044661334,3.6817724365781093,0.33942724365344734,-0.01651602152240801,0.8277611122773606,1.1864575786193863,Delivered,5.0
SHP001898,Jaipur,Pune,Ecotrans,2026-05-29,2026-05-29,2026-05-30 02:24:37.201860,2026-05-30 02:35:39.479842,-0.5025078440635131,-0.24721921874219344,0.49884485174810106,0.11121201350892669,0.7034073172179723,0.9244815457523258,Delayed,2.0
SHP000226,Pune,Kolkata,Fastship,2026-05-29,2026-05-29,2026-05-31 19:36:42.350778,2026-05-31 14:15:07.146539,-0.603529459515323,-0.6541668013515515,3.0490904458261934,1.8696198508631825,2.987866091838553,-0.4022199788215988,Delivered,3.0
SHP001874,Pune,Delhi,Ecotrans,2026-05-29,2026-05-29,2026-05-30 01:26:07.791533,2026-05-29 12:42:31.197622,-0.718757253771689,-0.7285747774440335,0.22240033897154823,0.06960764184042512,0.34829335946726414,-2.3754234253671918,Cancelled,2.0
SHP002869,Kolkata,Kolkata,Ecotrans,2026-05-30,2026-05-29,2026-05-30 10:55:36.722654,2026-05-30 10:37:29.066022,0.0659784882622594,0.2352195818305582,-0.6460181230901285,-0.5495963268765125,-0.3664437077343556,0.8081521964591787,Delivered,3.0
SHP002478,Jaipur,Mumbai,Ecotrans,2026-05-29,2026-05-29,2026-05-29 11:10:05.219221,2026-05-29 05:32:44.615244,-0.20377376788796472,-0.18933041944404166,-0.4866539769252678,-0.5393002228099897,-0.6514533827323855,-0.46506674776004775,In Transit,5.0
SHP001538,Ahmedabad,Lucknow,Fastship,2026-05-29,2026-05-29,2026-05-29 12:53:29.542010,2026-05-29 12:34:26.120586,-0.286230147264825,-0.39175444946079013,-0.8160045568879611,-0.4657474241222651,-0.27997882478300173,0.804445153970317,Cancelled,3.0
SHP004236,Hyderabad,Hyderabad,Fastship,2026-05-29,2026-05-29,2026-05-29 13:30:03.554819,2026-05-29 09:45:59.503292,-0.28292727434710363,-0.199630996788527,-0.2355673533290983,-0.4397372070625972,-0.023053938169936953,-0.01325642432287469,Delivered,5.0
SHP002618,Delhi,Lucknow,Ecotrans,2026-05-29,2026-05-29,2026-05-30 13:27:48.710770,2026-05-29 21:08:33.124207,-0.4765570848324842,-0.2974039253599381,1.2393988444993813,0.5829438920092426,1.504718042777411,-2.3754234253671918,In Transit,5.0
SHP000327,Jaipur,Kolkata,Fastship,2026-05-29,2026-05-29,2026-05-29 10:29:32.629292,2026-05-29 09:29:07.931647,-0.2030465994092824,-0.2842813431650018,-0.8183575365760121,-0.5681387928509793,-0.7960331945746534,0.6394988491791317,Delayed,5.0
SHP004919,Ahmedabad,Kolkata,Globalline,2026-05-30,2026-05-29,2026-05-31 04:57:33.381677,2026-05-30 18:07:42.415648,-0.663020848650573,-0.6652982496568994,0.5597236993440056,0.21999644166431914,0.5657131977340528,-1.7115232719465445,Delivered,1.0
SHP003691,Hyderabad,Mumbai,Globalline,2026-05-30,2026-05-29,2026-05-30 19:42:11.252089,2026-05-30 15:10:59.037130,-0.24624105643391972,0.04395497718049453,-0.27563885201064026,-0.17504036936864065,-0.27997882478300173,-0.20126254129841653,Cancelled,2.0
SHP004482,Jaipur,Kolkata,Ecotrans,2026-05-29,2026-05-29,2026-05-30 00:43:06.838176,2026-05-29 13:24:22.317039,0.28488345126080067,0.593069243258865,0.03143527332560625,0.039010210158723496,0.1597832157503929,-1.8267637706852313,In Transit,1.0
SHP004909,Pune,Mumbai,Globalline,2026-05-30,2026-05-29,2026-05-30 04:19:25.847011,2026-05-30 01:46:10.278313,-0.5261750104044335,-0.5038038617763904,-1.1697368872281053,-0.8314021725970583,-0.898572233223597,0.2691674097031199,Cancelled,5.0
SHP004192,Mumbai,Lucknow,Ecotrans,2026-05-29,2026-05-29,2026-05-29 11:23:39.067378,2026-05-29 08:11:04.853438,-0.4666930412294813,-0.21259992115068982,-0.7870466983405048,-0.5296519804918802,-0.7550392344982013,0.11237317063834673,In Transit,4.0
SHP004578,Jaipur,Ahmedabad,Ecotrans,2026-05-31,2026-05-30,2026-06-01 04:00:55.208497,2026-06-01 01:29:29.184612,-0.15982926056064273,0.01809188611169413,0.3350994053853373,0.17971079626920922,0.43874083332115854,0.2764495542545672,Delivered,4.0
SHP000660,Kolkata,Jaipur,Globalline,2026-05-29,2026-05-30,2026-05-30 07:40:32.385162,2026-05-30 02:30:48.982237,-0.7766756919849469,-0.6936383500765222,0.6003419158992259,0.3359273980465619,0.9475208526370458,-0.35490199161157676,Delayed,5.0
SHP000807,Hyderabad,Lucknow,Globalline,2026-05-30,2026-05-30,2026-05-30 04:10:31.848466,2026-05-30 01:55:38.530843,0.572788812391906,0.7811045374367038,-1.1507249005393856,-0.8377327728507884,-1.0055076964594005,0.342441090494728,Cancelled,1.0
SHP001204,Ahmedabad,Kolkata,Fastship,2026-05-30,2026-05-30,2026-05-30 16:04:58.998151,2026-05-30 14:19:54.739351,-0.5875573698600457,-0.5470599945633583,-0.5489294830699414,-0.3295388993265458,-0.7933194512052235,0.4613712762638024,Delivered,2.0
SHP002120,Mumbai,Ahmedabad,Fastship,2026-05-30,2026-05-30,2026-05-30 14:21:35.154549,2026-05-30 14:55:23.601554,1.7949767719438088,0.8958139094395118,-0.6966551927078735,-0.40308601720265236,-0.5940597335242912,1.015299541006887,Delivered,5.0
SHP002147,Ahmedabad,Chennai,Fastship,2026-05-30,2026-05-30,2026-05-30 10:06:12.307199,2026-05-30 11:20:08.263984,-0.8131563867260782,-0.6963981371369506,-1.0086578985597758,-0.5847397358523241,-0.8672250635859399,1.1753421185316082,Delivered,3.0
SHP002524,Jaipur,Jaipur,Fastship,2026-05-30,2026-05-30,2026-05-30 21:07:54.402693,2026-05-30 13:27:13.921162,-0.06675200950224752,0.026136604568780423,0.14030941872602418,-0.11406786135772946,0.38716138464997285,-0.956983950733773,Cancelled,5.0
SHP000122,Pune,Jaipur,Fastship,2026-05-31,2026-05-30,2026-05-31 10:26:13.454658,2026-05-31 06:46:21.878705,-0.288619286690647,-0.3502363557743871,-0.500595918313275,-0.5705000258569451,-0.46149016125138326,0.003527242335789343,Cancelled,4.0
SHP000729,Kolkata,Hyderabad,Fastship,2026-05-30,2026-05-30,2026-05-30 20:56:33.508533,2026-05-30 17:20:54.202502,-0.5394508282075012,-0.46364819556833464,-0.2876922486725349,-0.12213992219771827,0.025151574646719205,0.020297237990320027,Delivered,4.0
SHP002640,Pune,Jaipur,Ecotrans,2026-05-30,2026-05-30,2026-05-30 11:57:55.764456,2026-05-30 08:22:41.280223,-0.5798341020156283,-0.6324228225240455,-0.5864339670981957,-0.5052696536387484,-0.5217938470145131,0.021947301705001244,Delivered,4.0
SHP003226,Chennai,Jaipur,Globalline,2026-05-30,2026-05-30,2026-05-31 00:05:29.337780,2026-05-30 17:40:22.541657,1.5221292964090538,1.6048111417404864,-0.13424374939188014,0.012247342106079407,-0.10723153966292179,-0.6556008766502538,Delivered,3.0
SHP004936,Chennai,Chennai,Fastship,2026-05-31,2026-05-30,2026-05-31 21:20:21.490638,2026-05-31 16:00:55.098719,-0.43042375696784657,-0.2981305041616184,-0.29643441787965263,-0.10521106729414224,-0.3552989873109584,-0.3936569998127499,Delivered,2.0
SHP002359,Pune,Ahmedabad,Fastship,2026-05-31,2026-05-30,2026-05-31 15:59:16.854633,2026-05-31 16:47:23.392801,-0.2549350128872437,0.04948028675155966,-0.32859235525022934,-0.3335950411652784,-0.11821230065351226,1.0723423503938154,Delivered,1.0
SHP004459,Jaipur,Hyderabad,Ecotrans,2026-05-31,2026-05-30,2026-06-01 03:40:30.633553,2026-05-31 19:42:51.020002,-0.6120635783336192,-0.5080834827775728,0.7472381998065809,0.16519335136096974,0.7992455963509407,-1.024732176171418,Delayed,3.0
SHP004573,Delhi,Ahmedabad,Fastship,2026-05-30,2026-05-30,2026-05-31 02:13:55.638592,2026-05-31 00:00:19.711483,-0.668141508767081,-0.6068324836257046,0.14193264744459844,0.10360622388512732,0.2886333726034508,0.3475857330791177,Delivered,3.4301601423487544
SHP002063,Ahmedabad,Delhi,Fastship,2026-05-31,2026-05-31,2026-06-01 14:24:54.631465,2026-06-01 17:55:27.255958,-0.32648893448885863,-0.11639043197744278,1.1640969086387318,0.6235584866514752,0.8955947852161654,1.350000480688524,Cancelled,4.0
SHP002252,Mumbai,Bangalore,Ecotrans,2026-05-31,2026-05-31,2026-06-02 12:19:33.053510,2026-06-01 06:16:25.796962,-0.2715832583121536,-0.07811465876001938,2.943932415610698,1.5586691980493605,2.7830149517922087,-2.3754234253671918,Delivered,5.0
SHP004924,Bangalore,Chennai,Globalline,2026-06-01,2026-05-31,2026-06-01 23:01:21.037669,2026-06-01 18:44:31.479683,0.03846692118920921,-0.2322663150779458,-0.27529383506247357,-0.03337459810674163,-0.39483287622292407,-0.14391621331025214,Delayed,4.0
SHP000443,Delhi,Kolkata,Ecotrans,2026-05-30,2026-05-31,2026-05-31 06:43:06.583975,2026-05-31 07:35:12.313632,-0.2637955856170404,-0.1304444889329962,0.8105225051403278,0.2950771183958722,0.7626796074714779,1.0882429389353647,Delivered,2.0
SHP000461,Chennai,Mumbai,Ecotrans,2026-05-31,2026-05-31,2026-06-01 05:34:44.188204,2026-05-31 22:43:45.972304,1.5297420497208278,1.0813203735475887,0.12051984176686877,0.24644285152671236,0.2810067485600852,-0.7587336746960036,Delivered,5.0
SHP000924,Hyderabad,Chennai,Fastship,2026-05-31,2026-05-31,2026-05-31 23:49:55.257840,2026-06-01 01:59:29.706105,-0.23899393139279976,-0.2952067927348107,-0.22989817489314,0.0011737413021691585,-0.41115536676104164,1.350000480688524,Delivered,5.0
SHP004160,Lucknow,Chennai,Fastship,2026-05-31,2026-05-31,2026-05-31 04:39:46.763018,2026-05-31 04:38:38.141405,-0.7631541405360591,-0.7648574760677536,-1.0826463686979253,-0.816928104700661,-0.8098924378045453,0.8758939736197737,Delivered,5.0
SHP003993,Ahmedabad,Mumbai,Fastship,2026-05-31,2026-05-31,2026-05-31 09:03:22.073155,2026-05-31 07:00:31.528024,-0.4747045905074819,-0.21471010282453426,-0.9804700943354167,-0.629436195890336,-1.0238215668022177,0.39048840209636376,Delivered,5.0
SHP004323,Pune,Mumbai,Ecotrans,2026-05-31,2026-05-31,2026-05-31 11:21:48.657644,2026-05-31 07:38:53.629197,-0.5958705751484348,-0.6424377533071826,-0.7169191963606139,-0.530960897708852,-0.5817431824947175,-0.008668018608529022,Delivered,4.0
SHP000898,Pune,Ahmedabad,Globalline,2026-05-31,2026-05-31,2026-05-31 00:30:45.219808,2026-05-31 00:30:35.854723,0.03505141152141326,0.23320934701787535,-1.2466851023044159,-0.9940614288500409,-1.220757523174332,0.8798331341395228,Cancelled,4.0
SHP004564,Lucknow,Delhi,Globalline,2026-05-31,2026-05-31,2026-05-31 15:21:17.627629,2026-05-31 12:16:59.044544,-0.6587901759627961,-0.6078771995079622,-0.6807754571936381,-0.3606154800941614,-0.46803520799130427,0.14532092445182498,In Transit,3.4301601423487544
SHP002328,Chennai,Delhi,Globalline,2026-05-31,2026-05-31,2026-05-31 16:47:36.255219,2026-05-31 10:37:43.080877,2.853337158218147,2.158657335841254,-0.11885834790840104,-0.29922238925667993,0.19606988635503517,-0.5948665918184114,Delivered,4.0
SHP003730,Chennai,Pune,Ecotrans,2026-06-01,2026-05-31,2026-06-02 08:17:55.819206,2026-06-01 23:50:28.130202,-0.8917251962894515,-0.8200801402353107,0.1986532472507945,0.36252350825182145,0.28765502111996794,-1.1435969910453179,Cancelled,3.0
SHP004180,Delhi,Mumbai,Globalline,2026-05-31,2026-05-31,2026-05-31 09:32:41.296214,2026-05-31 06:15:07.169347,-0.8815380789032694,-0.7660196650086173,-0.7869029318776533,-0.6085804500062136,-1.0635008144326967,0.09243603963734047,Cancelled,4.0
SHP002901,Kolkata,Bangalore,Fastship,2026-05-31,2026-05-31,2026-06-01 07:21:35.127866,2026-05-31 14:32:38.711155,0.40141321634992827,0.34483489255424077,1.4866693193734861,0.3224451116218873,1.2998361568820214,-2.3754234253671918,In Transit,3.0
SHP003026,Bangalore,Pune,Ecotrans,2026-05-31,2026-05-31,2026-05-31 20:06:33.324152,2026-05-31 12:09:34.537642,-0.20192562287768967,-0.29798491411850647,-0.29862315320082294,-0.1577073749806613,0.12615333385047092,-1.0220181415582972,Cancelled,4.0
SHP003657,Jaipur,Pune,Ecotrans,2026-05-31,2026-05-31,2026-06-01 16:06:14.425458,2026-06-01 19:11:22.490000,-0.6666822818662002,-0.5629701003408205,1.0332931454350074,0.6956349853765708,0.9471502835653516,1.350000480688524,Cancelled,3.0
SHP003461,Chennai,Jaipur,Fastship,2026-06-01,2026-05-31,2026-06-01 11:41:13.019002,2026-06-01 07:36:31.159387,-0.335087599507931,-0.46280114773900854,-0.4431668584019401,-0.5171572902193174,-0.46385171648890655,-0.09554144701734808,Delayed,5.0
SHP000499,Jaipur,Mumbai,Ecotrans,2026-05-31,2026-05-31,2026-06-01 12:31:14.263367,2026-06-01 00:28:02.033462,7.1989521923372966,6.738164758611648,0.5475225358194038,0.5427024160287276,0.8638123057509887,-2.0041034396090347,Delayed,4.0
SHP004901,Mumbai,Bangalore,Ecotrans,2026-05-31,2026-05-31,2026-06-01 07:53:26.226713,2026-06-01 00:51:46.222151,-0.1124745694176801,-0.23874984434245816,0.746920733937525,0.3451013584922984,1.0759099220819022,-0.8013974730098873,Delivered,5.0
SHP004857,Chennai,Pune,Globalline,2026-06-01,2026-05-31,2026-06-01 12:43:50.796469,2026-06-01 09:35:20.088122,1.2825688575140133,2.352551481336382,-0.6046048898601899,-0.4726085040080342,-0.2699082204419386,0.12856054527298091,Delivered,4.0
SHP001279,Pune,Hyderabad,Fastship,2026-06-01,2026-06-01,2026-06-03 12:28:19.204598,2026-06-03 09:19:00.989232,0.04697354594747077,0.45822127597686774,2.5441251620500553,1.56490676601322,2.852731507441972,0.12540244978591872,Cancelled,5.0
SHP000883,Lucknow,Lucknow,Fastship,2026-05-31,2026-06-01,2026-06-02 00:13:05.242764,2026-06-01 10:44:22.663670,-0.00998780373158499,-0.24714660453187196,3.6359536622507562,1.0419318235133,3.5365538749400267,-2.3451505724723622,Cancelled,3.0
SHP004127,Pune,Chennai,Ecotrans,2026-06-01,2026-06-01,2026-06-01 12:59:18.467595,2026-06-01 12:53:08.411409,-0.6972809034853811,-0.6429035801472088,-0.8451971676632377,-0.4616108802636722,-0.597593570471392,0.8558556890741617,Delivered,1.0
SHP003324,Lucknow,Hyderabad,Ecotrans,2026-06-02,2026-06-01,2026-06-02 08:04:26.504738,2026-06-02 07:44:27.202347,-0.5553267005158341,-0.3340714036256855,-0.7074612190520219,-0.6713506740516306,-0.8184444061879769,0.8007303885859562,In Transit,1.0
SHP002183,Jaipur,Jaipur,Fastship,2026-06-01,2026-06-01,2026-06-02 15:14:06.858252,2026-06-02 15:02:53.343547,0.012243421071555072,-0.17819626011714212,2.707791922722389,0.6585573978903547,2.619042795994862,0.8356828598893953,In Transit,4.0
SHP002888,Delhi,Ahmedabad,Globalline,2026-06-01,2026-06-01,2026-06-01 18:50:03.637276,2026-06-01 12:45:13.711263,-0.8462389703170083,-0.7925920954517875,-0.45608790592681936,-0.21211852125166775,-0.8010425477884631,-0.5747077353076708,Cancelled,2.0
SHP001984,Lucknow,Mumbai,Ecotrans,2026-06-01,2026-06-01,2026-06-01 16:35:19.303238,2026-06-01 11:40:35.481420,-0.5056808063840474,-0.457886941540711,-0.40844097192897344,-0.3079590205524116,-0.36486788361003814,-0.2951010802080841,Delivered,3.0
SHP002445,Pune,Mumbai,Globalline,2026-06-02,2026-06-01,2026-06-02 18:20:33.301247,2026-06-02 12:26:34.262757,1.7292933598553668,0.9367974043082521,-0.2666105186509161,-0.23310601238906792,-0.229819301946332,-0.531439077491626,In Transit,4.0
SHP004698,Lucknow,Jaipur,Fastship,2026-06-01,2026-06-01,2026-06-02 01:38:40.023525,2026-06-01 18:26:29.432144,-0.011493364275528049,-0.19940018821150146,0.05270769134231421,0.07852541902541901,0.10240254837021637,-0.843316613153889,Cancelled,4.0
SHP003769,Chennai,Bangalore,Ecotrans,2026-06-02,2026-06-01,2026-06-03 02:30:21.622644,2026-06-02 22:50:45.060549,-0.49254398920596676,-0.4330704134863671,1.3687660542827949,0.1152951525409509,1.433818200643177,0.004525309530727205,Cancelled,3.0
SHP001716,Bangalore,Kolkata,Fastship,2026-06-02,2026-06-01,2026-06-03 08:05:38.764212,2026-06-03 10:06:48.993250,-0.26380627449264754,-0.25225394916463434,0.3908740535121469,0.35378565570923587,-0.27997882478300173,1.350000480688524,In Transit,3.4301601423487544
SHP002874,Ahmedabad,Hyderabad,Globalline,2026-06-01,2026-06-01,2026-06-01 09:35:47.133817,2026-06-01 09:24:11.952813,0.5080743916227289,1.1662200768959743,-0.7458543933887792,-0.6063773286824458,-0.7931380888127508,0.834242562381079,Cancelled,5.0
SHP000008,Jaipur,Pune,Fastship,2026-06-01,2026-06-01,2026-06-01 19:09:51.148956,2026-06-01 16:31:03.106565,-0.6809348032805586,-0.5838835503646176,0.4043528286351735,-0.19804046463189034,0.09028133596302242,0.2470657562731251,Delivered,3.0
SHP001242,Lucknow,Kolkata,Ecotrans,2026-05-31,2026-06-01,2026-06-02 23:37:56.398212,2026-06-02 14:45:31.993710,-0.8518582670419521,-0.8128147077862371,2.495423349731826,2.0412109709952695,2.4556858049426533,-1.2430932456861263,Delivered,5.0
SHP000914,Ahmedabad,Lucknow,Globalline,2026-06-01,2026-06-01,2026-06-01 15:11:50.907317,2026-06-01 08:36:48.366331,-0.8323883202390614,-0.7231667341357765,-0.44496080644822933,-0.3673339998066257,-0.2556023278126771,-0.6952038490716709,Delivered,5.0
SHP004951,Lucknow,Hyderabad,Globalline,2026-06-02,2026-06-01,2026-06-02 17:31:49.648014,2026-06-02 13:17:15.697549,-0.29603859279200206,-0.32774241515486907,-0.5304748747203848,-0.2677661815923318,-0.6272378941123327,-0.13490151381749352,Delivered,5.0
SHP004836,Ahmedabad,Kolkata,Ecotrans,2026-06-01,2026-06-01,2026-06-01 22:44:42.330905,2026-06-01 21:43:02.401780,0.34718888955812527,0.433509986110492,-0.1569355282052795,-0.04521435565085216,0.018766792323686287,0.6344977313975044,Delayed,3.0
SHP003170,Pune,Bangalore,Fastship,2026-06-02,2026-06-01,2026-06-02 13:37:12.754188,2026-06-02 11:53:57.588150,-0.2592245995075057,-0.11091959127249355,-0.2602592235120563,-0.43464901036024534,-0.36926641026177337,0.4686233700932077,Delayed,3.0
SHP002244,Lucknow,Kolkata,Ecotrans,2026-06-01,2026-06-01,2026-06-02 01:15:20.391115,2026-06-02 01:57:59.579166,0.5608088915135844,0.07781121175095594,0.4394216200123648,0.06193265227378674,0.5396653286403056,1.0505812938394785,In Transit,3.4301601423487544
SHP004740,Hyderabad,Delhi,Globalline,2026-06-03,2026-06-02,2026-06-03 14:40:46.663324,2026-06-03 14:15:02.574984,2.1831060619303857,1.46290228071342,-0.5523183121862503,-0.3894347782126901,-0.3524439393877272,0.7778102607299162,Delivered,1.0
SHP004260,Hyderabad,Chennai,Fastship,2026-06-02,2026-06-02,2026-06-02 10:25:08.906943,2026-06-02 10:39:30.052219,-0.12881346198214172,-0.324195955636325,-0.9797060513114177,-0.5712652447568746,-0.970073036235156,0.9377015270714157,In Transit,3.0
SHP001418,Delhi,Delhi,Globalline,2026-06-02,2026-06-02,2026-06-02 09:13:09.947015,2026-06-02 07:49:01.361689,-0.8231632278249632,-0.7596047900939866,-0.8238286309761443,-0.6224668989721897,-0.43902935804829335,0.5448439254625029,Cancelled,4.0
SHP002635,Ahmedabad,Jaipur,Fastship,2026-06-02,2026-06-02,2026-06-03 12:06:15.927998,2026-06-02 23:08:12.723116,0.7434223287490219,1.423100283898369,1.115061711088574,0.5249395169101667,1.1124951150257563,-2.222875600895307,In Transit,4.0
SHP004539,Bangalore,Bangalore,Fastship,2026-06-02,2026-06-02,2026-06-02 14:42:27.579548,2026-06-02 10:08:28.986479,0.24404979092659077,0.198473598817874,-0.0596231201129792,-0.3882384074009541,0.2337521263599995,-0.21232275870201575,Delivered,1.0
SHP002124,Hyderabad,Chennai,Fastship,2026-06-02,2026-06-02,2026-06-02 10:29:50.685333,2026-06-02 07:16:27.082379,-0.8197634571536879,-0.7353104458497995,-0.5508173217133902,-0.5679247368800548,-0.9681390602913275,-2.3754234253671918,Delivered,3.4301601423487544
SHP004871,Delhi,Pune,Ecotrans,2026-06-02,2026-06-02,2026-06-02 06:39:35.598976,2026-06-02 04:35:20.934611,-0.7474597206983744,-0.6819892502385572,-1.0619471796539346,-0.7317038148107053,-1.0654331100222054,0.38489645844545783,Cancelled,1.0
SHP002093,Jaipur,Mumbai,Fastship,2026-06-03,2026-06-02,2026-06-04 10:19:55.666963,2026-06-04 19:30:05.595118,0.0253223794694883,0.514276166922584,0.31634608054282565,0.44930095467714,0.7060236116984531,1.350000480688524,Delivered,3.0
SHP001799,Mumbai,Ahmedabad,Ecotrans,2026-06-02,2026-06-02,2026-06-02 13:08:51.161289,2026-06-02 12:29:39.889143,-0.6522804698912817,-0.6790161035557305,-0.7632583839305355,-0.4548215455671736,-0.4758298936912589,0.7241515890511435,Cancelled,4.0
SHP001233,Hyderabad,Lucknow,Ecotrans,2026-06-02,2026-06-02,2026-06-02 05:05:39.962549,2026-06-02 03:50:49.332060,-0.48441956380323403,-0.5784050616981503,-1.2288251789737528,-0.7985147860731046,-1.5980615227075907,0.5819347530876625,Delivered,3.4301601423487544
SHP000028,Mumbai,Pune,Ecotrans,2026-06-02,2026-06-02,2026-06-02 20:33:41.336258,2026-06-02 21:36:50.522440,-0.4507812339003864,-0.5598801102754057,-0.12244682634176392,-0.13840714661383385,-0.16129513884977384,1.1323471387266504,Cancelled,3.4301601423487544
SHP002487,Kolkata,Hyderabad,Ecotrans,2026-06-02,2026-06-02,2026-06-02 13:49:59.766173,2026-06-02 09:52:05.834783,-0.37803420087062095,-0.40257799235907926,-0.26641560962240063,-0.42555601503448176,-0.1777852365927358,-0.06842384811227348,Cancelled,4.0
SHP004196,Pune,Bangalore,Fastship,2026-06-02,2026-06-02,2026-06-02 04:28:58.042035,2026-06-02 03:33:17.579731,0.8717836495922419,1.7129266129854208,-1.257578492660357,-0.8246187496748282,-1.0984359219640103,0.6583937907387286,Delivered,5.0
SHP004959,Bangalore,Ahmedabad,Fastship,2026-06-02,2026-06-02,2026-06-03 16:58:11.204061,2026-06-03 07:30:55.277419,-0.5388523544650494,-0.5880085650940973,1.1729491231297575,0.7325846730307153,-0.27997882478300173,-1.382130103196055,Cancelled,3.4301601423487544
SHP001914,Delhi,Jaipur,Ecotrans,2026-06-01,2026-06-02,2026-06-02 05:42:41.174616,2026-06-02 07:27:29.761328,-0.4376228229381881,-0.5364396523158015,0.09457536302480865,0.2520975678809941,-0.13901727483275383,1.2984982822903761,Delivered,3.0
SHP001545,Delhi,Lucknow,Globalline,2026-06-02,2026-06-02,2026-06-03 04:35:54.035018,2026-06-02 22:19:20.644297,-0.6458205574904533,-0.5410455341106915,1.007690530131454,0.2045925714165772,1.0946320925801183,-0.6214715349820362,In Transit,3.4301601423487544
SHP002737,Chennai,Mumbai,Fastship,2026-06-02,2026-06-03,2026-06-03 12:40:27.848698,2026-06-03 03:40:59.245347,0.43365891516941196,0.26599019424351633,0.6558391554469629,0.5492652193747869,0.5109451228130414,-1.2712924570625304,Delivered,3.0
SHP001092,Lucknow,Bangalore,Ecotrans,2026-06-03,2026-06-03,2026-06-03 05:09:25.356762,2026-06-03 03:47:34.463225,-0.6000218053678055,-0.61990990271772,-1.1968028831035569,-0.7958427176250873,-1.2925595785524862,0.5539971795836762,Delayed,4.0
SHP000344,Jaipur,Delhi,Fastship,2026-06-02,2026-06-03,2026-06-03 20:08:53.928001,2026-06-03 00:33:27.209679,-0.6752539361917093,-0.5393299101498561,1.2108959728656123,0.8682391834297818,1.4781584163882895,-2.3754234253671918,Delivered,5.0
SHP001824,Pune,Bangalore,Globalline,2026-06-03,2026-06-03,2026-06-04 06:24:41.540755,2026-06-04 00:47:54.078762,2.61279423852999,2.360590586012649,0.20489976008448973,0.2819767327012001,0.27058212985233526,-0.4628635880521595,Delivered,4.0
SHP000371,Kolkata,Jaipur,Globalline,2026-06-03,2026-06-03,2026-06-03 13:36:09.134812,2026-06-03 07:50:32.395308,-0.36018388615750796,-0.4239656390414141,-0.450379714084299,-0.4354032237253705,-0.43297756975687773,-0.49804805035009,Delivered,3.0
SHP004700,Jaipur,Hyderabad,Globalline,2026-06-03,2026-06-03,2026-06-03 22:50:00.177303,2026-06-03 23:33:30.567019,0.6552936084140359,0.7089656644960806,-0.1595220883755945,-0.04144625832568097,-0.28200070422237283,1.0539849960832788,In Transit,2.0
SHP001686,Jaipur,Mumbai,Ecotrans,2026-06-03,2026-06-03,2026-06-03 22:55:18.761131,2026-06-03 18:29:00.828337,-0.548623649995549,-0.6367371995355363,-0.2856534527521521,-0.03766941869984505,-0.10270911860319389,-0.1816997230712959,Delivered,3.0
SHP004940,Delhi,Kolkata,Ecotrans,2026-06-03,2026-06-03,2026-06-03 20:06:25.650645,2026-06-03 19:03:53.612181,0.04717043896981854,0.07950704441042411,-0.33957788768813163,-0.15779834508255267,0.044842120764802464,0.6310336902559273,Delivered,4.0
SHP000068,Hyderabad,Mumbai,Ecotrans,2026-06-03,2026-06-03,2026-06-03 12:36:08.644103,2026-06-03 11:32:12.623042,-0.23687929326855245,-0.189775345746339,-0.8109003890052634,-0.478087361421554,-0.6661459081910588,0.6254508297405694,Delivered,3.4301601423487544
SHP003659,Delhi,Jaipur,Ecotrans,2026-06-05,2026-06-04,2026-06-05 07:38:19.220906,2026-06-05 07:59:35.213602,-0.6340615261754863,-0.5483734908770725,-0.9607951724564727,-0.6899309633239334,-0.8541102263554984,0.9652790891348524,Delivered,3.0
SHP002733,Mumbai,Jaipur,Fastship,2026-06-04,2026-06-04,2026-06-04 13:44:32.279501,2026-06-04 11:26:42.613549,-0.5387080136724882,-0.5057897267559466,-0.09056341792356837,-0.42943839866997763,-0.3606448332651831,0.3307180888480483,Delivered,3.0
SHP004540,Jaipur,Jaipur,Ecotrans,2026-06-04,2026-06-04,2026-06-04 23:48:14.781877,2026-06-04 13:28:42.409743,0.20491501358453018,0.5830661409353347,0.3442181254737927,-1.741016953757096e-05,-0.004261864940697614,-1.5906297009860466,Cancelled,3.0
SHP004103,Pune,Pune,Ecotrans,2026-06-05,2026-06-04,2026-06-05 19:00:05.288413,2026-06-05 20:16:57.079567,1.6834726105327293,2.361902541199714,-0.09081484049968129,-0.20498589348962867,0.11911666870567623,1.1870309539689423,In Transit,5.0
SHP001465,Chennai,Lucknow,Ecotrans,2026-06-05,2026-06-04,2026-06-05 12:03:09.443674,2026-06-05 06:16:39.449127,-0.055155773208184204,0.29133677454279305,-0.6306150736563091,-0.5015509586100853,-0.6222112882296373,-0.5015882537663808,Delivered,3.0
SHP001116,Delhi,Lucknow,Fastship,2026-06-04,2026-06-04,2026-06-04 18:55:09.994104,2026-06-04 11:05:30.458685,-0.4727867371102048,-0.471225626659178,0.0857617554581995,-0.20848663380052804,0.11158088134902266,-0.9928183113569069,In Transit,4.0
SHP004443,Lucknow,Ahmedabad,Globalline,2026-06-04,2026-06-04,2026-06-04 11:06:39.720610,2026-06-04 08:24:40.840128,-0.5685261889703289,-0.41484530864795566,-0.8900997208704886,-0.5417364271224742,-1.044111203090376,0.23437952744561966,Delivered,3.4301601423487544
SHP002420,Pune,Pune,Ecotrans,2026-06-04,2026-06-04,2026-06-04 18:40:02.942136,2026-06-04 12:42:58.593931,1.8764826246913053,0.9409928319016757,0.3601588946650764,-0.21923981557732286,0.7880929284831862,-0.5437577997976977,Delayed,4.0
SHP001091,Ahmedabad,Jaipur,Fastship,2026-06-03,2026-06-04,2026-06-05 20:23:34.956512,2026-06-05 05:51:29.295344,-0.34902711722892166,-0.40907255119523206,4.12312447989585,1.9029635420797508,4.043639800839124,-2.3754234253671918,Delivered,2.0
SHP004511,Pune,Delhi,Globalline,2026-06-04,2026-06-04,2026-06-05 22:38:27.329215,2026-06-05 07:46:28.586165,-0.3419241169859854,-0.45160866648473386,2.1583866900865885,0.9746196532170189,1.919166695777919,-2.3754234253671918,Delivered,4.0
SHP004111,Hyderabad,Delhi,Ecotrans,2026-06-04,2026-06-04,2026-06-04 06:49:16.608172,2026-06-04 04:36:31.968030,-0.6728100425643291,-0.6594771193208839,-0.8603821448354503,-0.724815899094135,-0.45320767537600987,0.35099510589259203,Cancelled,2.0
SHP001150,Kolkata,Chennai,Fastship,2026-06-04,2026-06-04,2026-06-04 21:13:38.906434,2026-06-04 21:07:59.682304,0.1689460644820979,0.17625324177804289,-0.4305422932375094,-0.10998373885026412,-0.629519868176868,0.8579052930897377,In Transit,5.0
SHP002772,Jaipur,Kolkata,Ecotrans,2026-06-04,2026-06-04,2026-06-04 22:37:21.341333,2026-06-04 20:36:39.251129,0.2820020186486557,0.18802498588649436,-0.049130024451860925,-0.05044232626655314,-0.040971051534999706,0.39902762290602123,In Transit,5.0
SHP003159,Hyderabad,Lucknow,Ecotrans,2026-06-04,2026-06-04,2026-06-04 18:09:31.620055,2026-06-04 12:24:01.967454,-0.09249311344628748,-0.14688667498287133,-0.19765224527071978,-0.24095030178280558,-0.2780395341492595,-0.4975769385680281,Delivered,3.0
SHP001207,Chennai,Delhi,Fastship,2026-06-04,2026-06-04,2026-06-04 09:40:21.029571,2026-06-04 08:13:55.800849,-0.34020431458283173,-0.4309976849712551,-0.8549129267100303,-0.6031302701499817,-0.7995200271108687,0.53576036473131,In Transit,3.0
SHP001909,Bangalore,Hyderabad,Globalline,2026-06-04,2026-06-04,2026-06-05 07:10:39.981508,2026-06-05 04:53:56.070574,-0.5096414956399244,-0.5525592976423884,0.13850403707828662,0.3146782932589372,-0.27997882478300173,0.33508924557327846,Delivered,3.4301601423487544
SHP003740,Delhi,Ahmedabad,Ecotrans,2026-06-04,2026-06-04,2026-06-06 05:54:58.828351,2026-06-06 01:28:51.642298,-0.19939276081849658,0.015598018580794964,2.682462075901383,1.2851222058034135,2.4019343350858646,-0.1809853184429456,Delivered,5.0
SHP000840,Lucknow,Hyderabad,Globalline,2026-06-05,2026-06-04,2026-06-06 12:15:28.640629,2026-06-06 01:47:01.851212,-0.5825163926265529,-0.6165902632375351,1.2232835396843904,0.5314919743317985,1.2232362818588285,-1.6261558368113718,Delivered,4.0
SHP000224,Pune,Hyderabad,Ecotrans,2026-06-04,2026-06-04,2026-06-06 14:34:00.134113,2026-06-06 01:16:04.471796,0.294080162621182,0.4906563119196409,2.0688052683393527,1.6543051563529143,1.9441804290917353,-2.302145875546452,Delivered,5.0
SHP004019,Jaipur,Delhi,Globalline,2026-06-04,2026-06-04,2026-06-04 17:15:41.665260,2026-06-04 18:56:06.959475,1.7623679137657162,1.7133749877382616,0.3480831445207236,-0.2792417032606364,0.33926038309894685,1.2809955455568207,Cancelled,4.0
SHP002920,Kolkata,Bangalore,Ecotrans,2026-06-04,2026-06-04,2026-06-05 11:44:15.058892,2026-06-05 05:36:09.929407,0.7667163086902125,0.4087969271843083,0.9507236344948564,0.5092804961393994,0.9613047477105474,-0.5876841589385045,Delivered,5.0
SHP000048,Pune,Lucknow,Fastship,2026-06-04,2026-06-04,2026-06-04 12:17:24.022649,2026-06-04 12:10:41.267025,0.9521345099683096,1.1192185234111152,-0.7251430467783271,-0.49141984882478074,-0.264404940634177,0.8536819482301558,Cancelled,5.0
SHP004086,Lucknow,Jaipur,Fastship,2026-06-05,2026-06-05,2026-06-05 06:47:37.814315,2026-06-05 01:45:52.594233,-0.7186431129798808,-0.667921397031737,-0.9818408492640487,-0.7259871090574133,-1.1032183235935245,-0.32311411878232543,Cancelled,3.0
SHP002428,Pune,Ahmedabad,Ecotrans,2026-06-05,2026-06-05,2026-06-05 09:24:25.972071,2026-06-05 09:01:48.184634,-0.0356998047339392,0.021259873022702734,-0.8102245958794005,-0.614452561788347,-0.5975047372300805,0.7901948736436395,Delivered,3.0
SHP000194,Mumbai,Ahmedabad,Fastship,2026-06-05,2026-06-05,2026-06-06 19:19:03.397783,2026-06-06 11:49:11.974557,-0.8049449687385286,-0.762774512705697,0.85613552170963,0.8327861816263616,0.7279787914611041,-0.9138368927409173,Delivered,3.0
SHP000998,Jaipur,Bangalore,Fastship,2026-06-05,2026-06-05,2026-06-06 12:11:47.752228,2026-06-05 21:39:00.215599,-0.3623591820489768,-0.4115674052234792,0.7737877377950961,0.5288733226889957,0.7470090054476787,-2.3754234253671918,Cancelled,3.4301601423487544
SHP000184,Pune,Mumbai,Globalline,2026-06-06,2026-06-05,2026-06-06 15:35:34.967318,2026-06-06 10:43:00.452801,-0.2673740946157597,-0.20357957023894024,-0.2889204289863161,-0.3504516417958355,-0.4723425612699034,-0.286505196645441,Delivered,3.0
SHP001683,Hyderabad,Kolkata,Ecotrans,2026-06-06,2026-06-05,2026-06-06 14:13:24.000350,2026-06-06 14:24:00.037584,-0.6184983952519161,-0.6522160434896621,-0.7968362791616992,-0.40890869392531803,-0.4288175160913976,0.9227371553531737,Delayed,4.0
SHP001965,Mumbai,Bangalore,Fastship,2026-06-05,2026-06-05,2026-06-05 07:00:47.330885,2026-06-05 05:46:00.180323,-0.33152489605005203,-0.19884645415382352,-1.1302129333169382,-0.7166273198804256,-1.1330529741042878,0.5821660860987699,Delivered,1.0
SHP003654,Lucknow,Mumbai,Fastship,2026-06-06,2026-06-05,2026-06-07 01:01:23.042927,2026-06-06 22:55:57.578390,-0.5175977573210264,-0.5355645786855626,0.4248524623412537,0.0520058150087096,0.26288046356883604,0.3801899180566277,Cancelled,3.4301601423487544
SHP004109,Delhi,Kolkata,Globalline,2026-06-05,2026-06-05,2026-06-08 16:15:09.198010,2026-06-08 05:03:00.114028,0.07847597584599142,0.024748201160485508,3.219274662124419,2.750534136102441,3.3702413506292093,-1.8004765331167742,Delivered,3.0
SHP003335,Jaipur,Bangalore,Fastship,2026-06-05,2026-06-05,2026-06-05 13:47:51.215109,2026-06-05 11:16:04.442284,-0.6148139075535932,-0.6811417177409942,-0.18427686356901474,-0.42707999933886576,-0.33498438017425497,0.2750702394679391,Delayed,3.0
SHP003025,Kolkata,Hyderabad,Ecotrans,2026-06-05,2026-06-05,2026-06-05 16:36:16.456088,2026-06-05 11:47:31.478851,-0.6067567610756833,-0.6194095143435492,-0.28882301708144986,-0.30728146843334603,0.11681272505716958,-0.27124638514054494,Delivered,3.0
SHP002422,Bangalore,Mumbai,Ecotrans,2026-06-04,2026-06-05,2026-06-05 07:56:58.720654,2026-06-05 02:20:31.938505,0.2463313702965573,0.7915670509611225,0.41877272743630584,0.34762049306288895,0.5000005382860159,-0.4614888665187046,In Transit,3.4301601423487544
SHP000364,Delhi,Kolkata,Ecotrans,2026-06-05,2026-06-05,2026-06-05 19:08:48.782932,2026-06-05 19:36:39.032902,-0.5340976370746232,-0.43272007835595777,0.04459978912583068,-0.19877981938842068,0.22339820001590183,0.9914878924647521,Delivered,3.0
SHP000902,Mumbai,Kolkata,Fastship,2026-06-05,2026-06-05,2026-06-05 22:12:23.847259,2026-06-05 22:05:38.385732,0.6539097038486186,0.5857509989775014,0.46690325463854376,-0.06819525175363805,0.5410379725716956,0.8535020695462769,Delivered,3.0
SHP000250,Mumbai,Chennai,Fastship,2026-06-05,2026-06-05,2026-06-05 08:04:48.652594,2026-06-05 03:14:38.888979,0.4147479273140878,0.795222051101308,-0.6843165070030506,-0.6710881092480963,-0.8014555778232829,-0.2768826781212968,Delivered,4.0
SHP000907,Mumbai,Pune,Ecotrans,2026-06-06,2026-06-05,2026-06-06 07:10:22.914870,2026-06-06 07:02:16.926650,-0.20205009824450054,-0.2722989349132957,-0.9664144816057486,-0.7098037205172798,-0.8976715780794419,0.8481489450795252,In Transit,4.0
SHP000724,Hyderabad,Kolkata,Ecotrans,2026-06-05,2026-06-05,2026-06-05 18:42:08.619332,2026-06-05 23:19:52.115453,0.9307530505365225,0.6189140786999092,0.0020542810757075295,-0.217749901240722,-0.024733545550657068,1.350000480688524,Delivered,3.0
SHP000510,Chennai,Chennai,Ecotrans,2026-06-06,2026-06-05,2026-06-06 14:31:55.287038,2026-06-06 18:37:57.210721,-0.7705143997301344,-0.719883574452796,-0.1603791177022137,-0.395734291361411,-0.021561568021667518,1.350000480688524,Delivered,4.0
SHP000314,Kolkata,Bangalore,Fastship,2026-06-05,2026-06-05,2026-06-05 07:43:22.876355,2026-06-05 07:45:35.786201,-0.7497951100742942,-0.7590979194611749,-0.7377299961886997,-0.686331100958064,-0.6767802905165764,0.8892910590308567,In Transit,5.0
SHP003958,Hyderabad,Kolkata,Fastship,2026-06-05,2026-06-05,2026-06-05 20:21:16.229481,2026-06-05 14:49:28.374022,0.008741322625554847,-0.25885336805222914,-0.05546451655707256,-0.14724045374960262,-0.10807140206648821,-0.442946824954064,Delivered,4.0
SHP003544,Lucknow,Jaipur,Fastship,2026-06-05,2026-06-05,2026-06-05 09:26:01.388766,2026-06-05 08:09:41.581923,0.841681342472362,0.2655712660674299,-1.0622881130521198,-0.6133213883850666,-1.182828889138434,0.576006630316582,Delayed,5.0
SHP002626,Mumbai,Chennai,Ecotrans,2026-06-06,2026-06-05,2026-06-06 19:15:19.507367,2026-06-06 20:53:50.998868,-0.27295236227969044,-0.35907308854842973,-0.4916101500766997,-0.19414774644557536,-0.7087212626632949,1.2734303510852667,Delivered,3.4301601423487544
SHP000317,Kolkata,Lucknow,Globalline,2026-06-06,2026-06-05,2026-06-07 15:19:16.675185,2026-06-07 07:32:19.444901,-0.6636842599766729,-0.46419191816330213,0.5391304668898749,0.6622303051943258,0.5912054327630775,-0.9820288506590992,Delayed,3.0
SHP002865,Ahmedabad,Pune,Fastship,2026-06-05,2026-06-05,2026-06-05 16:36:55.473568,2026-06-05 15:45:08.528640,0.5282886868710608,0.8248993630246944,-0.5855189559363776,-0.3068189127341382,-0.22662468771897198,0.6739171846880773,In Transit,3.0
SHP004633,Jaipur,Hyderabad,Ecotrans,2026-06-05,2026-06-05,2026-06-06 15:29:21.832173,2026-06-06 12:41:04.120993,-0.8788617104193975,-0.8430285450640842,0.9148533735942418,0.669404495125542,1.125347287487797,0.20919622731655063,In Transit,4.0
SHP004917,Lucknow,Mumbai,Ecotrans,2026-06-05,2026-06-05,2026-06-05 19:32:32.787293,2026-06-05 12:14:07.284448,-0.6746677857326222,-0.5298310209920374,0.5702220852769665,-0.18189812099491337,0.3452663449795594,-0.8682393767250205,Delivered,1.0
SHP004401,Mumbai,Pune,Ecotrans,2026-06-05,2026-06-05,2026-06-05 18:24:00.868304,2026-06-05 14:55:14.984322,-0.8418957318647075,-0.7629541224475197,-0.30188959184596437,-0.23064528645725887,-0.20938768954860326,0.04778004652433637,In Transit,4.0
SHP003257,Chennai,Delhi,Ecotrans,2026-06-05,2026-06-05,2026-06-05 17:26:40.399542,2026-06-05 14:10:26.832810,0.29424272382864636,-0.09407404715828874,-0.09735778660690814,-0.2714323497402179,-0.06768999009368383,0.09779138720778306,Delayed,2.0
SHP001958,Bangalore,Mumbai,Fastship,2026-06-06,2026-06-06,2026-06-07 05:41:45.399074,2026-06-07 07:57:32.001625,0.07650963163143251,0.31086188739516146,1.5068427706979903,0.2514363438652677,1.7640130728473649,1.350000480688524,Delayed,2.0
SHP001635,Delhi,Lucknow,Globalline,2026-06-06,2026-06-06,2026-06-06 11:04:23.610712,2026-06-06 10:17:09.623533,-0.6600483030871422,-0.6870493701773147,-0.8426825624860121,-0.5433500220758022,-0.27997882478300173,0.6920624325571455,Delivered,5.0
SHP001802,Mumbai,Hyderabad,Ecotrans,2026-06-06,2026-06-06,2026-06-06 11:42:18.376413,2026-06-06 06:14:28.361681,-0.47725035922038556,-0.3483249158722284,-0.5786546933006426,-0.5163824722954581,-0.30179917568421305,-0.4271360302043814,Delivered,1.0
SHP002219,Kolkata,Pune,Ecotrans,2026-06-05,2026-06-06,2026-06-06 04:00:31.470832,2026-06-06 03:56:54.269809,-0.7995611775752461,-0.7860186589012341,0.5085995351714488,0.1794293841383143,0.2635895192564126,0.8660169496753466,Delayed,5.0
SHP001218,Delhi,Lucknow,Globalline,2026-06-06,2026-06-06,2026-06-07 23:41:46.437885,2026-06-07 12:00:38.859315,-0.16961176798578242,-0.25424452161537764,2.145000178423305,1.0196584245139568,2.258352419658708,-1.9160453906922141,Delivered,4.0
SHP003811,Ahmedabad,Hyderabad,Globalline,2026-06-06,2026-06-06,2026-06-06 22:08:59.885254,2026-06-06 22:54:00.374258,0.8037829715083978,0.5264223544817189,0.25875173885563013,-0.07061323946694592,0.44002785094751995,1.0599744721819646,Delivered,4.0
SHP004555,Bangalore,Lucknow,Fastship,2026-06-07,2026-06-06,2026-06-08 02:43:58.177938,2026-06-08 02:55:15.820350,-0.13013721074436507,0.28550988618583073,0.4565493922083056,0.1249754882020269,0.43000975884726994,0.9255029177109468,Cancelled,5.0
SHP000792,Bangalore,Pune,Fastship,2026-06-06,2026-06-06,2026-06-06 15:58:12.338216,2026-06-06 15:12:49.814840,0.19299915156020594,-0.07314157701408629,0.04181624206400239,-0.3343598890302824,0.17563235048626957,0.6994721446509538,Delayed,2.0
SHP002742,Bangalore,Ahmedabad,Fastship,2026-06-06,2026-06-06,2026-06-06 15:47:32.276834,2026-06-06 20:11:22.559986,0.7712964804038758,0.32160731595995523,-0.6702583438676761,-0.34194787366752216,-0.5173130333330044,1.350000480688524,Delivered,4.0
SHP000557,Kolkata,Delhi,Ecotrans,2026-06-06,2026-06-06,2026-06-06 14:09:59.739967,2026-06-06 11:01:10.484295,-0.7256077365680326,-0.7374355823548844,-0.04098969632881467,-0.41133021893778315,-0.10674382623217071,0.1273275859206045,Delivered,3.0
SHP001613,Delhi,Jaipur,Fastship,2026-06-06,2026-06-06,2026-06-06 08:41:18.886256,2026-06-06 10:29:08.019690,-0.2104681716586371,-0.2800269855756561,-0.8828281386023783,-0.6451226943035063,-0.7593136028522949,1.3105003779796902,Delivered,2.0
SHP004284,Ahmedabad,Kolkata,Ecotrans,2026-06-06,2026-06-06,2026-06-06 12:59:29.728745,2026-06-06 11:21:11.594864,-0.45902911898103943,-0.41043265387486016,-0.6794516236253827,-0.4614773783354229,-0.7519128547233103,0.4883689978821041,Delivered,3.0
SHP000583,Pune,Hyderabad,Ecotrans,2026-06-06,2026-06-06,2026-06-07 00:14:12.494000,2026-06-06 21:54:57.265909,1.2960690578709935,2.302807092422062,-0.15922783138673502,0.018449405631535735,-0.039364584867918766,0.3250302260705651,Delivered,4.0
SHP001105,Ahmedabad,Hyderabad,Fastship,2026-06-06,2026-06-06,2026-06-06 13:41:42.250060,2026-06-06 15:10:13.486109,4.4084474430445075,5.6090691324953195,-0.8311994636597684,-0.4314541128149662,-0.6073799003720929,1.233527530955769,Delivered,3.0
SHP004853,Delhi,Bangalore,Fastship,2026-06-07,2026-06-06,2026-06-07 18:27:43.970179,2026-06-07 22:54:10.798430,-0.6663949059843448,-0.7006874325813892,-0.5738306402104966,-0.22800039387545773,-0.7041323460131497,1.350000480688524,In Transit,4.0
SHP001878,Bangalore,Bangalore,Globalline,2026-06-06,2026-06-06,2026-06-06 15:36:36.951342,2026-06-06 13:28:17.110987,6.301842939909115,4.0692342669933215,-0.30750029477105323,-0.3497168156808122,0.027718113355010784,0.36859804183558825,Delivered,3.0
SHP003944,Jaipur,Pune,Ecotrans,2026-06-05,2026-06-06,2026-06-06 15:17:19.892742,2026-06-06 05:17:17.816099,-0.1279273514502062,-0.29829684919921956,0.7162492089605933,0.6608458389381466,0.6179676444730822,-1.51283267253734,Delivered,5.0
SHP000330,Kolkata,Pune,Fastship,2026-06-06,2026-06-06,2026-06-06 21:48:06.508597,2026-06-06 17:25:24.651230,-0.28511680771178716,0.09386224598221159,0.4303636163895086,-0.08547213124911608,-0.27997882478300173,-0.1673358070597751,Delivered,3.0
SHP004562,Kolkata,Bangalore,Ecotrans,2026-06-07,2026-06-07,2026-06-07 12:07:41.729652,2026-06-07 09:41:38.576834,-0.3407379665954375,-0.4070313778364716,-0.28645348711497187,-0.4983229841137892,-0.4807420174171297,0.29791285969992953,Delivered,3.4301601423487544
SHP004051,Lucknow,Jaipur,Fastship,2026-06-07,2026-06-07,2026-06-07 06:27:12.769614,2026-06-07 06:09:37.255075,0.5282575919205927,0.8003602237170588,-1.1715093163785784,-0.7405101229878732,-1.1076789567847805,0.8102888870153264,Delivered,4.0
SHP002715,Jaipur,Pune,Ecotrans,2026-06-06,2026-06-07,2026-06-07 22:48:25.133936,2026-06-07 17:34:59.992191,-0.3098767638216386,-0.21027552286685353,1.0114008025317751,0.9817066813735457,1.1403633084625215,-0.3696423895883155,Delivered,3.4301601423487544
SHP000297,Delhi,Chennai,Ecotrans,2026-06-07,2026-06-07,2026-06-07 19:15:32.052235,2026-06-07 14:53:31.316714,0.06865011497962017,0.037670575941366496,-0.489727424822335,-0.19399902592414406,-0.2992239023667118,-0.16460217487223974,Delayed,4.0
SHP002011,Kolkata,Jaipur,Fastship,2026-06-07,2026-06-07,2026-06-08 05:38:13.129725,2026-06-08 01:31:35.902127,-0.480653186751926,-0.49517082172989607,0.9067386546867165,0.24891987184304712,-0.27997882478300173,-0.10321069493340355,In Transit,4.0
SHP003358,Lucknow,Jaipur,Ecotrans,2026-06-07,2026-06-07,2026-06-08 01:10:21.190037,2026-06-07 18:04:21.748161,-0.31070702602225636,-0.41386974440486435,0.708709492272417,0.05838559688204445,0.4792277242956402,-0.8186439310652522,In Transit,4.0
SHP002363,Chennai,Mumbai,Ecotrans,2026-06-07,2026-06-07,2026-06-08 04:50:28.566430,2026-06-07 18:05:06.693691,0.19885364305012979,0.500477057970834,0.06800703619539812,0.2149602191198149,0.24210473487762363,-1.6936349193907312,In Transit,3.0
SHP001696,Delhi,Chennai,Globalline,2026-06-07,2026-06-07,2026-06-07 16:18:22.448499,2026-06-07 12:45:28.871358,-0.3959180113090891,-0.5426939550760747,-0.6274710817925485,-0.3200139239595521,-0.4848177698196793,0.031314297587025385,Delayed,3.0
SHP003720,Bangalore,Delhi,Globalline,2026-06-07,2026-06-07,2026-06-07 13:03:03.667785,2026-06-07 14:00:40.092645,-0.7135704889570494,-0.6360071841839741,-0.4981995433143137,-0.4589411119832673,-0.768867327603702,1.1102263647568709,Cancelled,1.0
SHP001859,Delhi,Mumbai,Fastship,2026-06-07,2026-06-07,2026-06-07 11:02:21.141072,2026-06-07 10:38:55.163467,-0.2696589080164985,-0.2406277672687061,-0.9941947024960048,-0.5448019105482557,-0.9624997012449058,0.7869913648719868,Delivered,1.0
SHP000120,Lucknow,Hyderabad,Ecotrans,2026-06-08,2026-06-07,2026-06-08 15:08:04.102326,2026-06-08 11:55:26.902125,0.35004744867127857,0.3860187678246743,-0.4853521579411406,-0.37002279315871595,-0.4838246781095414,0.11217465476457046,Delivered,4.0
SHP001595,Delhi,Pune,Ecotrans,2026-06-07,2026-06-07,2026-06-07 17:27:55.186110,2026-06-07 10:55:48.850526,0.2751109835224557,0.3538543094382171,0.15548131456868453,-0.2705457483217151,0.08198450662316474,-0.6834903486970807,Delivered,4.0
SHP001438,Delhi,Ahmedabad,Fastship,2026-06-06,2026-06-07,2026-06-08 07:40:02.058435,2026-06-07 15:47:11.975823,-0.5914417857316654,-0.438145288699807,1.829955124493718,1.359847559272706,2.0097218355381976,-2.3754234253671918,Delivered,3.0
SHP002636,Mumbai,Bangalore,Globalline,2026-06-07,2026-06-07,2026-06-07 11:14:01.643282,2026-06-07 13:18:57.429928,1.763275922553356,0.8464727962930714,-1.4084580406208158,-0.5364973945216823,-1.1585398688138893,1.350000480688524,Cancelled,4.0
SHP001564,Lucknow,Hyderabad,Fastship,2026-06-08,2026-06-08,2026-06-08 09:57:48.761827,2026-06-08 07:34:00.421755,-0.7339211419264104,-0.7497971464752241,-0.93855535475509,-0.5907093110437597,-0.7935352992201404,0.3068747254137318,Delayed,4.0
SHP000256,Pune,Pune,Globalline,2026-06-08,2026-06-08,2026-06-08 13:20:45.516057,2026-06-08 09:26:44.871650,-0.237016816387689,-0.34500158148181664,-0.28491665416082274,-0.44635280623449675,0.05380700504206664,-0.05291576985961271,Delivered,3.0
SHP002774,Pune,Lucknow,Fastship,2026-06-09,2026-06-08,2026-06-09 12:43:11.679259,2026-06-09 09:50:58.394646,-0.42995101592666285,-0.5028894607554935,-0.5303159823548864,-0.473072242011497,-0.3682987963609123,0.1935361541044421,Cancelled,5.0
SHP000520,Pune,Kolkata,Globalline,2026-06-09,2026-06-08,2026-06-09 14:22:16.936965,2026-06-09 13:08:06.496771,-0.5866648044890654,-0.6448150370947207,-0.6593463759879219,-0.40259068293978956,-0.7896339050465973,0.584606459120474,Delivered,3.0
SHP000701,Bangalore,Hyderabad,Ecotrans,2026-06-08,2026-06-08,2026-06-08 20:09:46.256341,2026-06-08 15:52:03.941327,-0.4562969229912444,-0.32774219303199664,0.01804719714896651,-0.15542014670764093,0.2047357200337862,-0.14742331048335833,Delivered,3.4301601423487544
SHP004625,Jaipur,Pune,Fastship,2026-06-08,2026-06-08,2026-06-10 03:48:15.099057,2026-06-09 20:58:55.845953,0.052776677420970176,0.4133433510157106,2.099587375774931,1.1949793184983712,1.9948023846778444,-0.7521549845147772,Cancelled,2.0
SHP000255,Bangalore,Pune,Fastship,2026-06-08,2026-06-08,2026-06-10 23:29:47.612450,2026-06-10 04:21:45.757399,-0.11381851860765872,-0.22005484213022786,3.0830633068324493,2.0354163722946383,3.2275567384558483,-2.3754234253671918,Delivered,3.4301601423487544
SHP003690,Lucknow,Lucknow,Globalline,2026-06-09,2026-06-08,2026-06-09 10:01:46.331742,2026-06-09 08:28:37.896708,-0.7942079215881468,-0.7853119280211416,-0.9431143406408651,-0.5878928985616236,-1.1843249399106444,0.5089566615925768,Delayed,5.0
SHP004838,Mumbai,Ahmedabad,Fastship,2026-06-08,2026-06-08,2026-06-08 15:11:46.195140,2026-06-08 14:37:41.755330,-0.6658469499219821,-0.5364433486114539,-0.6883552401045281,-0.36738986308688093,-0.661799056834132,0.7445486974364607,Cancelled,4.0
SHP003403,Delhi,Bangalore,Ecotrans,2026-06-09,2026-06-08,2026-06-09 04:24:52.509730,2026-06-09 02:50:36.248458,1.2117426266059503,1.0349142094962116,-1.1904290056567295,-0.8275295569900908,-0.9241612254869117,0.5044478176229689,Delivered,2.0
SHP001134,Lucknow,Kolkata,Ecotrans,2026-06-08,2026-06-08,2026-06-08 10:07:12.915109,2026-06-08 07:46:49.325378,-0.7024731804144633,-0.561201579113729,-1.0191982746747803,-0.5840212236846741,-0.7508075123465694,0.32048579050469306,Delayed,1.0
SHP002334,Lucknow,Hyderabad,Fastship,2026-06-09,2026-06-09,2026-06-10 00:59:08.430482,2026-06-09 13:43:37.935149,0.08831823396195021,0.11838257998588786,0.4677651393090206,0.05040997249384865,0.39522529975488657,-2.3754234253671918,Delayed,4.0
SHP001252,Chennai,Pune,Ecotrans,2026-06-08,2026-06-09,2026-06-11 06:57:33.125848,2026-06-10 12:24:40.997178,-0.14563470692736458,-0.2708246180715603,4.186653357240854,2.353909423938157,4.252515466208632,-2.3754234253671918,Cancelled,3.4301601423487544
SHP002793,Jaipur,Hyderabad,Ecotrans,2026-06-09,2026-06-09,2026-06-09 19:07:40.729091,2026-06-09 14:17:07.192672,0.12001387501556493,-0.08044480540377023,-0.3866073972837724,-0.19958660373045686,-0.5845825887827263,-0.27846300849368266,Cancelled,3.0
SHP003940,Kolkata,Jaipur,Fastship,2026-06-08,2026-06-09,2026-06-10 20:17:04.379993,2026-06-10 09:04:47.979918,1.0064030440339156,0.983076453855059,3.638354280378444,1.898333222703971,3.735679317082038,-1.800962880624418,Delivered,4.0
SHP003357,Ahmedabad,Mumbai,Ecotrans,2026-06-09,2026-06-09,2026-06-09 01:52:21.964568,2026-06-09 01:53:49.221279,-0.3258729556284603,-0.005801947234809569,0.02622149817034231,-0.9360100840422091,-0.2909973469838134,0.8862562030738087,In Transit,4.0
SHP000680,Kolkata,Pune,Fastship,2026-06-09,2026-06-09,2026-06-10 05:39:29.358231,2026-06-09 20:37:16.801100,0.4530685966564498,-0.022977952543550548,0.5527094912363387,0.24982356757075475,0.2612611205159605,-1.2821915137409718,Delivered,2.0
SHP003428,Mumbai,Pune,Fastship,2026-06-10,2026-06-09,2026-06-10 13:08:40.424429,2026-06-10 05:52:30.313398,-0.1989097226405971,-0.38237600391985715,-0.717782839092233,-0.45494883200042563,-0.5748772209272499,-0.8592390166565735,Delivered,3.0
SHP004782,Jaipur,Lucknow,Ecotrans,2026-06-09,2026-06-09,2026-06-09 06:40:03.143806,2026-06-09 03:23:00.454194,0.8796612393655588,0.3079794760593863,-0.8287696658456545,-0.7313772683976953,-0.6853131067501191,0.09452587510230881,Delayed,2.0
SHP003956,Chennai,Kolkata,Globalline,2026-06-09,2026-06-09,2026-06-09 10:00:06.747553,2026-06-09 11:27:15.220862,-0.29181212014444513,-0.4112758577460376,-0.5539025740879274,-0.5890734779849846,-0.5780896214291734,1.228025762139441,Delivered,5.0
SHP002789,Delhi,Hyderabad,Fastship,2026-06-09,2026-06-09,2026-06-10 22:48:19.057149,2026-06-11 01:09:14.808643,-0.3167408692018311,-0.45984442197216086,1.883099141041367,0.9816346405230406,1.8643737629615937,1.350000480688524,Delivered,3.4301601423487544
SHP000855,Mumbai,Chennai,Fastship,2026-06-09,2026-06-09,2026-06-09 23:05:17.123754,2026-06-09 21:16:03.309783,0.004259049380284666,-0.12827904101480875,0.6761065747513268,-0.030575776561198042,0.5903993577433408,0.4447817474763172,Delivered,3.0
SHP003732,Ahmedabad,Jaipur,Fastship,2026-06-10,2026-06-09,2026-06-11 12:01:35.776110,2026-06-11 09:16:19.045854,1.90764801816232,1.3970643835135736,0.7308060449542862,0.5216182913631924,0.6580301433862894,0.22122718719068488,Delivered,3.0
SHP000502,Delhi,Pune,Fastship,2026-06-08,2026-06-09,2026-06-09 08:14:59.639491,2026-06-09 01:58:48.531947,-0.15832275448585886,-0.31005293821512264,0.2704948736574128,0.3604348820529588,0.45021581928866256,-0.6199902296464791,Delivered,4.0
SHP003098,Hyderabad,Kolkata,Ecotrans,2026-06-10,2026-06-09,2026-06-10 09:51:42.415092,2026-06-10 08:05:56.778095,-0.13864386152368807,-0.3171463495296024,-0.8544962468682556,-0.5950523841717599,-0.9438760551723232,0.45862060278524835,Delivered,2.0
SHP003149,Ahmedabad,Kolkata,Globalline,2026-06-09,2026-06-09,2026-06-09 12:26:26.280100,2026-06-09 11:16:27.377226,-0.5014684719277136,-0.3974903141848365,-0.8837485030788006,-0.484991338495231,-0.8387657885129371,0.6013277540331206,Cancelled,5.0
SHP000340,Kolkata,Mumbai,Fastship,2026-06-09,2026-06-09,2026-06-09 13:11:17.564456,2026-06-09 16:52:36.326071,-0.5167986562462864,-0.2660769001557314,-0.460115188278515,-0.4530859229993697,-0.42914191742640956,1.350000480688524,Delivered,5.0
SHP004591,Ahmedabad,Bangalore,Globalline,2026-06-09,2026-06-09,2026-06-10 03:48:00.203542,2026-06-10 07:23:34.600901,0.22083993156716153,-0.160084950225201,0.19147520682709154,0.17052304357436787,0.5011122285842676,1.350000480688524,Delivered,2.0
SHP001656,Chennai,Kolkata,Fastship,2026-06-10,2026-06-10,2026-06-10 20:39:38.080689,2026-06-10 16:59:22.181745,-0.1922512866715033,-0.07136134772116245,-0.43477974168440636,-0.13417790964170528,-0.6362670237076498,-2.3754234253671918,In Transit,4.0
SHP001475,Delhi,Jaipur,Fastship,2026-06-10,2026-06-10,2026-06-10 06:17:14.556219,2026-06-10 04:04:39.202622,-0.1640199417726773,-0.3006675015165484,-1.0760613666103873,-0.7476019960120827,-1.0860978703886301,0.3516124419509732,Cancelled,3.0
SHP004078,Hyderabad,Pune,Fastship,2026-06-10,2026-06-10,2026-06-10 10:21:13.591039,2026-06-10 08:55:13.243202,-0.591367090085174,-0.6662474657836085,-0.8572320741910514,-0.5740549357439553,-0.8157634378920351,0.5374143563369,Delivered,4.0
SHP002044,Bangalore,Delhi,Fastship,2026-06-10,2026-06-10,2026-06-10 11:24:13.808654,2026-06-10 11:00:15.358660,-0.26049514026885245,0.09679711601125729,-0.7612569526903442,-0.5292401195724267,-0.7646927309110917,0.7848327174275951,Delivered,5.0
SHP002096,Jaipur,Kolkata,Ecotrans,2026-06-10,2026-06-10,2026-06-10 11:29:32.020443,2026-06-10 08:22:33.115518,-0.8910405278239155,-0.8417530362596862,-0.7683798558992804,-0.525467690509185,-0.49799332341648705,0.13466330606113003,Delivered,4.0
SHP000970,Jaipur,Chennai,Ecotrans,2026-06-10,2026-06-10,2026-06-10 08:21:05.077084,2026-06-10 06:15:59.020685,0.4708541571056759,0.037125662188811394,-0.7845019278079371,-0.6595125100345389,-0.8745685713982698,0.3814801011563098,Delivered,2.0
SHP004934,Lucknow,Delhi,Globalline,2026-06-11,2026-06-10,2026-06-11 11:22:42.260737,2026-06-11 09:35:12.291948,-0.5932451960381242,-0.3386056835915134,-0.8159257878416394,-0.5303254282820722,-0.8100323843561602,0.45168500109084814,In Transit,3.0
SHP001325,Delhi,Hyderabad,Globalline,2026-06-10,2026-06-10,2026-06-10 13:19:53.307553,2026-06-10 15:04:18.600370,3.3616423936135646,2.64905618950447,-0.6266154920413285,-0.4469717427011481,-0.43995779179572575,1.296949788063121,Delayed,3.0
SHP004658,Pune,Kolkata,Ecotrans,2026-06-10,2026-06-10,2026-06-11 04:09:45.417679,2026-06-11 01:53:45.689069,-0.8463659093761338,-0.8222876403164568,-0.02338450683323574,0.18599647329844818,0.3381223556072099,0.33802632731339577,Delivered,3.4301601423487544
SHP000044,Mumbai,Mumbai,Fastship,2026-06-10,2026-06-10,2026-06-10 09:38:28.621654,2026-06-10 09:47:03.180424,1.4687976992602234,1.8298647840358528,-0.6256237929655447,-0.6044628760087947,-0.5284343727594466,0.9146617046722199,In Transit,3.4301601423487544
SHP003679,Pune,Delhi,Globalline,2026-06-09,2026-06-10,2026-06-10 17:16:22.828709,2026-06-10 15:21:21.924198,3.2054086647966042,3.9911112773902766,2.1027646120074177,0.7455259803534643,1.95651570356582,0.4217084187124991,In Transit,4.0
SHP001171,Pune,Hyderabad,Ecotrans,2026-06-10,2026-06-10,2026-06-10 10:01:34.690581,2026-06-10 04:53:39.142651,0.5697200278010478,0.42468976346441784,-0.6320020181154439,-0.5880309055550483,-0.941605432525911,-0.3477321800734837,In Transit,4.0
SHP002929,Chennai,Pune,Ecotrans,2026-06-10,2026-06-10,2026-06-10 14:47:56.077042,2026-06-10 11:31:07.577655,-0.10854590092027894,-0.14391424128286892,-0.6602282410721879,-0.38434404038152326,-0.7744778653839289,0.0954691901424063,In Transit,3.0
SHP004043,Ahmedabad,Chennai,Ecotrans,2026-06-11,2026-06-10,2026-06-11 19:19:31.423899,2026-06-11 16:10:24.487743,-0.6749319152143417,-0.6825595639219255,-0.10086080902217352,-0.1911612535424946,0.08944942410647583,0.1261522510352589,Delivered,1.0
SHP001924,Hyderabad,Mumbai,Fastship,2026-06-10,2026-06-10,2026-06-11 18:13:28.207191,2026-06-11 12:26:18.770833,-0.034294483544220544,0.326121788396076,0.8916410119567525,0.7861341470318058,0.5646918347821752,-0.5042102032791604,Delayed,3.4301601423487544
SHP001310,Delhi,Bangalore,Fastship,2026-06-10,2026-06-10,2026-06-10 03:59:50.427459,2026-06-10 02:21:03.666579,0.8370811136875279,0.4248258754299141,-1.1852444687162216,-0.845336875965106,-0.9331183845729631,0.4864659781125405,Delivered,3.0
SHP001392,Bangalore,Delhi,Fastship,2026-06-11,2026-06-10,2026-06-12 12:03:04.055913,2026-06-12 05:45:19.449830,-0.6537541284545382,-0.7045905341987189,1.7066151487049266,0.522664856275315,1.5326021867241268,-0.626205675706414,In Transit,3.0
SHP003559,Mumbai,Ahmedabad,Ecotrans,2026-06-10,2026-06-10,2026-06-10 15:24:57.687378,2026-06-10 13:26:42.906975,0.3457889702919309,-0.01679705100320055,-0.4648164959012235,-0.3580066521903122,-0.5106158915728407,0.4088202478176816,Delivered,2.0
SHP004860,Hyderabad,Lucknow,Fastship,2026-06-10,2026-06-10,2026-06-11 07:06:15.723005,2026-06-11 11:43:12.601221,-0.5721936769517728,-0.547623063780444,1.5712571474762,0.3115454851883157,1.4081748372128582,1.350000480688524,Delivered,4.0
SHP000050,Jaipur,Delhi,Ecotrans,2026-06-11,2026-06-11,2026-06-12 03:25:27.319774,2026-06-11 22:45:52.854735,-0.6610177273861003,-0.6212924119922094,0.4481187697591882,0.15448448614343965,0.3890564091682977,-0.23465031734524833,Delivered,4.0
SHP001884,Lucknow,Pune,Ecotrans,2026-06-11,2026-06-11,2026-06-11 10:16:16.933083,2026-06-11 07:43:08.948538,1.8976063060274715,1.6972077190856643,-0.8829739400935299,-0.5775718421997473,-0.8173521640679879,0.26967157687392235,In Transit,1.0
SHP001387,Jaipur,Delhi,Ecotrans,2026-06-11,2026-06-11,2026-06-11 11:05:21.901111,2026-06-11 06:28:08.656330,-0.2924304623669714,-0.17501957039262694,-0.7702269521926484,-0.5426589842051528,-0.657834371624828,-0.22526250331567216,Delivered,4.0
SHP003143,Delhi,Hyderabad,Ecotrans,2026-06-12,2026-06-11,2026-06-12 09:58:32.169443,2026-06-12 06:52:19.422952,-0.611172066594611,-0.6219790325248317,-0.685479862677362,-0.5901947098894232,-0.7377857309588806,0.13773175247544314,Delivered,5.0
SHP001189,Mumbai,Jaipur,Fastship,2026-06-11,2026-06-11,2026-06-12 05:11:23.576817,2026-06-12 02:46:23.711459,-0.3083671356501722,-0.4237326289726617,1.1850008698926318,0.22983847891207848,1.592028210824761,0.30211998205828317,Delayed,3.0
SHP003073,Chennai,Kolkata,Globalline,2026-06-12,2026-06-11,2026-06-12 15:55:05.354159,2026-06-12 13:50:07.755964,-0.7302894274237702,-0.7498986801148521,-0.21381595065189843,-0.33657660166876746,-0.31686839135430245,0.3820423720889703,Delayed,3.0
SHP004138,Hyderabad,Mumbai,Ecotrans,2026-06-11,2026-06-11,2026-06-11 19:49:42.808899,2026-06-11 12:01:17.493091,-0.2648456787527803,-0.2804676133252418,-0.5004519715923879,-0.16968712320985876,-0.38066894729011386,-0.9878844589813116,Delivered,2.0
SHP004277,Bangalore,Mumbai,Fastship,2026-06-11,2026-06-11,2026-06-12 16:41:32.812678,2026-06-12 12:15:59.533570,-0.18247514838138962,0.1641242872980789,1.251515885665332,0.7207486543488976,1.176999652687571,-0.1787313068834209,Delivered,2.0
SHP003471,Delhi,Chennai,Ecotrans,2026-06-11,2026-06-11,2026-06-11 18:40:03.506280,2026-06-11 16:37:57.693144,1.7537714667634252,0.975443431272332,-0.5383317210717372,-0.2192331276078552,-0.5419009531986959,0.39346202398446395,Delivered,3.0
SHP001043,Bangalore,Pune,Ecotrans,2026-06-11,2026-06-11,2026-06-11 08:03:22.306152,2026-06-11 07:12:21.337060,0.05070823335559065,0.44440832173404543,-1.147517178524986,-0.6721117539986897,-0.9778617183657367,0.676973492645129,Delivered,3.4301601423487544
SHP003061,Jaipur,Jaipur,Fastship,2026-06-11,2026-06-11,2026-06-13 22:09:04.048485,2026-06-13 15:09:55.688702,0.1931661254186398,0.6343977155268876,3.0073962542919968,1.9779954905408028,3.2705688032314812,-0.7913166743768172,Delivered,4.0
SHP002261,Bangalore,Hyderabad,Ecotrans,2026-06-11,2026-06-11,2026-06-11 14:04:57.520303,2026-06-11 10:43:41.797725,-0.5719622044806351,-0.5639437503611165,-0.6260639884818326,-0.4149130599456549,-0.4813503192808931,0.07770515503139593,Delivered,3.0
SHP001599,Pune,Jaipur,Globalline,2026-06-12,2026-06-12,2026-06-12 10:35:40.150016,2026-06-12 07:33:32.078558,-0.34195002154281945,-0.30471557676072464,-0.7760206681549169,-0.5637818019690617,-0.7275251373669979,0.15399686726856615,In Transit,1.0
SHP000800,Delhi,Kolkata,Globalline,2026-06-13,2026-06-12,2026-06-13 12:55:48.825192,2026-06-13 12:25:12.738986,0.06857439768532768,-0.25182545909938403,-0.8724198495868184,-0.4640962096055262,-0.7551261471439662,0.758399294471512,Delivered,3.0
SHP001801,Chennai,Pune,Globalline,2026-06-13,2026-06-12,2026-06-13 04:37:22.010688,2026-06-13 04:20:55.163970,-0.6749870309358836,-0.7088143432180973,-1.1450932836876933,-0.8186441564579487,-1.3740964689990272,0.5409701758140537,Delayed,5.0
SHP003347,Jaipur,Bangalore,Fastship,2026-06-12,2026-06-12,2026-06-12 22:56:49.010746,2026-06-12 18:49:36.707430,-0.864772621215919,-0.8255037422180458,0.5402751662732406,-0.03659950148536078,0.1196631588913814,-0.1055424023116599,Delayed,3.0
SHP002078,Ahmedabad,Bangalore,Fastship,2026-06-13,2026-06-12,2026-06-13 16:11:50.878715,2026-06-13 14:33:41.388341,0.39840198840559743,0.6895469771414872,-0.06627217285128956,-0.3246560185904196,0.2711926802869919,0.48894358709068153,Delayed,3.0
SHP000755,Hyderabad,Chennai,Ecotrans,2026-06-12,2026-06-12,2026-06-12 20:30:23.572965,2026-06-12 09:01:55.171615,-0.5279121968947339,-0.6226466156000261,-0.04637355874387195,-0.14075164804147824,-0.14758359177212751,-1.8655780239150577,Delivered,4.0
SHP000219,Ahmedabad,Chennai,Fastship,2026-06-13,2026-06-12,2026-06-13 16:52:36.316124,2026-06-13 17:58:45.751929,1.37998330920585,1.5838864478048909,-0.16375662566146415,-0.2956651405329535,0.05052304902451686,1.1443294843446938,In Transit,4.0
SHP000588,Lucknow,Bangalore,Fastship,2026-06-12,2026-06-12,2026-06-13 02:06:35.370848,2026-06-12 17:27:33.555535,-0.4337900967794625,-0.5557104656146897,-0.07201144312893056,0.09838681060446462,-0.47579646307259865,-1.189740007594177,Delivered,4.0
SHP002982,Kolkata,Kolkata,Globalline,2026-06-13,2026-06-12,2026-06-13 05:06:43.552539,2026-06-13 03:18:33.906713,0.7218803347805072,0.2434354854211616,-1.1380358287517207,-0.797760921076322,-1.2445467543948143,0.44904741460095077,Delivered,5.0
SHP003792,Ahmedabad,Delhi,Ecotrans,2026-06-12,2026-06-12,2026-06-12 15:44:14.649427,2026-06-12 11:12:03.370003,-0.9226163826567735,-0.8618823127897346,-0.654792152764537,-0.34429076415975335,-0.45742761608609417,-0.20518893416180034,Delivered,5.0
SHP003991,Mumbai,Lucknow,Ecotrans,2026-06-12,2026-06-12,2026-06-13 16:33:39.702161,2026-06-13 08:07:49.835691,0.2600644765584252,0.2291734137913198,0.9701532992794345,0.7151398870759089,0.6898908157177533,-1.1370941013742488,Delivered,4.0
SHP003876,Delhi,Kolkata,Ecotrans,2026-06-12,2026-06-12,2026-06-12 23:43:17.676443,2026-06-12 16:44:00.282408,0.01172212638743705,0.45333700749581074,-0.26221152064794967,-0.0035396215260894252,-0.3785757439492639,-0.7919172389054019,Delivered,4.0
SHP002212,Kolkata,Lucknow,Fastship,2026-06-12,2026-06-12,2026-06-13 12:49:08.488560,2026-06-12 22:41:05.119019,-0.5035605157237941,-0.5086394104716524,0.44150091575364797,0.5554374512660786,0.37287324037654185,-2.3754234253671918,Delayed,4.0
SHP004272,Lucknow,Kolkata,Fastship,2026-06-12,2026-06-12,2026-06-12 12:45:39.339264,2026-06-12 13:58:20.778058,-0.5974443257782374,-0.4522042385005829,-0.41533802686876137,-0.4713217195099172,-0.2098225321285958,1.1703884309284764,Delayed,3.0
SHP001093,Bangalore,Pune,Ecotrans,2026-06-12,2026-06-12,2026-06-12 06:28:51.291664,2026-06-12 05:28:32.363977,-0.5970582094739939,-0.4374376898649485,-1.0465087783395066,-0.73934213531685,-1.01580234096999,0.6398824152016671,In Transit,4.0
SHP001250,Delhi,Lucknow,Globalline,2026-06-13,2026-06-12,2026-06-13 10:42:42.729039,2026-06-13 09:59:03.893745,-0.3523587427937473,-0.12551886031944215,-0.8399774484142842,-0.5587720900475012,-0.9625434096068216,0.7063649548234111,Cancelled,2.0
SHP001608,Hyderabad,Lucknow,Fastship,2026-06-12,2026-06-12,2026-06-12 07:12:20.320005,2026-06-12 06:11:49.837579,-0.6953787490335891,-0.6770799113316195,-0.8777524012943712,-0.7084118722064312,-1.0680742454145957,0.6391142977769538,Delivered,1.0
SHP002707,Pune,Bangalore,Globalline,2026-06-12,2026-06-12,2026-06-12 20:34:57.046344,2026-06-12 15:54:11.083967,-0.7397191874825654,-0.5980820769353196,0.6447258313732415,-0.1375095968061585,-0.27997882478300173,-0.23940320281833508,In Transit,4.0
SHP000177,Jaipur,Hyderabad,Fastship,2026-06-10,2026-06-12,2026-06-12 04:49:19.621234,2026-06-12 00:28:07.356501,-0.30519936729729447,-0.12129104862300448,1.4553411789186645,1.2384225549509222,1.5162905681924848,-0.1613800114938734,In Transit,3.0
SHP004495,Bangalore,Pune,Fastship,2026-06-13,2026-06-13,2026-06-13 06:39:31.397051,2026-06-13 05:08:20.256594,-0.27615999348113657,-0.3615156823813482,-1.1390018700002058,-0.731753629003674,-1.080779673692945,0.5167539825375209,Delivered,4.0
SHP002443,Ahmedabad,Ahmedabad,Fastship,2026-06-13,2026-06-13,2026-06-13 09:05:41.053022,2026-06-13 04:24:55.403379,-0.64575915444416,-0.6221967809352013,-0.6995070638695402,-0.627788577206233,-0.7423323964004203,-0.23938241338858685,Delivered,5.0
SHP004933,Lucknow,Lucknow,Fastship,2026-06-13,2026-06-13,2026-06-13 16:59:51.840199,2026-06-13 12:14:16.798968,-0.506766966762901,-0.4539801165509281,-0.21812010719096758,-0.2905019638708937,0.033948727574752764,-0.2586201236742297,Cancelled,2.0
SHP004549,Bangalore,Pune,Ecotrans,2026-06-14,2026-06-13,2026-06-14 15:42:55.237114,2026-06-14 16:12:11.693341,-0.8572622742913263,-0.8134223931040633,-0.704997898723678,-0.3452322041968766,-0.6896548993064809,0.9972185738865481,In Transit,4.0
SHP002942,Mumbai,Mumbai,Fastship,2026-06-13,2026-06-13,2026-06-13 14:41:41.723031,2026-06-13 15:43:15.180874,0.08636156430766981,-0.23375651716411724,-0.7447714558354714,-0.3887820404930761,-0.9042692124175882,1.1259834635951955,Delivered,2.0
SHP002991,Delhi,Pune,Fastship,2026-06-14,2026-06-13,2026-06-14 07:21:05.754526,2026-06-14 06:50:28.297042,0.42681053973611494,1.0985719212626202,-0.9047675994995792,-0.7021827992044507,-0.8800121333784523,0.7583081368498706,Delivered,3.4301601423487544
SHP003327,Bangalore,Pune,Ecotrans,2026-06-13,2026-06-13,2026-06-14 03:34:30.216890,2026-06-13 21:41:47.364259,1.824943616240007,0.8920770991819028,1.4628310431500016,0.1609205797457899,1.835194397398501,-0.526374516032069,Delivered,3.0
SHP002482,Hyderabad,Bangalore,Fastship,2026-06-13,2026-06-13,2026-06-13 11:18:22.321906,2026-06-13 09:21:30.770510,-0.3510597417873276,-0.4927621574276266,-0.6592596901827872,-0.5334070262476157,-0.8086599244690083,0.4143530123845207,Cancelled,2.0
SHP002843,Ahmedabad,Ahmedabad,Ecotrans,2026-06-13,2026-06-13,2026-06-13 01:14:04.079427,2026-06-13 01:06:44.233206,1.333144246230487,1.2159515424410203,-0.7005667778934918,-0.9632517168345742,-0.7337340527444723,0.8512162989542426,Delivered,4.0
SHP002496,Lucknow,Chennai,Globalline,2026-06-13,2026-06-13,2026-06-14 01:13:35.344254,2026-06-13 21:08:06.786460,-0.19097553778513696,0.09273505025165733,-0.06547111034281279,0.06068731239066099,0.2231507221240682,-0.09864577373492048,Delivered,4.0
SHP001998,Mumbai,Chennai,Fastship,2026-06-13,2026-06-13,2026-06-13 05:02:47.845395,2026-06-13 03:01:28.918270,0.017838004766397193,-0.2330671150694134,1.679973280256767,-0.8005552502381219,1.9386197885314191,0.396578837096763,Delivered,3.0
SHP004077,Hyderabad,Hyderabad,Ecotrans,2026-06-13,2026-06-13,2026-06-13 16:48:51.460000,2026-06-13 12:35:56.678138,-0.6527166692457127,-0.531967358306109,-0.31136188394384334,-0.2983308298893778,-0.37498328946862175,-0.12830914232829185,Delayed,4.0
SHP002022,Ahmedabad,Ahmedabad,Fastship,2026-06-13,2026-06-13,2026-06-13 07:25:44.962031,2026-06-13 06:08:55.435726,-0.10880914658361554,-0.16323550417901936,-1.11800110073956,-0.6988727693959663,-0.5792979244681407,0.574030987542193,In Transit,5.0
SHP001302,Delhi,Hyderabad,Globalline,2026-06-13,2026-06-13,2026-06-14 05:02:16.467639,2026-06-13 20:06:51.472441,0.43017209869281986,0.2623670009539734,0.49594599557629965,0.22335245093503672,0.3836360724701415,-1.255098264608551,In Transit,3.0
SHP001817,Hyderabad,Ahmedabad,Globalline,2026-06-14,2026-06-13,2026-06-14 08:51:15.264205,2026-06-14 05:43:51.525840,-0.3961372956187047,-0.11332585629861028,-0.6074886036143436,-0.6380525806653377,-0.645408335719976,0.1330124684282273,Cancelled,3.0
SHP000019,Mumbai,Bangalore,Ecotrans,2026-06-13,2026-06-13,2026-06-13 16:33:20.644523,2026-06-13 13:08:56.946379,-0.4809273003676379,-0.40629543881027347,-0.3058150470601604,-0.30936573017569385,-0.3604686150368095,0.06520921655412491,Delayed,4.0
SHP002773,Jaipur,Ahmedabad,Fastship,2026-06-13,2026-06-13,2026-06-13 15:56:54.684013,2026-06-13 13:48:37.676530,-0.7311305546345435,-0.5876130454419899,-0.6033182080852165,-0.33528048651700465,-0.8652143171323834,0.36878636096120265,In Transit,5.0
SHP002894,Lucknow,Pune,Fastship,2026-06-13,2026-06-13,2026-06-13 07:44:42.609091,2026-06-13 08:38:51.467554,0.17375035006385753,0.16251944084138956,-1.1575616641099988,-0.6853858622764327,-0.9872524196880843,1.0964280984073986,Delivered,3.4301601423487544
SHP000474,Pune,Delhi,Ecotrans,2026-06-13,2026-06-13,2026-06-13 18:07:39.895157,2026-06-13 14:12:57.035099,1.080547672271348,0.36265980488749433,-0.136628018184593,-0.2422748103945634,-0.440157607164326,-0.05572211426329964,Delivered,4.0
SHP002123,Bangalore,Pune,Ecotrans,2026-06-13,2026-06-13,2026-06-13 22:26:53.400884,2026-06-13 20:27:15.702021,-0.9963334497483998,-0.9160956043494427,0.2223843171763242,-0.057886616163214714,0.5089137215889626,0.4033081272967089,Delivered,5.0
SHP002546,Jaipur,Jaipur,Fastship,2026-06-13,2026-06-13,2026-06-13 09:38:08.772843,2026-06-13 08:10:45.372746,0.21812854057716582,0.011281082044087273,-0.5513959281914049,-0.6046981854327265,-0.2857929794550651,0.5318933412739195,Cancelled,5.0
SHP004424,Lucknow,Hyderabad,Fastship,2026-06-13,2026-06-13,2026-06-13 12:17:12.263487,2026-06-13 13:07:42.697410,-0.7427619032202631,-0.7158107563988612,-0.7003211505156511,-0.4915592547357738,-0.7269715726146083,1.081908021825923,Delivered,5.0
SHP000932,Pune,Hyderabad,Ecotrans,2026-06-13,2026-06-13,2026-06-13 10:02:20.025071,2026-06-13 06:18:06.217547,-0.8416184974532739,-0.8025390403463724,-1.0390841048614512,-0.5874934611431074,-1.3492593336107415,-0.013904967859093738,Delivered,3.0
SHP003723,Pune,Bangalore,Ecotrans,2026-06-13,2026-06-13,2026-06-13 23:57:04.833810,2026-06-14 00:34:00.277164,-0.1534356900987867,-0.3903710822561657,-0.171574866633335,0.00626640265390258,-0.01572759178047311,1.0277303846654628,Delivered,3.0
SHP001122,Kolkata,Bangalore,Ecotrans,2026-06-14,2026-06-14,2026-06-14 11:08:54.701846,2026-06-14 09:12:56.328526,-0.8407723123652099,-0.7732346401750627,-0.9191726880255525,-0.5401362125561295,-1.2011033939199727,0.4178880993119125,In Transit,4.0
SHP002130,Jaipur,Lucknow,Globalline,2026-06-14,2026-06-14,2026-06-15 05:01:22.347803,2026-06-15 03:35:27.270203,-0.7803115035181509,-0.7138028331800619,0.29622877630145444,0.22271085546681302,-0.27997882478300173,0.5377647027075163,Delayed,3.0
SHP001912,Bangalore,Delhi,Ecotrans,2026-06-14,2026-06-14,2026-06-14 14:09:57.451620,2026-06-14 14:27:16.128050,-0.07317196204541515,-0.25623253798274953,-0.4568554918896869,-0.4113573474950234,-0.40239256492357717,0.949503158663167,Delivered,3.0
SHP004952,Lucknow,Bangalore,Ecotrans,2026-06-15,2026-06-14,2026-06-15 18:02:51.826944,2026-06-15 15:06:26.280341,0.43845507095124164,0.8448584155217741,-0.35134873745604495,-0.245689884684602,-0.31758838006857554,0.17676668574069757,Delivered,4.0
SHP004813,Jaipur,Mumbai,Ecotrans,2026-06-14,2026-06-14,2026-06-14 16:26:39.281195,2026-06-14 14:09:06.959704,-0.6418095751227474,-0.679837149461851,-0.30545022910868125,-0.31412392813925816,-0.1654390387511543,0.3318710861348202,Delivered,3.4301601423487544
SHP000527,Bangalore,Delhi,Globalline,2026-06-14,2026-06-14,2026-06-14 06:16:08.522922,2026-06-14 07:01:34.411748,-0.792310898894444,-0.641545581096812,-1.2238464824384154,-0.7483848266151578,-1.2859845564706645,1.0616629608499315,Delivered,1.0
SHP003437,Pune,Mumbai,Ecotrans,2026-06-14,2026-06-14,2026-06-14 14:50:41.567531,2026-06-14 15:06:10.231156,-0.5717845881283979,-0.5412404967176212,-0.7755151465639861,-0.3823821359147717,-0.37610046333577785,0.9421899036894221,Cancelled,4.0
SHP003131,Pune,Kolkata,Ecotrans,2026-06-15,2026-06-14,2026-06-15 08:15:16.562683,2026-06-15 06:03:38.743736,-0.3788248196814427,-0.393959518095755,-0.7258042868424865,-0.6636441792721537,-0.9153928541482018,-1.8223495726795826,Delivered,3.4301601423487544
SHP000937,Hyderabad,Jaipur,Fastship,2026-06-14,2026-06-14,2026-06-14 14:20:25.442762,2026-06-14 10:56:05.268367,0.6529087936615625,0.19860923594397686,-0.7281032629122676,-0.4039124566325272,-0.5103524097712184,0.06544346269393074,Cancelled,3.0
SHP004036,Chennai,Hyderabad,Globalline,2026-06-15,2026-06-14,2026-06-15 05:27:12.177332,2026-06-15 03:49:15.452412,0.7880501367631036,0.5203778768692385,-1.230703063444925,-0.783195464850086,-0.8891623741492394,0.4897921884871973,Delayed,3.0
SHP000273,Chennai,Lucknow,Fastship,2026-06-15,2026-06-14,2026-06-15 19:06:28.782061,2026-06-15 13:19:15.119556,-0.8640598654798778,-0.8195102177518592,-0.5665031487820527,-0.20043954217405968,-0.5348660853475178,-0.5044911423077356,Cancelled,3.0
SHP002401,Ahmedabad,Ahmedabad,Ecotrans,2026-06-15,2026-06-14,2026-06-15 20:22:36.362236,2026-06-15 18:31:35.705387,-0.18618897282132593,0.001700316185974466,-0.4376742351755383,-0.14629047280646093,-0.4284448637507149,0.4376792178304025,Delivered,4.0
SHP002140,Hyderabad,Pune,Globalline,2026-06-14,2026-06-14,2026-06-15 11:25:35.898912,2026-06-15 04:22:36.365717,-0.7133654140555203,-0.6599709572783843,1.9100042659664325,0.49601275500118985,2.0295601702413455,-0.8066842500431826,Delayed,3.0
SHP003112,Pune,Chennai,Fastship,2026-06-15,2026-06-14,2026-06-16 17:53:06.522023,2026-06-16 21:16:44.033272,-0.7298817938621027,-0.7188210867779727,2.009331249742949,0.7716509606588713,1.6025632642480807,1.350000480688524,Delivered,3.0
SHP004191,Mumbai,Ahmedabad,Fastship,2026-06-14,2026-06-14,2026-06-16 00:57:26.279068,2026-06-15 16:36:41.761109,-0.6612865663902535,-0.6710012439373152,1.2749809323771515,1.0734786456669076,1.4177162382818382,-1.1167956323297012,In Transit,4.0
SHP004113,Hyderabad,Ahmedabad,Globalline,2026-06-14,2026-06-14,2026-06-14 16:14:48.390192,2026-06-14 10:28:15.981013,-0.6026501902186862,-0.5552162416940709,-0.49623093619708003,-0.32255160423385937,0.039026277612476366,-0.5017487698034346,Delivered,4.0
SHP004347,Jaipur,Hyderabad,Fastship,2026-06-14,2026-06-14,2026-06-14 08:15:40.142731,2026-06-14 06:41:58.996291,-0.6611006427248275,-0.6845657227258002,-0.9503587433308173,-0.6633646356982473,-1.065577355786509,0.5067821251590435,Delivered,4.0
SHP004731,Hyderabad,Pune,Fastship,2026-06-15,2026-06-14,2026-06-15 13:55:44.429652,2026-06-15 11:18:03.160684,0.12561910961751752,-0.10816504457178157,-0.6965833596709227,-0.42146999882664676,-0.5906801425516974,0.25150461289412235,Cancelled,2.0
SHP000483,Lucknow,Hyderabad,Fastship,2026-06-15,2026-06-14,2026-06-15 23:19:31.322848,2026-06-15 20:18:06.765901,-0.5143690988856316,-0.45839989354041366,0.6103953083288113,-0.020449170309279428,0.7015587007304059,0.15688955520612788,In Transit,3.0
SHP000890,Kolkata,Kolkata,Ecotrans,2026-06-14,2026-06-14,2026-06-14 14:07:56.100397,2026-06-14 13:16:29.343520,-0.6819290963385949,-0.49388180942944826,-0.12241516441469343,-0.41279597703917437,-0.4529434842422256,0.6752592135944937,Delivered,2.0
SHP004488,Mumbai,Bangalore,Ecotrans,2026-06-14,2026-06-14,2026-06-14 22:36:35.507308,2026-06-14 20:27:08.414343,1.9377202042115065,1.1140720498010268,-0.35003859601808474,-0.05098569270568956,-0.7295762829267715,0.36412733058902186,In Transit,3.0
SHP004610,Jaipur,Jaipur,Ecotrans,2026-06-15,2026-06-14,2026-06-15 10:19:37.814065,2026-06-15 07:20:25.943419,-0.6856149800720295,-0.49077774732849516,-0.889335458353351,-0.5751903802916267,-0.6731182494680317,0.1657100625164911,Cancelled,2.0
SHP003763,Pune,Delhi,Fastship,2026-06-15,2026-06-14,2026-06-15 05:05:19.818905,2026-06-15 02:53:31.526380,0.23117072341677988,0.014169250009374681,-1.024936486715035,-0.7987535907628709,-0.9117651383720752,0.3547408924879245,Delayed,3.0
SHP002646,Kolkata,Pune,Fastship,2026-06-16,2026-06-15,2026-06-16 08:45:54.152947,2026-06-16 06:28:51.386910,-0.6785671328802423,-0.6396950583553497,-0.9978911587630618,-0.6418593831915451,-0.6102710518923318,0.3338358262481806,In Transit,3.4301601423487544
SHP000742,Jaipur,Bangalore,Fastship,2026-06-15,2026-06-15,2026-06-15 17:27:46.297035,2026-06-15 14:16:54.333563,-0.41535587737041324,-0.4032105065369476,-0.4164130087580444,-0.27065112909471767,-0.48697125870489477,0.11917041341084719,Delivered,4.0
SHP002934,Delhi,Bangalore,Ecotrans,2026-06-16,2026-06-15,2026-06-16 06:06:13.855162,2026-06-16 06:01:37.547329,-0.5278180408169546,-0.527123123515668,-1.1483081565591475,-0.7554346658222737,-1.0673514549733085,0.8620877418689036,Delivered,3.0
SHP000449,Lucknow,Bangalore,Ecotrans,2026-06-15,2026-06-15,2026-06-15 16:28:10.754415,2026-06-15 14:22:54.707587,-0.016025902903584157,-0.24570537496575479,-0.6862410833333811,-0.31303950497775146,-0.5798536146727888,0.3808159734252325,Delivered,3.4301601423487544
SHP003752,Mumbai,Chennai,Ecotrans,2026-06-14,2026-06-15,2026-06-15 14:07:18.230846,2026-06-15 23:26:06.701257,0.08817368114750869,-0.11198632426512153,0.6718179675966703,0.6110347633250836,0.9207915559384158,1.350000480688524,Delivered,5.0
SHP004110,Ahmedabad,Delhi,Fastship,2026-06-15,2026-06-15,2026-06-15 12:25:31.909655,2026-06-15 10:09:55.023484,-0.4622457370887702,-0.44189446963690443,-0.580783175506545,-0.48563590495483755,-0.3759168037511257,0.3395448103720653,Delivered,5.0
SHP004004,Pune,Pune,Ecotrans,2026-06-15,2026-06-15,2026-06-15 10:27:12.721313,2026-06-15 08:38:16.897527,-0.29870992278985814,-0.3211930156552976,-0.535581188862777,-0.5697974143918711,-0.5076901976489748,0.4459776701684969,Cancelled,5.0
SHP000170,Jaipur,Chennai,Ecotrans,2026-06-15,2026-06-15,2026-06-15 11:29:20.095752,2026-06-15 09:56:44.676575,-0.4673203336470949,-0.4889383049264836,-0.6107462053747174,-0.525609058773504,-0.5741827575493184,0.5111514368318565,In Transit,5.0
SHP002718,Bangalore,Bangalore,Globalline,2026-06-15,2026-06-15,2026-06-15 14:07:12.643480,2026-06-15 09:37:49.981299,-0.6894425947515161,-0.5676678994022907,-0.15318875062251075,-0.41331116265741,-0.22808631186849374,-0.1939798672624615,Delivered,3.4301601423487544
SHP001561,Jaipur,Pune,Ecotrans,2026-06-15,2026-06-15,2026-06-15 07:41:49.127046,2026-06-15 05:54:02.471925,-0.19034209678498215,-0.39978275271919567,-0.9549965760953265,-0.6874425073509566,-0.8422267952524316,0.4505757538491969,Cancelled,1.0
SHP000941,Pune,Pune,Fastship,2026-06-15,2026-06-15,2026-06-15 19:46:17.209165,2026-06-15 16:31:44.446783,-0.6469983970322235,-0.44797891904562853,-0.3785097909167401,-0.17212452634344932,-0.11468523301291252,0.10449249726504062,In Transit,1.0
SHP000076,Chennai,Jaipur,Fastship,2026-06-15,2026-06-15,2026-06-15 08:18:05.430126,2026-06-15 07:16:36.518617,-0.09540634173289561,-0.36225261692650923,-0.6966655548487285,-0.6616422407091588,-0.6786240774185701,0.6352301428200732,In Transit,4.0
SHP000377,Mumbai,Ahmedabad,Ecotrans,2026-06-16,2026-06-15,2026-06-17 00:01:47.450510,2026-06-16 16:35:12.489470,0.74451926444806,1.2824441780159148,-0.1847503620755124,0.009616848777897794,-0.3984735497219202,-0.9007767943376697,Cancelled,3.0
SHP001078,Bangalore,Pune,Globalline,2026-06-15,2026-06-15,2026-06-16 04:33:49.057367,2026-06-16 03:46:17.319767,-0.7027589722566421,-0.6399739146300953,0.13102034116654343,0.20311095024332684,-0.2076498587016428,0.6908824485119762,Cancelled,3.0
SHP000906,Lucknow,Kolkata,Ecotrans,2026-06-16,2026-06-15,2026-06-16 07:23:49.369845,2026-06-16 04:28:13.748928,-0.5263161576010522,-0.5193227268140879,-1.0610712349990834,-0.7002431250385819,-0.8388115795088422,0.18008556549707808,Delivered,3.0
SHP004978,Bangalore,Ahmedabad,Ecotrans,2026-06-15,2026-06-15,2026-06-16 13:18:17.914834,2026-06-16 12:25:02.889920,-0.8677847846262917,-0.8018945525103767,0.698953043632659,0.5761770553958548,0.4141871330782761,0.6680619445121552,Delivered,4.0
SHP001603,Bangalore,Pune,Globalline,2026-06-16,2026-06-15,2026-06-16 17:38:20.862870,2026-06-16 13:43:12.583840,-0.7451231481820388,-0.7387664919699941,0.10073098536918251,-0.2631282946586334,0.03062565681381231,-0.05741187595428162,Cancelled,3.0
SHP002098,Delhi,Delhi,Fastship,2026-06-15,2026-06-15,2026-06-15 22:19:48.992049,2026-06-15 17:40:17.454405,-0.5550870977669224,-0.6420472930169135,-0.347209740312311,-0.06291802065309682,-0.7502857727779607,-0.23445571467109713,Cancelled,4.0
SHP001161,Bangalore,Chennai,Ecotrans,2026-06-16,2026-06-16,2026-06-16 23:53:22.276661,2026-06-16 19:18:05.568404,-0.5727580020882816,-0.6503035910135733,-0.05118607108359095,0.0036279678526138083,-0.40056524898172485,-0.2175155750034091,Delayed,4.0
SHP000363,Mumbai,Pune,Globalline,2026-06-17,2026-06-16,2026-06-17 03:17:06.962514,2026-06-17 03:48:33.488480,-0.4132764556003626,-0.49024344095645156,-1.3712187574764871,-0.8757269809694928,-1.5089931194973332,1.0058651415808766,Delayed,4.0
SHP004092,Jaipur,Jaipur,Ecotrans,2026-06-16,2026-06-16,2026-06-17 15:11:33.771516,2026-06-17 05:23:50.968623,-0.4787015917773668,-0.5940448702342164,0.9954857969343197,0.6567425410076916,0.9794415076458133,-1.4636884167468756,In Transit,1.0
SHP003215,Pune,Mumbai,Globalline,2026-06-15,2026-06-16,2026-06-16 22:31:47.174675,2026-06-16 13:42:48.698913,-0.4058325820833791,-0.28401662413095125,-1.0666256547199116,0.9698757855348369,-1.1006306409963937,-1.2294038448746292,Delayed,4.0
SHP000703,Kolkata,Pune,Fastship,2026-06-16,2026-06-16,2026-06-16 09:03:28.441477,2026-06-16 07:03:11.422078,0.34643465451949457,0.09131750814752526,-1.0485700036508037,-0.6293606988690025,-1.0833193648573596,0.40069423970905654,Cancelled,3.0
SHP004864,Lucknow,Bangalore,Fastship,2026-06-16,2026-06-16,2026-06-17 02:07:46.732640,2026-06-16 18:17:34.525741,-0.5840670400533718,-0.6526763570744878,0.12496239059867634,0.09923281099563971,0.041991346124286004,-0.9949901936537869,Cancelled,5.0
SHP004378,Hyderabad,Delhi,Fastship,2026-06-16,2026-06-16,2026-06-16 05:55:09.271863,2026-06-16 05:32:47.288410,-0.2841952872058551,0.008581983156298855,-1.0235071293293403,-0.7633133599648438,-0.7545679831130921,0.7912454655687611,Cancelled,4.0
SHP001498,Jaipur,Delhi,Ecotrans,2026-06-17,2026-06-16,2026-06-17 12:42:26.695808,2026-06-17 12:59:40.728086,-0.7869027025158201,-0.7377412707615899,-0.8280452168888244,-0.47360552482672186,-1.2573979821564991,0.9491944321679847,Delivered,4.0
SHP004577,Jaipur,Kolkata,Ecotrans,2026-06-17,2026-06-16,2026-06-17 17:32:17.639566,2026-06-17 13:56:11.884862,-0.4821792580129292,-0.5502102755188426,-0.6014378216256452,-0.26743433924386767,-1.1767495891904138,0.018539025486182848,Delivered,1.0
SHP001183,Lucknow,Bangalore,Ecotrans,2026-06-15,2026-06-16,2026-06-16 09:05:06.381012,2026-06-16 00:39:15.643327,-0.5191828252359632,-0.444194777385572,0.5047507695065985,0.39608007029769643,0.5522914673765233,-1.1371520166090432,Delivered,1.0
SHP002060,Ahmedabad,Chennai,Fastship,2026-06-16,2026-06-16,2026-06-22 22:34:16.904493,2026-06-21 07:45:37.667787,-0.12675308549526576,0.037406851417927524,0.2563004440279758,6.093049282194395,0.04527884968171807,-2.3754234253671918,Delivered,3.0
SHP004450,Kolkata,Ahmedabad,Fastship,2026-06-17,2026-06-17,2026-06-17 21:20:00.852628,2026-06-17 11:43:29.703294,-0.6346117007394249,-0.5886872836561011,0.12589267545857277,-0.10545573274736698,0.08839991238402517,-1.4190393076637082,Cancelled,2.0
SHP002441,Mumbai,Ahmedabad,Fastship,2026-06-17,2026-06-17,2026-06-18 10:44:03.720408,2026-06-18 07:52:15.811679,-0.5511023890664276,-0.4622032610355459,0.29221060166053514,0.4664677571088017,0.694894876284937,0.19522305146040148,Delivered,5.0
SHP001098,Kolkata,Bangalore,Fastship,2026-06-17,2026-06-17,2026-06-17 19:35:55.298055,2026-06-17 18:41:31.492108,-0.6543365276806129,-0.6738172844872561,-0.2712734177466054,-0.17949733789119562,-0.28456312762053565,0.6634896292104359,Delivered,3.4301601423487544
SHP004691,Jaipur,Delhi,Fastship,2026-06-17,2026-06-17,2026-06-17 12:39:24.512317,2026-06-17 08:47:12.854718,-0.45319855215259075,-0.303539940545694,-0.683360306487088,-0.4757653263148231,-0.4106030696892885,-0.04567071947044602,Delayed,4.0
SHP002073,Mumbai,Ahmedabad,Globalline,2026-06-17,2026-06-17,2026-06-17 09:15:19.764292,2026-06-17 06:41:20.009824,0.4593500715487591,0.06083052593360099,-0.6276787981431741,-0.6209279036133205,-0.738233258433849,0.26623009888533605,Delayed,2.0
SHP001887,Hyderabad,Ahmedabad,Fastship,2026-06-17,2026-06-17,2026-06-17 09:55:38.581754,2026-06-17 06:41:44.735227,1.4832342540184777,1.5838378096524692,-0.6400477083911397,-0.5922526073898301,-0.4236463593352311,0.10707948311760838,Delivered,4.0
SHP002321,Bangalore,Bangalore,Fastship,2026-06-17,2026-06-17,2026-06-17 09:53:41.576981,2026-06-17 08:49:40.616611,-0.7196715390559678,-0.5282701661023931,-0.5069190977194687,-0.5936397093846092,-0.2638683690666273,0.6251224822712806,Delayed,2.0
SHP003355,Hyderabad,Jaipur,Globalline,2026-06-17,2026-06-17,2026-06-17 19:48:34.593020,2026-06-17 16:46:11.505127,-0.08890495863200157,-0.3085183051903277,-0.3704865260015276,-0.17049582851953057,-0.6561535449711062,0.15299862876395146,Cancelled,3.0
SHP002414,Jaipur,Kolkata,Globalline,2026-06-17,2026-06-17,2026-06-18 07:39:50.322929,2026-06-18 07:38:04.205919,0.5187943567603776,0.09263987438114482,0.2096677116522631,0.33542874652978694,0.21932195281524425,0.8734014146980845,Delivered,4.0
SHP004070,Hyderabad,Lucknow,Ecotrans,2026-06-16,2026-06-17,2026-06-17 02:33:09.958065,2026-06-17 04:10:43.199069,-0.5954099323360957,-0.549819361438209,-0.03671234024140546,0.11729078393828934,-0.02064164036331334,1.2695580678823397,Delivered,2.0
SHP003426,Jaipur,Bangalore,Fastship,2026-06-17,2026-06-17,2026-06-17 13:39:11.301126,2026-06-17 11:45:58.582332,-0.2691288762738843,0.01884244347703522,-0.8341571805265526,-0.4332436258585269,-0.8956131953403403,0.4289002154577816,Delayed,3.4301601423487544
SHP001622,Jaipur,Ahmedabad,Ecotrans,2026-06-17,2026-06-17,2026-06-17 11:11:02.419295,2026-06-17 09:30:33.994717,0.03648028203689361,-0.10039223200907825,-0.3245123142720288,-0.5386221108416611,-0.5011339728378825,0.4797077416958997,Delivered,3.0
SHP000871,Pune,Ahmedabad,Fastship,2026-06-17,2026-06-17,2026-06-19 16:07:41.603996,2026-06-19 02:10:25.710566,-0.3258818822687547,-0.250742772220375,4.186653357240854,1.7209481819716987,4.441638206928709,-2.3754234253671918,Cancelled,3.0
SHP002003,Chennai,Bangalore,Ecotrans,2026-06-18,2026-06-17,2026-06-18 20:24:16.859689,2026-06-18 18:59:56.288937,-0.2583936660149582,-0.2205009320335699,0.6963513004540246,-0.1450990665573542,0.7826692800440148,0.5440471775175074,Delivered,3.0
SHP004768,Ahmedabad,Chennai,Ecotrans,2026-06-18,2026-06-18,2026-06-20 00:07:07.608530,2026-06-19 08:00:30.102030,0.986716869262154,1.2256901724004463,0.9956926178487292,1.0376920378530792,0.9471750938848817,-2.3754234253671918,In Transit,4.0
SHP001576,Jaipur,Pune,Fastship,2026-06-18,2026-06-18,2026-06-18 14:31:48.362456,2026-06-18 14:26:15.388976,0.3679870777376946,0.8334554143688452,-0.19208274756458474,-0.3958163829006159,-0.10867112136909486,0.8583208137848207,Delivered,3.0
SHP001712,Hyderabad,Chennai,Fastship,2026-06-18,2026-06-18,2026-06-19 19:29:47.054805,2026-06-19 12:25:33.509710,-0.8494277037944201,-0.7709517053734792,1.707202218324363,0.8404167928878552,1.7334128772420447,-0.811604294539742,Delivered,4.0
SHP001479,Lucknow,Pune,Fastship,2026-06-18,2026-06-18,2026-06-18 14:12:59.704653,2026-06-18 14:30:13.433544,-0.8035377632941468,-0.7908297297326579,-0.624942177486025,-0.4091967215708497,-0.38904295474482536,0.9491742640931254,In Transit,3.0
SHP003642,Ahmedabad,Pune,Fastship,2026-06-19,2026-06-18,2026-06-19 11:40:18.344127,2026-06-19 03:30:10.652970,1.2947521966042428,0.6584502231499274,-0.7607958037357438,-0.5178054657311622,-0.7059151566960729,-1.0744616805943503,Delivered,3.4301601423487544
SHP001929,Bangalore,Bangalore,Fastship,2026-06-19,2026-06-18,2026-06-19 17:33:18.912711,2026-06-19 12:33:44.346675,-0.6043220751968424,-0.5349487756135908,0.23230591194401604,-0.26670794065949865,0.22978869451440145,-0.3144287084635048,In Transit,4.0
SHP002423,Pune,Pune,Globalline,2026-06-18,2026-06-18,2026-06-18 21:13:14.266971,2026-06-18 22:20:37.316655,-0.4846326913513727,-0.4941063821782109,-0.09291013436223862,-0.11027584187524898,0.09180495513589745,1.149223069838977,Cancelled,3.0
SHP003777,Mumbai,Mumbai,Fastship,2026-06-18,2026-06-18,2026-06-18 17:30:14.381042,2026-06-18 18:45:16.702027,0.32435464047103346,0.8843729793475249,-0.09345070057001531,-0.26889558001954367,0.4155472143201283,1.1797537714817226,Delivered,3.0
SHP003248,Lucknow,Bangalore,Ecotrans,2026-06-18,2026-06-18,2026-06-18 07:23:09.621315,2026-06-18 06:52:05.239696,-0.4608311996211967,-0.4680949099255296,-0.9789842458222072,-0.70071434740063,-0.7695882120438039,0.7565183173447455,In Transit,1.0
SHP000829,Lucknow,Chennai,Ecotrans,2026-06-19,2026-06-18,2026-06-19 14:06:10.141567,2026-06-19 12:17:58.936182,0.26286525642484704,0.004728433321959279,-0.35310767607336174,-0.4140521284058158,-0.15851353520518877,0.4489437407366802,Delivered,5.0
SHP003499,Bangalore,Lucknow,Fastship,2026-06-18,2026-06-18,2026-06-18 15:52:11.222641,2026-06-18 14:36:03.410586,-0.924245336750457,-0.8590167532381453,-0.309695777202918,-0.33864094630221037,-0.4272113427113185,0.5768040006136126,Cancelled,3.0
SHP004599,Lucknow,Jaipur,Fastship,2026-06-18,2026-06-18,2026-06-18 11:41:40.421993,2026-06-18 11:02:55.345990,-0.637191350060912,-0.52541023724875,-0.3617964883922614,-0.5168324253265327,-0.5133718138765976,0.7258930142705775,Delivered,2.0
SHP000414,Pune,Mumbai,Ecotrans,2026-06-17,2026-06-18,2026-06-18 12:45:03.793589,2026-06-18 04:24:55.277347,-0.9525273323994162,-0.8667304662447841,0.6361291488876102,0.5525365706150416,-0.27997882478300173,-1.1144023678736807,In Transit,3.4301601423487544
SHP002779,Jaipur,Hyderabad,Globalline,2026-06-18,2026-06-18,2026-06-18 20:04:01.803980,2026-06-18 10:04:12.933565,1.662804241396903,1.0658349590121319,-0.5159908754111325,-0.15950366009119116,-0.5337435950717391,-2.3754234253671918,Cancelled,3.0
SHP000422,Chennai,Chennai,Globalline,2026-06-19,2026-06-19,2026-06-19 12:27:28.279593,2026-06-19 11:22:43.705889,-0.5478823853075929,-0.5544348164639669,-0.8019767021608987,-0.4842563289874812,-0.6760138842165598,0.6222232249366723,In Transit,4.0
SHP004107,Hyderabad,Bangalore,Globalline,2026-06-19,2026-06-19,2026-06-19 10:20:08.034898,2026-06-19 11:44:12.600163,-0.8184161325072595,-0.7790902370784285,-0.9234068398517503,-0.5748321096261066,-0.8587816963724698,1.2158002178721652,Cancelled,4.0
SHP003687,Lucknow,Delhi,Ecotrans,2026-06-19,2026-06-19,2026-06-19 14:35:08.020501,2026-06-19 09:39:14.936945,-0.8332261969907525,-0.8052682727753468,-0.8056584036582822,-0.3934494190078052,-0.8624030986163499,-0.2997053510465445,Delivered,5.0
SHP000403,Bangalore,Kolkata,Ecotrans,2026-06-19,2026-06-19,2026-06-20 02:54:53.989161,2026-06-19 22:30:54.208390,-0.3354696655258797,-0.43196443477122637,0.06318461856411076,0.13275018860299562,-0.17123114453244304,-0.17251587425171835,Delayed,3.0
SHP004189,Mumbai,Hyderabad,Fastship,2026-06-19,2026-06-19,2026-06-19 10:24:37.514208,2026-06-19 11:07:48.118257,-0.33393673095696574,-0.14062340156223513,-0.9207306297475949,-0.5716374084305732,-1.102174247411759,1.0526697162156615,In Transit,5.0
SHP002818,Ahmedabad,Kolkata,Fastship,2026-06-19,2026-06-19,2026-06-20 17:18:29.220484,2026-06-20 20:56:18.486313,-0.40779196956621283,-0.3813610672149886,1.0316606280906064,0.747024366089402,0.8990101682158537,1.350000480688524,Delivered,4.0
SHP003832,Lucknow,Delhi,Globalline,2026-06-19,2026-06-19,2026-06-19 13:52:37.817573,2026-06-19 11:45:15.972850,-0.8469159886416122,-0.7338807964966799,-0.3556881540865749,-0.4236823016226563,-0.32072206430264627,0.37245338253142346,Cancelled,1.0
SHP004008,Chennai,Jaipur,Ecotrans,2026-06-19,2026-06-19,2026-06-20 01:00:05.877499,2026-06-19 22:01:17.766457,-0.482765894451249,-0.42202832706711224,-0.23508408462549804,0.05109101199297281,-0.5209906907600504,0.16728951540042772,Cancelled,1.0
SHP001435,Delhi,Delhi,Fastship,2026-06-18,2026-06-19,2026-06-19 17:32:33.063677,2026-06-19 10:40:48.335851,0.0666178303794296,0.16915441153891492,0.7096977822401108,0.757028202221016,0.944050556355771,-0.7618256199850812,Cancelled,1.0
SHP004705,Hyderabad,Chennai,Ecotrans,2026-06-20,2026-06-19,2026-06-21 01:00:42.846627,2026-06-20 17:07:47.004045,3.335960049648228,3.124434641467258,-0.004458438658715256,0.051529284297409085,0.24471174567373952,-1.0058681043895592,Delivered,3.0
SHP004794,Ahmedabad,Hyderabad,Ecotrans,2026-06-19,2026-06-19,2026-06-19 23:18:53.802537,2026-06-19 19:25:13.568006,-0.5276687349079565,-0.6032982569908925,-0.17715050790332817,-0.02089397693337266,-0.1718787623787827,-0.05155899482628351,Delivered,5.0
SHP001361,Hyderabad,Mumbai,Ecotrans,2026-06-19,2026-06-19,2026-06-19 10:24:40.715097,2026-06-19 06:26:43.657784,-0.7469817418532071,-0.6960899914281552,-0.6071183385923983,-0.5715994615992535,-0.7548233562453273,-0.06863164821270086,Delivered,3.0
SHP000416,Ahmedabad,Ahmedabad,Ecotrans,2026-06-20,2026-06-19,2026-06-21 00:15:34.412734,2026-06-20 18:16:52.779106,0.5257336204471915,0.21813507693665307,-0.1473500719333651,0.019420559519594358,0.01845879751872836,-0.5502249842643389,Delivered,1.0
SHP003934,Jaipur,Ahmedabad,Fastship,2026-06-19,2026-06-19,2026-06-19 13:54:51.270278,2026-06-19 11:13:14.662145,-0.4476258982228516,-0.16795953134297478,-0.7620729202322324,-0.42210020793013137,-0.8765821927549831,0.2358601129747428,Delayed,4.0
SHP002181,Chennai,Kolkata,Fastship,2026-06-19,2026-06-19,2026-06-19 13:06:23.261133,2026-06-19 10:33:25.242946,0.24428461138399354,0.33233343117429454,-0.6980174011641543,-0.456574915084762,-0.27997882478300173,0.27033410445163136,Delivered,3.0
SHP004394,Hyderabad,Ahmedabad,Ecotrans,2026-06-19,2026-06-19,2026-06-20 12:35:51.077952,2026-06-20 02:30:04.221004,0.18286840825917886,-0.05915414998909889,0.924797069514104,0.5459840775549863,1.0226421637882852,-1.5357524252005923,Delivered,4.0
SHP002251,Chennai,Ahmedabad,Ecotrans,2026-06-19,2026-06-19,2026-06-20 01:35:22.186765,2026-06-19 15:50:37.121853,-0.7184318990119882,-0.535220491244263,0.19331704123265156,0.07618004663939804,0.2751210584369187,-1.4518730360412238,Delivered,3.0
SHP004781,Mumbai,Chennai,Ecotrans,2026-06-19,2026-06-19,2026-06-19 21:47:22.187044,2026-06-19 18:26:01.792275,-0.7855784291639433,-0.6905744973987322,-0.03817585806940554,-0.0859975672012334,-0.17499592365481528,0.07739456460449938,Cancelled,2.0
SHP004204,Kolkata,Hyderabad,Ecotrans,2026-06-19,2026-06-19,2026-06-19 18:48:26.772803,2026-06-19 18:16:36.958506,0.09528856835320741,0.4648514341183959,-0.4429724399415331,-0.2132668581984753,-0.6422039347088453,0.7534981165748984,In Transit,2.0
SHP002584,Chennai,Chennai,Globalline,2026-06-19,2026-06-19,2026-06-20 21:51:50.946520,2026-06-20 09:04:15.103383,-0.6570802784889466,-0.49310872744054557,1.0347865713905795,0.9414682875652671,1.2977960784361013,-2.181170852053038,Delivered,4.0
SHP000925,Hyderabad,Jaipur,Ecotrans,2026-06-19,2026-06-19,2026-06-19 13:52:17.918163,2026-06-19 07:33:07.288814,-0.15185052257502302,0.2622915188791408,-0.2009086644155002,-0.4239182109005111,-0.006199574358797548,-0.6319241925457245,Delivered,4.0
SHP003048,Lucknow,Bangalore,Fastship,2026-06-20,2026-06-20,2026-06-21 03:51:04.049368,2026-06-20 21:53:35.231751,-0.9963334497483998,-0.9160761304505651,0.8667839585138402,0.17270255219815342,0.7410924688805398,-0.5453844381605103,Delayed,3.0
SHP003861,Delhi,Mumbai,Globalline,2026-06-20,2026-06-20,2026-06-20 11:31:13.658117,2026-06-20 13:13:28.658328,0.26456474753846126,0.6594182649736217,-0.28692969509685157,-0.5242627668324362,-0.22260746700464046,1.2882884049734737,Delivered,5.0
SHP001106,Hyderabad,Bangalore,Globalline,2026-06-20,2026-06-20,2026-06-20 14:51:16.981074,2026-06-20 13:55:30.946951,-0.703317372308813,-0.5356548073570858,-0.7581164440562159,-0.381962305208712,-0.9792843332524366,0.6580233962831509,Delivered,4.0
SHP001158,Jaipur,Lucknow,Globalline,2026-06-20,2026-06-20,2026-06-21 03:36:48.764046,2026-06-20 18:32:43.191326,1.8215706489880552,2.025902860734343,0.42419211830602455,0.16256306861586983,0.32980657556690074,-1.2897043829780108,Delivered,3.0
SHP000974,Delhi,Bangalore,Ecotrans,2026-06-20,2026-06-20,2026-06-21 00:01:08.614482,2026-06-21 00:40:07.008246,-0.6320584240942864,-0.5487956789594092,-0.1742688597354821,0.009156444211105683,-0.4868929787942872,1.0359036850140584,Cancelled,4.0
SHP004438,Bangalore,Hyderabad,Ecotrans,2026-06-21,2026-06-20,2026-06-21 14:42:57.814615,2026-06-21 08:54:31.620151,-0.8214707213454514,-0.7402611252434985,-0.014871157356643334,-0.38787996798775914,-0.18445501100927253,-0.509312805657854,Cancelled,1.0
SHP002012,Ahmedabad,Chennai,Fastship,2026-06-21,2026-06-20,2026-06-21 10:03:52.203169,2026-06-21 10:18:02.400558,-0.9372082033380833,-0.8702884491245758,-0.8759170186874726,-0.5864006815952901,-1.130910529453928,0.9369737509815802,Delivered,3.0
SHP001928,Chennai,Chennai,Ecotrans,2026-06-20,2026-06-20,2026-06-21 05:26:30.396413,2026-06-20 14:18:25.474544,0.1751613847985686,0.18016555600341547,0.1605375491053145,0.24058890591013873,0.0687175881768408,-2.3754234253671918,Delivered,1.0
SHP003076,Chennai,Pune,Ecotrans,2026-06-21,2026-06-20,2026-06-21 10:00:46.408880,2026-06-21 09:23:40.401932,-0.9322691257661943,-0.8619102046523465,-0.7257226642697804,-0.5886032894229679,-0.8158941886658383,0.7324787681673439,Cancelled,3.0
SHP000713,Delhi,Hyderabad,Fastship,2026-06-20,2026-06-20,2026-06-20 09:36:53.054501,2026-06-20 06:49:23.826611,0.9918637336254655,0.6285189252804471,-0.8630324866253941,-0.6055958331144935,-0.6938681364546587,0.2124192217828404,In Transit,2.0
SHP002906,Lucknow,Pune,Ecotrans,2026-06-21,2026-06-20,2026-06-21 15:43:47.375475,2026-06-21 14:58:35.509642,1.4765216134875385,0.6387922027942571,-0.7368626957072554,-0.3446140992896909,-0.5349426936953551,0.7001806197175848,Delivered,3.0
SHP001149,Delhi,Ahmedabad,Fastship,2026-06-20,2026-06-20,2026-06-20 23:03:13.026099,2026-06-20 17:33:04.751158,2.007918817726774,2.883065625504649,-0.3439648176973588,-0.03204696530278702,-0.27997882478300173,-0.43632707083951716,Cancelled,4.0
SHP003911,Kolkata,Delhi,Fastship,2026-06-20,2026-06-20,2026-06-21 08:32:13.346510,2026-06-21 01:57:51.545439,2.0827407889975635,2.4998445536879603,0.7430013430355494,0.37268957073719283,0.7408084070615553,-0.692495606281173,Delivered,4.0
SHP003189,Mumbai,Hyderabad,Ecotrans,2026-06-20,2026-06-20,2026-06-21 10:15:14.099104,2026-06-21 00:41:38.612212,0.09882995258340545,-0.03498377392889845,0.6564704610474138,0.44596294265983105,0.7002456780318631,-1.4073619013139957,Delivered,5.0
SHP003789,Bangalore,Delhi,Ecotrans,2026-06-21,2026-06-21,2026-06-21 05:39:28.309865,2026-06-21 05:21:15.085947,-0.8189962662417001,-0.7375826838116674,-0.9558527249356376,-0.7744685481740248,-1.1053087291847903,0.8077821033411116,Delivered,4.0
SHP001040,Mumbai,Hyderabad,Ecotrans,2026-06-21,2026-06-21,2026-06-21 13:16:24.096214,2026-06-21 08:22:25.344632,-0.7597216119761578,-0.7676785668498806,-0.6116440182984911,-0.4494519617411365,-0.8306395113241967,-0.29210497327676055,In Transit,4.0
SHP000272,Bangalore,Jaipur,Ecotrans,2026-06-21,2026-06-21,2026-06-22 10:32:23.905877,2026-06-21 20:26:13.116846,-0.7045522167493924,-0.56685825877809,0.2992680077527946,0.4581713935792967,0.42614375917196423,-2.3754234253671918,Delivered,2.0
SHP002948,Bangalore,Delhi,Ecotrans,2026-06-22,2026-06-21,2026-06-22 13:20:13.144086,2026-06-22 11:07:41.097052,-0.7061630437597697,-0.712256722482636,-0.7352916945467575,-0.4467365788319748,-0.6586468028913552,0.3518322503478753,Delivered,1.0
SHP004881,Chennai,Chennai,Globalline,2026-06-21,2026-06-21,2026-06-21 18:45:39.757193,2026-06-21 15:41:54.217167,-0.2753064479747762,-0.221393897357014,0.4734931939930498,-0.2152468431158192,0.5831691312565352,0.14751750798207397,Delivered,3.0
SHP001241,Chennai,Chennai,Ecotrans,2026-06-21,2026-06-21,2026-06-21 23:30:31.316049,2026-06-21 18:26:37.704111,0.5460036414389607,0.4941367090792104,-0.18793812822892997,-0.012624892185942819,-0.39032436420115324,-0.3316491468591054,Delivered,5.0
SHP001062,Chennai,Jaipur,Ecotrans,2026-06-22,2026-06-21,2026-06-22 03:16:53.727571,2026-06-22 02:27:04.718599,0.6853302844279606,0.3617151920443037,-1.2532913063257003,-0.8758838823945021,-1.4453810452835671,0.6817571421984812,In Transit,2.0
SHP002360,Jaipur,Hyderabad,Ecotrans,2026-06-21,2026-06-21,2026-06-21 14:27:37.581866,2026-06-21 13:56:58.955280,-0.51436790927562,-0.4990969816674052,-0.6386020281147075,-0.3987894091089634,-0.5531657735063779,0.7582304191604043,In Transit,4.0
SHP003685,Lucknow,Delhi,Ecotrans,2026-06-21,2026-06-21,2026-06-21 09:55:17.451404,2026-06-21 08:16:29.099142,-0.21965360941017945,-0.4206863874500883,-0.913939229562025,-0.5925031095659542,-0.7786860001470081,0.4863601887698668,Delivered,4.0
SHP002761,Kolkata,Ahmedabad,Fastship,2026-06-21,2026-06-21,2026-06-26 16:48:11.518165,2026-06-26 10:48:25.849313,-0.7960837454042698,-0.7296682418319784,-0.6161573271823625,4.822594092443614,-0.9313689703118704,-0.554481815279718,Delayed,3.4301601423487544
SHP004274,Delhi,Chennai,Ecotrans,2026-06-21,2026-06-21,2026-06-23 05:28:59.870591,2026-06-22 19:56:16.833595,-0.7229828541174852,-0.7039296508571372,-0.8172289348689625,1.2666406228616753,-1.0603551223286207,-1.403875221169858,In Transit,3.4301601423487544
SHP003546,Pune,Ahmedabad,Fastship,2026-06-21,2026-06-21,2026-06-21 09:25:29.993443,2026-06-21 07:51:37.621658,-0.6115401578635924,-0.39440215169854625,-0.7283038426277162,-0.613693582734561,-0.9585895803350375,0.5060359046608638,Delayed,4.0
SHP000326,Delhi,Hyderabad,Globalline,2026-06-21,2026-06-21,2026-06-22 17:13:40.663386,2026-06-22 03:23:10.432372,0.32701115238050915,0.21166509204933337,1.228727036482331,0.7436034960239557,1.2011673980857585,-2.3754234253671918,Delivered,2.0
SHP001160,Kolkata,Mumbai,Fastship,2026-06-22,2026-06-21,2026-06-22 09:04:35.738459,2026-06-22 08:40:46.860712,-0.5942947539113296,-0.5977946735396725,-0.8046905955793878,-0.6285628871535571,-0.8205470437671559,0.7854690459257427,Cancelled,2.0
SHP002615,Mumbai,Jaipur,Fastship,2026-06-21,2026-06-21,2026-06-22 11:26:11.988447,2026-06-21 20:24:31.793070,-0.3317348898184748,-0.4639433944435491,1.0140145406725662,0.49644059965641824,1.0329207505746747,-2.3754234253671918,Delayed,3.0
SHP000182,Chennai,Ahmedabad,Fastship,2026-06-21,2026-06-21,2026-06-21 04:23:58.333463,2026-06-21 04:25:00.423749,-0.7015753269055613,-0.7192434468672297,-1.2914958182360259,-0.828171821465628,-1.4772533093933395,0.8845832297976285,Cancelled,1.0
SHP000822,Kolkata,Pune,Fastship,2026-06-21,2026-06-21,2026-06-21 06:39:41.254599,2026-06-21 06:43:32.330698,-0.5493001246381715,-0.3780358720280394,-0.9622909861634547,-0.7316367668885265,-1.0126598027303229,0.9551606573937073,Delayed,1.0
SHP003354,Jaipur,Mumbai,Ecotrans,2026-06-21,2026-06-21,2026-06-21 14:36:04.557257,2026-06-21 15:11:58.469549,-0.5309125257161578,-0.5243774379688237,-0.2670488830069787,-0.39277917073613666,-0.34289289061286243,1.0236400213190204,Delivered,5.0
SHP000045,Ahmedabad,Delhi,Ecotrans,2026-06-21,2026-06-21,2026-06-21 07:38:07.290969,2026-06-21 06:38:17.719180,3.7873539355023156,2.7932245544418515,-0.7642389302889951,-0.6900723937904643,-0.25502227278343015,0.6418338895510144,Cancelled,5.0
SHP001335,Pune,Chennai,Globalline,2026-06-21,2026-06-21,2026-06-21 18:16:11.220303,2026-06-21 16:10:55.090049,-0.15853318639160952,-0.3458094258324784,-0.5310299159080787,-0.2362130052944547,-0.1409276704082092,0.38081042756528066,Cancelled,4.0
SHP000718,Lucknow,Mumbai,Fastship,2026-06-21,2026-06-21,2026-06-22 13:18:10.353501,2026-06-21 19:31:08.591321,0.41603944478722515,0.17037625948583662,0.4313226474626835,0.5760874151253245,0.3924147517181425,-2.3754234253671918,Delivered,4.0
SHP003151,Hyderabad,Delhi,Ecotrans,2026-06-21,2026-06-21,2026-06-21 21:40:25.352290,2026-06-21 14:57:47.472138,-0.41808871166434985,-0.5049223668561617,0.6222933954398888,-0.09093918030071889,-0.27997882478300173,-0.7254731565444726,Delivered,4.0
SHP004973,Hyderabad,Chennai,Globalline,2026-06-21,2026-06-22,2026-06-23 04:05:59.484326,2026-06-22 12:25:34.995870,-0.4879297462124128,-0.5323588279418594,1.6607877532693545,1.2075977005661938,1.785466380774112,-2.3754234253671918,Delivered,3.0
SHP003011,Pune,Jaipur,Fastship,2026-06-22,2026-06-22,2026-06-23 06:04:26.156879,2026-06-23 04:14:23.304609,-0.6773082934519257,-0.464854986869262,0.2941195693487495,0.2675682487211131,0.12387997683370248,0.44152185801103394,Delivered,5.0
SHP002692,Lucknow,Hyderabad,Ecotrans,2026-06-22,2026-06-22,2026-06-22 15:47:49.126540,2026-06-22 14:10:47.744023,-0.6590645755535777,-0.5306333582017246,-0.5424903766791326,-0.34174811890304185,-0.7751101029214352,0.49347115207692444,Delayed,3.0
SHP004115,Mumbai,Mumbai,Globalline,2026-06-21,2026-06-22,2026-06-24 10:36:47.741584,2026-06-23 10:39:37.883834,-0.5612870229052142,-0.6319801663290333,4.186653357240854,2.509858563887452,4.099221976891193,-2.3754234253671918,Delivered,4.0
SHP004847,Lucknow,Ahmedabad,Fastship,2026-06-23,2026-06-22,2026-06-23 15:28:50.139917,2026-06-23 14:37:50.183620,0.2092415630408264,0.48341399217266207,-0.31029552161444857,-0.3552509066533375,-0.23997069400876292,0.677040819608305,Delivered,3.0
SHP001051,Hyderabad,Lucknow,Fastship,2026-06-22,2026-06-22,2026-06-22 04:29:21.143003,2026-06-22 03:36:45.181321,0.012108180012429446,0.4534689892932434,-1.3059768410872246,-0.8243448856427803,-0.6883428339732278,0.670658727456782,In Transit,3.0
SHP001018,Chennai,Hyderabad,Globalline,2026-06-22,2026-06-22,2026-06-23 12:28:03.786575,2026-06-23 05:21:45.624253,0.31203741622506287,0.5793322182733956,0.7021092905794007,0.5404442967060665,0.8964745539704934,-0.8198883988780691,Cancelled,4.0
SHP000492,Lucknow,Delhi,Fastship,2026-06-22,2026-06-22,2026-06-23 22:24:44.384941,2026-06-23 22:57:53.003849,2.5645435100370038,1.8707702461278386,1.2525418352172992,0.9648635756206413,1.3997370493484396,1.0126519125923579,Cancelled,3.0
SHP003315,Pune,Ahmedabad,Ecotrans,2026-06-22,2026-06-22,2026-06-23 03:44:01.710677,2026-06-22 21:53:18.921430,-0.9102422230871541,-0.8151232015216052,0.5883114798316895,0.16769568944297555,0.696887452178704,-0.518393134771927,Delivered,4.0
SHP004558,Hyderabad,Ahmedabad,Ecotrans,2026-06-22,2026-06-22,2026-06-22 05:23:04.054116,2026-06-22 05:31:47.408288,-0.1514599733246513,-0.3932504220350282,-1.1670589613681364,-0.7861369876492551,-1.3222326625160723,0.9152463913132213,Cancelled,3.0
SHP000456,Mumbai,Kolkata,Ecotrans,2026-06-22,2026-06-22,2026-06-22 10:12:31.639425,2026-06-22 09:25:50.578913,-0.6883637206766507,-0.7131376715687611,-0.5076831561929009,-0.5802427185593171,-0.4039596692013038,0.6942512787665172,Delayed,4.0
SHP000351,Jaipur,Ahmedabad,Ecotrans,2026-06-22,2026-06-22,2026-06-23 05:38:09.201657,2026-06-22 17:05:30.036088,-0.7810901346501044,-0.7037529224711003,0.008303488134736976,0.24887330425562565,-0.23226169874738065,-2.1215629574627544,In Transit,4.0
SHP002533,Hyderabad,Pune,Ecotrans,2026-06-22,2026-06-22,2026-06-22 06:36:54.479408,2026-06-22 02:42:27.760498,-0.6814276619798129,-0.5717573751769146,-0.9923716288396913,-0.7336139016168507,-1.013424640529653,-0.05464910889003471,Cancelled,1.0
SHP000020,Jaipur,Hyderabad,Ecotrans,2026-06-22,2026-06-22,2026-06-22 16:09:28.531926,2026-06-22 14:33:10.950799,-0.6638150938327603,-0.7084308779801635,-0.4278977932428672,-0.32634355243399465,-0.1643906357587038,0.49638291069697266,Delayed,5.0
SHP004676,Pune,Mumbai,Ecotrans,2026-06-22,2026-06-22,2026-06-22 14:35:14.945164,2026-06-22 09:27:26.069646,-0.7046500950018885,-0.6836161420020155,-0.3644590338385458,-0.39336732651611434,-0.6297976683558439,-0.34728862215996753,Delivered,3.4301601423487544
SHP001651,Bangalore,Ahmedabad,Globalline,2026-06-22,2026-06-22,2026-06-22 17:44:56.704460,2026-06-22 16:06:15.458854,-0.9963334497483998,-0.9161803975661381,0.21858129821996455,-0.25843555739386365,0.4647605625200269,0.4868326136602121,Delayed,3.0
SHP001562,Mumbai,Lucknow,Ecotrans,2026-06-23,2026-06-22,2026-06-23 09:41:33.902930,2026-06-23 07:37:12.561319,0.6459910752922011,0.30035810902880483,-0.705576647937572,-0.6022663499938381,-0.4431869917699558,0.384452579185035,Delivered,3.0
SHP003419,Jaipur,Chennai,Globalline,2026-06-23,2026-06-22,2026-06-23 10:21:28.730384,2026-06-23 10:03:47.391106,-0.5862779907264152,-0.579091340829944,-0.8151498014921069,-0.5738754574554978,-0.9396948830609709,0.8099016793492505,Delivered,3.4301601423487544
SHP001725,Delhi,Jaipur,Fastship,2026-06-21,2026-06-22,2026-06-22 14:13:05.581060,2026-06-22 04:13:29.772686,-0.31758908983786194,-0.4457012540725945,0.45856967222135053,0.6151526310167015,0.30527333611141516,-1.5110864526412477,Delayed,4.0
SHP000793,Kolkata,Ahmedabad,Fastship,2026-06-22,2026-06-22,2026-06-23 02:15:02.796211,2026-06-22 18:16:04.302933,2.134006064675081,1.87090659930588,-0.05030581804794432,0.10440238343039872,-0.27997882478300173,-1.029975816271408,Cancelled,4.0
SHP003962,Delhi,Lucknow,Fastship,2026-06-22,2026-06-22,2026-06-23 21:50:33.669211,2026-06-23 11:05:11.077507,-0.7638393209728599,-0.6944911063388963,0.8882174661438011,0.940552158183895,0.8371507182516705,-1.6936827135939807,Delivered,3.0
SHP000325,Delhi,Hyderabad,Ecotrans,2026-06-22,2026-06-22,2026-06-22 07:01:14.732169,2026-06-22 06:53:13.682983,-0.14607597873256176,-0.1496252326332455,-1.163592368522584,-0.7163024752203709,-0.8368528394552072,0.8484772742678047,Delayed,5.0
SHP002844,Lucknow,Delhi,Fastship,2026-06-22,2026-06-22,2026-06-22 17:55:51.671274,2026-06-22 12:51:38.506172,2.2329357756771278,1.7093283554090521,-0.5847272990342671,-0.25067086753712114,-0.327016738046629,-0.3329489707648358,Delayed,4.0
SHP001775,Mumbai,Kolkata,Ecotrans,2026-06-22,2026-06-22,2026-06-22 07:34:20.157258,2026-06-22 05:16:55.387878,-0.19519037739977438,-0.2802601808130158,-0.8955703598440685,-0.6927650841407774,-1.0915634392674842,0.3323731232688886,Delivered,5.0
SHP003975,Bangalore,Jaipur,Fastship,2026-06-22,2026-06-22,2026-06-22 14:09:20.529828,2026-06-22 10:40:08.896343,-0.7090610803558648,-0.698451946464242,-0.40247251722867045,-0.4117950586315134,-0.31975365705388326,0.046068312323156564,Delayed,1.0
SHP002400,Jaipur,Chennai,Globalline,2026-06-23,2026-06-22,2026-06-23 12:36:55.274850,2026-06-23 13:23:58.911504,-0.6998388007669599,-0.7303625882254292,-0.6350398656447734,-0.4775345497639664,-0.7472574249171637,1.0681608843352361,Delivered,3.4301601423487544
SHP003599,Ahmedabad,Chennai,Ecotrans,2026-06-22,2026-06-22,2026-06-22 12:33:40.373175,2026-06-22 11:47:28.525347,0.34732341507429615,0.05732275020302411,-0.5907369198039303,-0.4798451264728539,-0.3762959623500358,0.07326759880993419,Delivered,4.0
SHP000874,Chennai,Chennai,Fastship,2026-06-22,2026-06-22,2026-06-22 06:10:59.720281,2026-06-22 04:25:23.450314,1.512922806712158,1.9077684086707591,-1.0361670452747613,-0.7520457094046114,-1.0085651915201925,0.45924328919649576,Delivered,4.0
SHP002930,Jaipur,Mumbai,Fastship,2026-06-23,2026-06-23,2026-06-23 15:04:23.040218,2026-06-23 08:50:35.625182,-0.16715113886569732,-0.07453998979689593,-0.6512386099482791,-0.3726435041234744,-0.6578423624177121,-0.6104380693427682,In Transit,4.0
SHP000478,Chennai,Chennai,Globalline,2026-06-23,2026-06-23,2026-06-25 02:41:06.541717,2026-06-25 00:34:58.159460,0.169109685140243,0.07267152148704992,1.477457793793952,1.1472204128016015,1.5680750866552977,0.37733690263490655,Delayed,5.0
SHP002945,Bangalore,Hyderabad,Ecotrans,2026-06-23,2026-06-23,2026-06-24 07:43:25.117213,2026-06-24 02:05:59.898676,-0.6426028490839891,-0.6628282505585902,0.9506235934483758,0.3379751518880199,0.6947814447052391,-0.4653735070856703,Delayed,4.0
SHP001973,Chennai,Lucknow,Globalline,2026-06-23,2026-06-23,2026-06-24 06:41:23.096504,2026-06-24 09:09:47.357219,-0.3983161940836795,-0.30873507048762755,0.47103418098776095,0.29385026521376206,0.6309764169132666,1.350000480688524,In Transit,2.0
SHP003219,Jaipur,Ahmedabad,Fastship,2026-06-23,2026-06-23,2026-06-23 12:39:54.185041,2026-06-23 11:21:38.369082,0.3694639037029687,0.8147829644695612,-0.1405201897788046,-0.47541355353321607,0.09643244815150286,0.5682947621882605,Delivered,1.0
SHP004143,Chennai,Mumbai,Globalline,2026-06-23,2026-06-23,2026-06-24 14:09:51.802599,2026-06-24 04:40:28.262011,-0.7424479627270099,-0.7197847468920092,0.6594443065985868,0.6128553701207854,0.7124396430970373,-1.3906134186183254,Delayed,5.0
SHP002786,Kolkata,Hyderabad,Ecotrans,2026-06-23,2026-06-23,2026-06-23 07:54:30.526238,2026-06-23 10:22:43.213009,-0.09795049588837425,0.16243083343904774,-1.0836401449765816,-0.678416052187719,-0.8372130517714422,1.350000480688524,Delivered,4.0
SHP003441,Kolkata,Ahmedabad,Globalline,2026-06-23,2026-06-23,2026-06-24 01:23:59.748102,2026-06-24 00:29:57.716264,-0.15813143803133212,-0.16937344019624823,0.36176525880949933,0.06808967557171149,0.3756118790545463,0.6649370935391848,Delayed,4.0
SHP003305,Delhi,Pune,Fastship,2026-06-24,2026-06-23,2026-06-25 15:59:14.268572,2026-06-25 15:04:46.072490,-0.780082358596977,-0.7156015881481738,1.2130909883609484,0.6906539881198785,1.2772808182376536,0.66319778885036,Cancelled,2.0
SHP004366,Mumbai,Ahmedabad,Globalline,2026-06-23,2026-06-23,2026-06-23 09:53:30.012151,2026-06-23 08:33:55.881261,-0.9963334497483998,-0.9160939807431842,-0.9780603619442713,-0.5937768114740128,-0.9552641689198792,0.5630886676917676,Delayed,4.0
SHP001744,Delhi,Pune,Fastship,2026-06-22,2026-06-23,2026-06-23 17:22:30.020242,2026-06-23 15:08:51.397620,1.2099015320029252,0.8475155406518096,0.9227166099099157,0.7498790686501614,1.007931900248138,0.3474065450850107,Delivered,4.0
SHP004821,Ahmedabad,Chennai,Ecotrans,2026-06-24,2026-06-23,2026-06-24 11:38:56.262821,2026-06-24 07:52:22.229930,-0.5162606697827113,-0.5183474173981419,-0.6208791349801814,-0.5187785469159846,-0.5223820000883226,-0.023226645118917914,Delayed,4.0
SHP001607,Bangalore,Pune,Fastship,2026-06-23,2026-06-23,2026-06-23 12:14:23.216916,2026-06-23 11:28:17.091931,-0.5870891311916149,-0.3918941062245647,-0.9115283039993394,-0.4935633168762658,-0.9986722932403558,0.696573666752108,Delivered,1.0
SHP004049,Mumbai,Ahmedabad,Ecotrans,2026-06-24,2026-06-23,2026-06-24 09:21:50.772497,2026-06-24 07:46:11.164472,1.2410204798919968,1.198062904652374,-0.6180514799242877,-0.6162924665530476,-0.5804237795394723,0.4989072257262096,Delivered,1.0
SHP000996,Pune,Delhi,Ecotrans,2026-06-24,2026-06-23,2026-06-25 10:57:37.375700,2026-06-25 12:02:00.798929,0.6243072235698792,0.10582890524625665,0.8861234996706131,0.4761137129787717,0.46239247740808087,1.1372821501847155,Cancelled,2.0
SHP001368,Delhi,Jaipur,Fastship,2026-06-23,2026-06-23,2026-06-24 11:23:46.656876,2026-06-24 05:14:46.612446,-0.8892470330068276,-0.8107320561970298,1.5292908259148732,0.4947176809480572,1.395764450562959,-0.5913347066602371,In Transit,3.4301601423487544
SHP003455,Delhi,Delhi,Ecotrans,2026-06-22,2026-06-23,2026-06-22 21:26:39.122217,2026-06-23 00:17:40.749206,-0.46913574914172035,-0.5880545114737241,0.4622183665031306,-0.10073421133198326,0.38148363103741,1.350000480688524,Delayed,3.0
SHP000897,Mumbai,Mumbai,Fastship,2026-06-24,2026-06-23,2026-06-24 19:43:42.934537,2026-06-24 14:47:22.151352,-0.6804710216897105,-0.4736102559568691,-0.1126402961495652,-0.17395346579325005,0.08938713038046062,-0.3015467225992027,Delivered,5.0
SHP004377,Ahmedabad,Jaipur,Globalline,2026-06-23,2026-06-23,2026-06-23 10:55:27.466346,2026-06-23 10:12:11.400833,-0.5886109780399541,-0.3616769757277327,-0.5524555769517933,-0.5497060612400426,-0.44562605646660186,0.7078786078399788,Delayed,3.0
SHP004509,Chennai,Delhi,Fastship,2026-06-23,2026-06-23,2026-06-23 08:06:41.459641,2026-06-23 06:17:34.303428,-0.5791151082347867,-0.6306194020770726,-0.7506613343029687,-0.6697507716592017,-0.6739755255312198,0.44522433124470184,Delivered,1.0
SHP002867,Kolkata,Hyderabad,Fastship,2026-06-24,2026-06-23,2026-06-25 02:34:16.298440,2026-06-24 20:23:50.709288,0.06872467986287814,0.05991594463208553,0.18984587096085384,0.11807725498340918,0.411766717516548,-0.597021411618302,In Transit,3.0
SHP004953,Mumbai,Kolkata,Globalline,2026-06-23,2026-06-23,2026-06-23 21:30:07.462569,2026-06-23 14:26:27.495745,0.4800105500377221,0.9699304060675972,0.13486581056193042,-0.09826431791785188,0.1687556348861758,-0.809372132043744,In Transit,3.4301601423487544
SHP004434,Ahmedabad,Kolkata,Ecotrans,2026-06-22,2026-06-23,2026-06-24 02:58:12.260957,2026-06-23 19:03:17.551059,-0.09484301566250153,0.1675659271730194,1.3979623386886104,1.1593804056582897,1.629690812296281,-1.013769975357695,Delayed,3.0
SHP000021,Chennai,Jaipur,Ecotrans,2026-06-24,2026-06-23,2026-06-24 04:41:02.776305,2026-06-24 03:52:57.797329,-0.2286459741034517,-0.2568339762453801,-1.185590303467527,-0.8160269604249049,-1.2528743808730824,0.6886726815819708,Delayed,3.0
SHP002293,Jaipur,Bangalore,Ecotrans,2026-06-24,2026-06-23,2026-06-24 04:33:54.419216,2026-06-24 03:30:02.267257,-0.7138153222971837,-0.7330472929042625,-1.139914892078882,-0.8211051718259659,-0.927431077114126,0.6257080337037394,In Transit,3.0
SHP000426,Pune,Chennai,Globalline,2026-06-23,2026-06-23,2026-06-25 15:55:11.180927,2026-06-25 16:32:23.529645,0.5013701736262429,0.31189745571665917,-0.92868270977697,1.7120518497203288,-0.8898156841392469,1.350000480688524,Delivered,3.4301601423487544
SHP004426,Bangalore,Hyderabad,Globalline,2026-06-23,2026-06-23,2026-06-24 01:03:49.684645,2026-06-23 21:18:02.971145,0.44308984066815643,0.16605210974535922,0.3859017220208998,0.05374426561918815,0.4624232112328179,-0.0200810224653974,Delivered,1.0
SHP000844,Delhi,Lucknow,Globalline,2026-06-24,2026-06-24,2026-06-24 12:21:53.427524,2026-06-24 09:40:16.486566,0.8524340011525847,1.0565124105070178,-0.765528267761882,-0.4882260300536865,-0.6401693888087115,0.23583798796768887,Cancelled,3.4301601423487544
SHP002621,Pune,Delhi,Fastship,2026-06-24,2026-06-24,2026-06-24 12:19:31.631683,2026-06-24 03:25:53.773704,0.030120172522348,0.33119124977450753,-0.358299560149243,-0.48990703236881017,-0.10645178762499727,-1.2479761682332706,Delivered,4.0
SHP002260,Jaipur,Ahmedabad,Globalline,2026-06-24,2026-06-24,2026-06-24 15:08:04.669394,2026-06-24 11:15:37.895063,-0.5949615908290192,-0.6508875688861432,-0.37227836185570684,-0.37001607052298796,-0.6951320387134502,-0.0466756253583177,In Transit,3.4301601423487544
SHP002959,Pune,Jaipur,Ecotrans,2026-06-24,2026-06-24,2026-06-24 12:59:59.272077,2026-06-24 07:06:02.367043,2.8893437152293755,2.266813997392831,-0.5907220317924695,-0.46112713950259543,-0.439485920207326,-0.531297253022163,Delivered,3.0
SHP000838,Pune,Pune,Ecotrans,2026-06-24,2026-06-24,2026-06-24 17:45:53.145814,2026-06-24 15:13:36.916789,-0.28332193164107594,-0.28971267582289745,-0.14969257467050895,-0.257766440121856,-0.19607674068986736,0.2731120974029531,Delivered,5.0
SHP003459,Pune,Lucknow,Fastship,2026-06-25,2026-06-24,2026-06-28 00:40:56.879789,2026-06-26 08:50:15.389312,0.16607012115130657,-0.17553092349886096,2.8847093955143928,2.0860289164503123,3.120224872314095,-2.3754234253671918,In Transit,5.0
SHP000287,Bangalore,Hyderabad,Globalline,2026-06-25,2026-06-24,2026-06-25 12:50:48.032537,2026-06-25 11:27:56.542118,-0.403726183265505,-0.27826170110074544,-0.4570972830594584,-0.4676621332968035,-0.2778969762822326,0.5499689171584075,Delivered,2.0
SHP004423,Ahmedabad,Chennai,Ecotrans,2026-06-25,2026-06-24,2026-06-25 15:01:03.698740,2026-06-25 11:33:14.778675,-0.16225942240820335,-0.32434732181213016,-0.5638276880529818,-0.375006715074128,-0.36297157829948384,0.05156680252355148,Delivered,3.4301601423487544
SHP003310,Hyderabad,Delhi,Globalline,2026-06-24,2026-06-24,2026-06-24 05:31:27.737881,2026-06-24 02:52:01.659701,2.1402295969930125,2.3391601601260628,-1.1437309649222611,-0.7801657717925367,-0.9888011586905655,0.24453727403794748,In Transit,3.0
SHP002500,Ahmedabad,Bangalore,Ecotrans,2026-06-24,2026-06-24,2026-06-25 00:00:59.830067,2026-06-24 17:14:29.717781,0.7215403982874768,0.39626518071310524,0.6869409705979702,0.009052304190601802,0.7279785694426443,-0.7409111122355294,Delivered,2.0
SHP004355,Ahmedabad,Ahmedabad,Fastship,2026-06-25,2026-06-24,2026-06-25 00:28:00.990723,2026-06-25 00:28:09.899625,-0.057722879356812834,0.20428295446489317,-1.0676125004513433,-0.996008379265388,-1.2936959247398487,0.8810479229663134,Delivered,4.0
SHP002087,Pune,Chennai,Ecotrans,2026-06-24,2026-06-24,2026-06-26 00:27:21.357370,2026-06-25 10:34:14.555903,0.7046260622511719,1.0290508531902693,1.0662789942916029,1.0520811383396425,1.0185027884052316,-2.3754234253671918,Delayed,3.4301601423487544
SHP000928,Hyderabad,Ahmedabad,Ecotrans,2026-06-24,2026-06-24,2026-06-24 11:49:56.238393,2026-06-24 10:28:39.762584,-0.2115748477580845,-0.08679624524301652,-0.5498304753767853,-0.5109544777872571,-0.6846279122110752,0.5562851461570311,Cancelled,3.0
SHP004706,Chennai,Jaipur,Fastship,2026-06-24,2026-06-24,2026-06-25 10:41:13.424501,2026-06-25 10:43:12.713026,-0.3873827365697994,-0.41314784127509335,0.27899517466596785,0.4644488839780119,0.3581579064732383,0.888385562679298,Delivered,3.0
SHP001514,Bangalore,Delhi,Globalline,2026-06-24,2026-06-24,2026-07-02 10:51:06.004375,2026-07-01 13:59:20.788178,-0.5550263684984695,-0.483831784139103,0.21108780155980808,7.641431781982769,0.28461168459381897,-2.3754234253671918,Delivered,2.0
SHP002037,Hyderabad,Chennai,Fastship,2026-06-24,2026-06-24,2026-06-24 16:16:19.284867,2026-06-24 08:14:15.465239,-0.5123266038321088,-0.35791170342011563,-0.28233559242208484,-0.3214740397756298,-0.33022200499866056,-1.042295644412355,Delivered,3.0
SHP001087,Lucknow,Jaipur,Globalline,2026-06-24,2026-06-24,2026-06-24 20:29:09.733265,2026-06-24 13:04:33.462731,-0.5807351626730944,-0.4347144995653657,0.10545545358810644,-0.141627024251581,-0.0966598860705773,-0.8928866770614053,Cancelled,3.4301601423487544
SHP002299,Chennai,Bangalore,Fastship,2026-06-24,2026-06-24,2026-06-24 11:17:56.502950,2026-06-24 11:15:09.293608,-0.6686281655156795,-0.7066083276560072,-0.8776690817611227,-0.5337131122619276,-0.8540762934219245,0.8693402165415911,Delivered,2.0
SHP001528,Lucknow,Jaipur,Globalline,2026-06-25,2026-06-25,2026-06-25 08:05:06.687532,2026-06-25 07:20:57.519224,0.32252621034591095,0.530141406780407,-1.1439011427579233,-0.6708743034460667,-1.3236552444641418,0.7043485253222801,Delayed,3.4301601423487544
SHP002993,Hyderabad,Chennai,Fastship,2026-06-25,2026-06-25,2026-06-25 15:37:32.306538,2026-06-25 18:27:25.901028,0.4165131962678201,1.0693794287721483,-0.07907053755324721,-0.3490605749005467,-0.03363051804261116,1.350000480688524,Delayed,1.0
SHP003849,Chennai,Chennai,Fastship,2026-06-23,2026-06-25,2026-06-28 21:33:31.556605,2026-06-27 05:01:16.164690,5.002113812118086,3.850523796535499,0.9724965472405083,5.025553671371463,0.9913166661905887,-2.3754234253671918,Delayed,5.0
SHP001187,Chennai,Lucknow,Fastship,2026-06-24,2026-06-25,2026-06-25 16:18:14.505601,2026-06-25 17:46:04.510754,0.04221026247653429,0.029289432409134165,0.9056935967610101,0.7041715995408834,0.8801494403788154,1.2307866495170676,Delivered,3.0
SHP001032,Jaipur,Chennai,Fastship,2026-06-25,2026-06-25,2026-06-26 12:06:15.355784,2026-06-26 03:05:31.935938,-0.5355751626916254,-0.522459826631553,1.1294117899239775,0.5249327332728323,0.9737790844617096,-1.276265988136271,In Transit,3.0
SHP000288,Mumbai,Jaipur,Ecotrans,2026-06-25,2026-06-25,2026-06-25 10:26:54.799247,2026-06-25 07:47:27.612777,-0.29690619879057906,0.009898208585940586,-0.7995659081953024,-0.570009882077365,-1.2528538278332428,0.2444635989111761,Delayed,3.4301601423487544
SHP000715,Ahmedabad,Ahmedabad,Fastship,2026-06-25,2026-06-25,2026-06-25 22:15:56.513325,2026-06-25 15:16:25.250941,-0.9073320745345812,-0.8580942390720078,-0.378428318263107,-0.0656740766102438,-0.037582506261964715,-0.7928391567885233,In Transit,3.0
SHP004354,Lucknow,Jaipur,Ecotrans,2026-06-25,2026-06-25,2026-06-25 22:07:48.530320,2026-06-25 22:01:26.365866,-0.6541815785547219,-0.6811270505980516,0.11667636869015298,-0.07145915856037159,-0.03270324208663901,0.8550507750355238,Cancelled,5.0
SHP002924,Bangalore,Kolkata,Ecotrans,2026-06-25,2026-06-25,2026-06-25 03:45:10.050832,2026-06-25 03:17:00.452409,0.48352844734880535,0.18663681336994173,-1.3166318116217905,-0.8557738192042884,-1.342548232938211,0.7681372745877141,Delivered,3.0
SHP000585,Chennai,Kolkata,Globalline,2026-06-25,2026-06-25,2026-06-26 02:17:20.977376,2026-06-25 23:53:04.882020,0.4589191004612205,0.24086057781474368,0.6079157815259699,0.10604053343662255,0.9592536342987978,0.30502965411716143,Delivered,4.0
SHP001852,Ahmedabad,Ahmedabad,Globalline,2026-06-25,2026-06-25,2026-06-25 20:45:16.029366,2026-06-25 16:23:43.079253,-0.6439385132010886,-0.691898721770035,0.6007138142729835,-0.13017149800999359,0.7356782094468628,-0.16275510104066587,Delivered,3.0
SHP004176,Mumbai,Lucknow,Ecotrans,2026-06-26,2026-06-25,2026-06-26 16:36:16.467783,2026-06-26 09:10:34.221594,-0.6466740705232376,-0.66449830612318,0.19145113939385794,-0.30728132978882344,0.15250490556455587,-0.8972725009395879,Cancelled,4.0
SHP003989,Pune,Chennai,Ecotrans,2026-06-25,2026-06-25,2026-06-25 04:12:45.850979,2026-06-25 02:33:09.392118,0.8499576980524989,0.2538888036405575,-1.2090628482470436,-0.8361441611405722,-1.3746939778563585,0.48316223536429104,In Transit,3.4301601423487544
SHP002235,Ahmedabad,Lucknow,Ecotrans,2026-06-26,2026-06-26,2026-06-27 00:42:24.185440,2026-06-26 23:07:52.616345,0.8853631033076442,1.5813509470918705,0.24962540905726843,0.038504558174011994,0.5412325058778485,0.5034302086937905,Delayed,4.0
SHP001329,Pune,Jaipur,Fastship,2026-06-26,2026-06-26,2026-06-26 23:08:46.673000,2026-06-27 00:52:57.382297,-0.7404395816321232,-0.7295844988147809,-0.20877899415790474,-0.028091551612823066,-0.15948278046927822,1.2959803281882027,Delivered,2.0
SHP001883,Delhi,Kolkata,Ecotrans,2026-06-26,2026-06-26,2026-06-26 19:00:58.592113,2026-06-26 16:28:20.126496,0.6487837549972588,0.32652380106156836,0.12468679045710708,-0.20435397337988714,0.3435881850674756,0.2716338888703814,Delayed,1.0
SHP004657,Mumbai,Mumbai,Globalline,2026-06-27,2026-06-26,2026-06-27 19:16:44.338794,2026-06-27 14:15:14.446037,0.2124020641612734,0.00933791112795565,-0.08467126164333527,-0.19314206233080597,0.13210541494494812,-0.32209521343043973,Delivered,4.0
SHP001782,Hyderabad,Lucknow,Globalline,2026-06-26,2026-06-26,2026-06-27 13:01:52.634797,2026-06-26 22:27:37.779584,0.0017577681862247603,0.014344671195779026,2.40514476144669,0.564496472888899,2.5954292173996767,-2.3754234253671918,Delayed,3.0
SHP000774,Bangalore,Delhi,Fastship,2026-06-26,2026-06-26,2026-06-28 14:59:09.679193,2026-06-28 05:14:34.562513,0.03512352332863103,-0.2284108629373988,3.193473889624599,1.6722009475786541,3.2297091893806624,-1.4512117134146987,Delivered,3.0
SHP002589,Lucknow,Mumbai,Fastship,2026-06-26,2026-06-26,2026-06-26 13:31:05.076138,2026-06-26 09:09:31.204847,-0.9963334497483998,-0.9161755659320806,-0.1990160499564715,-0.4390078663610631,-0.16746442219535754,-0.16281633763571668,Delayed,4.0
SHP002380,Bangalore,Hyderabad,Ecotrans,2026-06-26,2026-06-26,2026-06-26 05:18:49.677754,2026-06-26 05:14:37.973050,-0.37933468605202436,-0.2924915997418039,-1.240736805452664,-0.7891526420538326,-1.0702536129739393,0.863723269256183,Delivered,3.0
SHP004683,Bangalore,Chennai,Ecotrans,2026-06-26,2026-06-26,2026-06-26 18:55:13.849916,2026-06-26 17:46:12.851141,1.0434159544891508,0.47892061236586214,-0.30840730263387667,-0.20844092279906704,-0.15463629082866198,0.605177009944848,Cancelled,4.0
SHP000475,Kolkata,Bangalore,Ecotrans,2026-06-26,2026-06-26,2026-06-26 20:17:02.801281,2026-06-26 12:39:46.931631,-0.7784248225238533,-0.6297087245635641,0.26714805207977177,-0.15024486761073194,0.1376943571515573,-0.9433820899648329,Delivered,2.0
SHP003844,Bangalore,Delhi,Fastship,2026-06-26,2026-06-26,2026-06-26 11:11:51.103266,2026-06-26 09:54:44.701123,0.019340853042824898,-0.18751740487017254,-0.5991122575574515,-0.5380449580337199,-0.5117307267840815,0.5729091426243251,Delivered,3.0
SHP001781,Delhi,Mumbai,Fastship,2026-06-24,2026-06-26,2026-07-01 08:29:42.914476,2026-06-28 14:57:42.213267,-0.7215941215083785,-0.7459758904854112,-0.26390597354437056,6.51658430919488,-0.7491695298391812,-2.3754234253671918,Cancelled,3.4301601423487544
SHP000434,Jaipur,Pune,Fastship,2026-06-26,2026-06-26,2026-06-26 14:26:57.400572,2026-06-26 07:55:45.780010,-0.4958543892715676,-0.4370598911277975,-0.6619061127815562,-0.39926576192047897,-0.6906841538086284,-0.6798530911361989,Delivered,4.0
SHP003931,Chennai,Kolkata,Globalline,2026-06-26,2026-06-26,2026-06-27 02:05:12.609387,2026-06-26 15:47:59.613181,-0.32379238734318017,-0.41674260584171297,0.049678678531305746,0.09740566611942478,-0.03773817989546805,-1.581364491370982,Delivered,3.0
SHP002897,Pune,Jaipur,Ecotrans,2026-06-26,2026-06-26,2026-06-27 04:25:38.064298,2026-06-26 19:44:56.090418,-0.8947566247901129,-0.8476948646487857,0.4607016102465778,0.19729018372766388,0.7349039183456093,-1.1963981883239196,Delayed,3.0
SHP000030,Pune,Delhi,Fastship,2026-06-26,2026-06-26,2026-06-27 02:53:32.703940,2026-06-27 01:10:43.166670,0.8767203388552447,1.499748409731545,-0.05990506968774922,0.13178654507916637,0.04383526142337118,0.470327078266515,Delivered,5.0
SHP004410,Chennai,Kolkata,Fastship,2026-06-27,2026-06-27,2026-06-27 07:16:37.317508,2026-06-27 07:39:01.280630,-0.7719095757329176,-0.7710195878661291,-0.914376024130873,-0.7053651439393985,-0.875958178169729,0.9697975182032873,Delayed,4.0
SHP003705,Hyderabad,Pune,Ecotrans,2026-06-27,2026-06-27,2026-06-27 12:43:50.480586,2026-06-27 08:23:34.231682,0.48504554125461097,0.5215866229170443,-0.41518769011821605,-0.47261224882628206,-0.6338755332107557,-0.15765628096957054,In Transit,2.0
SHP001063,Delhi,Jaipur,Ecotrans,2026-06-28,2026-06-27,2026-06-28 11:09:41.771952,2026-06-28 05:57:50.988448,-0.3733505940338764,-0.23046275913606598,-0.5428651291638422,-0.5395781922702609,-0.4951671075148997,-0.36336979363635236,Cancelled,5.0
SHP003218,Delhi,Bangalore,Ecotrans,2026-06-27,2026-06-27,2026-06-27 15:56:53.271181,2026-06-27 15:12:37.657745,-0.6364701236684014,-0.41813200991069144,-0.3950021109692292,-0.33529723577063114,-0.6381935728729343,0.7039200764303313,Delivered,4.0
SHP001990,Lucknow,Ahmedabad,Globalline,2026-06-27,2026-06-27,2026-06-27 16:13:34.513982,2026-06-27 15:50:45.805985,-0.3817293593370232,-0.12840598300728523,-0.3130230914008162,-0.3234274132786326,-0.28905684282653527,0.789468914154323,Delayed,5.0
SHP002967,Pune,Delhi,Globalline,2026-06-27,2026-06-27,2026-06-27 15:30:21.196485,2026-06-27 13:46:27.446126,0.09962906957162307,-0.19613506595885824,-0.1918545978407224,-0.3541714229387003,-0.21523651310771955,0.4660584234266645,Cancelled,3.0
SHP004556,Mumbai,Chennai,Globalline,2026-06-28,2026-06-27,2026-06-28 08:33:43.308470,2026-06-28 09:02:34.978264,-0.24230385659718404,0.1170504669840568,-1.033339235217965,-0.6505236094953786,-0.7660000934055388,0.9955708611096706,In Transit,2.0
SHP001199,Delhi,Pune,Ecotrans,2026-06-27,2026-06-27,2026-07-02 02:16:25.522730,2026-06-30 07:40:36.985830,-0.36511899209672055,-0.0650120564677967,-0.3394980661097922,4.202501862739201,-0.2630058217373754,-2.3754234253671918,Delivered,5.0
SHP004150,Jaipur,Delhi,Ecotrans,2026-06-27,2026-06-27,2026-06-27 06:06:03.222624,2026-06-27 05:11:23.401231,-0.331983392053205,-0.4122921846647846,-0.9315642962058649,-0.7555607155025303,-1.1201624287650078,0.6624249800533105,Delivered,5.0
SHP000002,Mumbai,Bangalore,Ecotrans,2026-06-28,2026-06-27,2026-06-29 05:30:01.456904,2026-06-29 04:21:24.995139,-0.5519891917732695,-0.4039363346462095,1.7132235824053996,0.24309104681154634,1.5976006212103613,0.60680814197919,Delivered,4.0
SHP000471,Kolkata,Ahmedabad,Ecotrans,2026-06-27,2026-06-27,2026-06-29 14:46:11.282052,2026-06-29 08:05:21.988456,-0.06907735745538095,-0.10844960474500728,2.088716405369584,1.662972980217406,2.298160594060038,-0.718254713466425,Delivered,3.0
SHP003873,Lucknow,Delhi,Globalline,2026-06-28,2026-06-27,2026-06-29 03:47:28.341991,2026-06-28 19:25:18.415526,0.11270421151872045,-0.20938996601266946,-0.06651970637097283,0.1701453220558111,-0.05414454641730239,-1.1224732821387813,Delayed,4.0
SHP003846,Ahmedabad,Bangalore,Ecotrans,2026-06-28,2026-06-27,2026-06-30 18:20:32.482765,2026-06-30 05:06:42.557225,-0.09142933962083731,-0.17321455114731532,-0.3847808683954569,1.8154436589777847,-0.21486688768959944,-2.2858101798369637,Delivered,3.0
SHP004609,Mumbai,Delhi,Ecotrans,2026-06-27,2026-06-27,2026-06-28 07:05:05.742544,2026-06-28 10:59:05.546787,1.0007877128591922,1.4228274901452818,0.4712409758742573,0.3107158606020466,0.33592226322147234,1.350000480688524,Cancelled,3.4301601423487544
SHP003682,Bangalore,Kolkata,Fastship,2026-06-28,2026-06-27,2026-06-28 08:15:23.165370,2026-06-28 05:44:56.734498,-0.7364148226162712,-0.695075928720583,-0.8963768982143551,-0.6635659038242737,-0.8169665939951256,0.28041108308498564,Cancelled,3.0
SHP004937,Pune,Pune,Ecotrans,2026-06-27,2026-06-27,2026-06-27 12:14:19.025178,2026-06-27 07:46:24.760419,-0.7042818331799718,-0.7135276176395783,-0.3832552345440592,-0.4936130102971357,-0.463457584982129,-0.1881035250847694,Delivered,3.4301601423487544
SHP002769,Pune,Jaipur,Globalline,2026-06-29,2026-06-28,2026-06-29 22:31:16.380070,2026-06-29 21:41:57.213198,-0.5683940182867552,-0.6328003893235927,-0.23437126334833444,-0.05476897451537835,-0.4573525419293355,0.6837409375053275,In Transit,1.0
SHP000163,Mumbai,Lucknow,Ecotrans,2026-06-29,2026-06-28,2026-06-29 14:47:10.105279,2026-06-29 14:53:41.886635,-0.8059301724641101,-0.7904185018955776,-0.635708023405929,-0.3848890397279705,-0.5560280387203593,0.9064999044745152,Delivered,5.0
SHP003725,Jaipur,Chennai,Ecotrans,2026-06-28,2026-06-28,2026-06-28 19:34:40.189172,2026-06-28 14:40:43.887863,-0.34661104026920336,-0.4251301309525051,0.6381384939307772,-0.1803877603778102,0.6506406307466727,-0.2919420879544174,Delivered,4.0
SHP002586,Mumbai,Chennai,Ecotrans,2026-06-28,2026-06-28,2026-07-08 12:40:22.963751,2026-07-08 11:20:28.517932,-0.3569100528143374,-0.41497934144578413,0.4588513397914437,9.767724493303982,0.43874167024179533,0.5617382043929678,In Transit,3.0
SHP002131,Bangalore,Bangalore,Ecotrans,2026-06-28,2026-06-28,2026-06-28 20:44:49.439483,2026-06-28 21:34:08.860460,-0.20930371291911531,-0.07029486366918411,0.385921197032992,-0.13048672343141599,0.3291486520575873,1.0771873369880554,Delivered,1.0
SHP000069,Hyderabad,Chennai,Fastship,2026-06-28,2026-06-28,2026-06-28 11:01:41.517705,2026-06-28 09:19:05.484170,0.5574509645580519,0.042871917279903395,-0.5837993081060888,-0.5452716490891819,-0.5254329338207432,0.4712247579243774,Delivered,3.0
SHP003210,Delhi,Chennai,Ecotrans,2026-06-29,2026-06-28,2026-06-30 19:07:46.508566,2026-06-30 16:53:15.445550,-0.07772878193203392,0.0674498564159229,0.8827685163052211,0.8247615997322061,0.8233498572165687,0.3439204965996035,In Transit,3.4301601423487544
SHP000034,Chennai,Delhi,Fastship,2026-06-28,2026-06-28,2026-06-28 14:27:56.425418,2026-06-28 14:10:23.384099,-0.4124266406743934,-0.4613318060997715,-0.8055388054394226,-0.3985660171191465,-0.7966522545858893,0.8104532977715666,Delivered,2.0
SHP003102,Jaipur,Bangalore,Globalline,2026-06-28,2026-06-28,2026-06-28 07:57:00.290156,2026-06-28 05:35:09.991860,-0.03185864499623625,0.11786252061102966,-0.9356914922369401,-0.6766405876136737,-0.6598846627202966,0.31472171745653704,Delivered,3.4301601423487544
SHP003124,Lucknow,Chennai,Fastship,2026-06-28,2026-06-28,2026-06-28 09:02:48.072276,2026-06-28 09:14:55.861738,0.5377203616242632,0.6942244556179735,-0.7644710901514408,-0.6298392793351811,-0.6358198710952608,0.9288365129486207,Cancelled,4.0
SHP000441,Kolkata,Lucknow,Fastship,2026-06-28,2026-06-28,2026-06-29 08:51:58.797681,2026-06-28 21:05:55.476110,-0.795849511707393,-0.7048779048517825,0.493588812146621,0.3867431998413018,0.6548841408978805,-1.935705320034198,In Transit,1.0
SHP004617,Kolkata,Jaipur,Fastship,2026-06-28,2026-06-28,2026-06-30 06:35:31.350288,2026-06-30 04:23:45.784208,-0.5969360032274704,-0.6543913408904177,4.186653357240854,1.3139599697940152,3.74129126334997,0.3549221367299642,Delivered,3.0
SHP003639,Chennai,Jaipur,Fastship,2026-06-28,2026-06-28,2026-06-28 16:21:16.807623,2026-06-28 16:50:10.116785,-0.3604395185316993,-0.4971281972136387,-0.35573997881621144,-0.3179468810281817,-0.33261247598303095,0.9956798403887627,Delivered,3.0
SHP003116,Bangalore,Ahmedabad,Fastship,2026-06-28,2026-06-28,2026-06-28 21:28:03.917007,2026-06-28 20:04:43.241926,1.7936106050597496,2.895526891800996,-0.09679758950926208,-0.09972896154388966,0.18266367657241075,0.5480288259614912,Delivered,3.0
SHP001495,Pune,Jaipur,Ecotrans,2026-06-28,2026-06-28,2026-06-28 16:31:07.119854,2026-06-28 10:13:29.319110,-0.6076889683218175,-0.6267539998474825,-0.37441629953609545,-0.31094867701664025,-0.5214655260761062,-0.6257532812847849,Delivered,3.4301601423487544
SHP000752,Chennai,Lucknow,Fastship,2026-06-29,2026-06-28,2026-06-29 14:51:05.812330,2026-06-29 16:32:44.020552,0.578121651301266,0.5324407661674002,-0.13983528016335398,-0.3820947116594905,-0.24298519579820907,1.2858426060817154,In Transit,3.4301601423487544
SHP003612,Lucknow,Ahmedabad,Ecotrans,2026-06-29,2026-06-29,2026-06-29 15:01:15.020852,2026-06-29 11:45:28.292643,-0.7358901148750684,-0.677219172091239,-0.6584484745788629,-0.3748724904319772,-0.5433915244619935,0.09957551553555091,Delivered,3.0
SHP003467,Hyderabad,Jaipur,Globalline,2026-06-29,2026-06-29,2026-06-29 22:39:00.034010,2026-06-29 16:54:17.629791,0.5146029765349447,0.542459005498893,0.13761788260265698,-0.0492723157951137,0.04798277318714984,-0.4944360363370295,Delivered,2.0
SHP004744,Lucknow,Bangalore,Fastship,2026-06-29,2026-06-29,2026-06-29 20:32:23.012084,2026-06-29 16:53:29.741404,-0.16961387338815898,0.22660522404086825,-0.15045367570862375,-0.13933568665947224,-0.0476861289242188,0.007403166849874688,Delivered,4.0
SHP001327,Jaipur,Kolkata,Fastship,2026-06-29,2026-06-29,2026-06-30 18:51:23.415242,2026-06-30 08:46:06.470014,-0.5591933085005493,-0.5987948351269772,1.057792512563583,0.8131069409034752,0.9603503677691344,-1.53376400180694,Delayed,4.0
SHP004560,Mumbai,Chennai,Fastship,2026-06-29,2026-06-29,2026-06-30 18:56:42.082011,2026-06-30 18:30:38.161636,1.17171303630521,0.9039310604709718,1.1154943961203005,0.8168847638072023,1.1287226960277104,0.7764918984846918,Cancelled,2.0
SHP002785,Mumbai,Hyderabad,Globalline,2026-06-30,2026-06-29,2026-06-30 13:30:40.218899,2026-06-30 10:39:36.997365,-0.6043131187446382,-0.6594229842011816,-0.5323627869177617,-0.4393025511394576,-0.6851230699500624,0.19819369520588603,Delivered,4.0
SHP004234,Chennai,Ahmedabad,Ecotrans,2026-06-29,2026-06-29,2026-06-30 04:15:33.295420,2026-06-29 22:37:19.660660,-0.5807804110991375,-0.5579220165224104,0.152555032481555,0.1901205948737821,0.2350136648133403,-0.46859204317939773,Delivered,4.0
SHP003236,Lucknow,Kolkata,Globalline,2026-06-29,2026-06-29,2026-06-29 06:38:27.522266,2026-06-29 07:15:22.768272,-0.11360983015489007,-0.1996784730913695,-0.9131393201984352,-0.7325108702614787,-0.9237508109536289,1.027717265681336,Cancelled,3.4301601423487544
SHP002730,Lucknow,Ahmedabad,Globalline,2026-06-29,2026-06-29,2026-07-02 17:33:31.358447,2026-07-02 12:04:04.942985,0.9199943084490821,0.8654831869153875,3.2138593627612604,2.806278666452464,3.3307948588520437,-0.43354440346734063,Delivered,5.0
SHP001507,Jaipur,Delhi,Globalline,2026-06-29,2026-06-29,2026-06-29 10:41:29.227619,2026-06-29 08:28:32.910593,0.3323808475906805,0.29112935051540656,-0.42705246462716984,-0.559643455921877,-0.3081998104515178,0.3502188687082857,Cancelled,2.0
SHP004929,Kolkata,Delhi,Fastship,2026-06-29,2026-06-29,2026-06-29 04:40:24.842259,2026-06-29 04:04:50.129627,0.0985836361227466,-0.1760459439066949,-1.2279906333333495,-0.8164766719090005,-1.0672382358187413,0.738547685422582,Delivered,3.0
SHP004972,Pune,Bangalore,Fastship,2026-06-29,2026-06-29,2026-06-29 18:45:46.519301,2026-06-29 10:37:45.188240,0.8490609523729166,0.312390543676839,-0.34073217901880587,-0.2151666777203708,-0.12031410242157728,-1.0660617166032957,Cancelled,2.0
SHP000267,Ahmedabad,Jaipur,Fastship,2026-06-30,2026-06-30,2026-06-30 14:37:29.145345,2026-06-30 12:15:41.735357,-0.7820633668185449,-0.7712742591549755,-0.72411818252227,-0.3917763714327567,-0.6724099410194818,0.31491372176773264,Delayed,2.0
SHP003954,Mumbai,Mumbai,Fastship,2026-06-30,2026-06-30,2026-06-30 08:46:50.519877,2026-06-30 05:27:14.802444,-0.25790689359751356,-0.30780598946880633,-0.8820822313026766,-0.6411911482286013,-0.7500911307987056,0.08435313681925537,In Transit,5.0
SHP004316,Lucknow,Jaipur,Globalline,2026-06-30,2026-06-30,2026-06-30 07:24:20.854275,2026-06-30 05:31:38.902128,-0.40995213719263435,-0.4836504418176856,-1.101103913674727,-0.6998698743173036,-0.27997882478300173,0.4309454713186626,Cancelled,3.4301601423487544
SHP002149,Hyderabad,Jaipur,Globalline,2026-06-30,2026-06-30,2026-06-30 12:46:34.520348,2026-06-30 10:40:49.842174,-0.5380734351486214,-0.5535265122622881,-0.7032485996178711,-0.4706675428527424,-0.8189494037211759,0.3789126646827683,Delivered,1.0
SHP003620,Hyderabad,Pune,Globalline,2026-06-30,2026-06-30,2026-06-30 22:37:58.971435,2026-06-30 12:17:58.287660,1.205757920139795,0.6108541807855514,0.5187096100138119,-0.04999621805707735,0.2660111495185638,-1.5925117568917944,Delivered,1.0
SHP000843,Lucknow,Hyderabad,Ecotrans,2026-06-29,2026-06-30,2026-07-01 09:49:24.838267,2026-07-01 06:39:34.689189,-0.5490645605914793,-0.5566446802492788,2.0178931731223213,1.451876004851476,1.87320285198018,0.12327961164799348,Delivered,3.4301601423487544
SHP002708,Delhi,Mumbai,Ecotrans,2026-06-30,2026-06-30,2026-06-30 07:23:17.085903,2026-06-30 03:06:06.455971,-0.710693060464643,-0.6957989258001408,-0.9808474734003659,-0.7006258540517318,-0.6805371146391496,-0.14531700037218534,Delivered,2.0
SHP001243,Mumbai,Chennai,Fastship,2026-06-30,2026-06-30,2026-06-30 16:12:29.964125,2026-06-30 09:56:05.149208,-0.5816005779755645,-0.45360340585031134,-0.6567392436397593,-0.32419265758102633,-0.35963876533610056,-0.6209014464250097,Cancelled,3.0
SHP004824,Chennai,Delhi,Ecotrans,2026-06-30,2026-06-30,2026-06-30 16:41:12.638042,2026-06-30 17:24:00.172366,0.8206779832635582,0.45529043198513197,-0.17177394984456298,-0.30377020502248586,0.06377110515088218,1.0511361240024717,In Transit,3.0
SHP002190,Jaipur,Jaipur,Globalline,2026-06-30,2026-06-30,2026-06-30 07:05:48.062841,2026-06-30 06:18:45.209223,-0.190967089785482,-0.2573619210712456,-0.9381515067572501,-0.713062115786735,-1.049118083115496,0.6928025515856416,Delivered,5.0
SHP003692,Lucknow,Ahmedabad,Globalline,2026-06-30,2026-06-30,2026-06-30 05:52:52.036299,2026-06-30 05:08:49.562753,0.42837953230252906,0.026387418583465407,-1.1175150106882068,-0.7649402997854908,-1.2479638926680048,0.7047935689832843,Delivered,3.0
SHP002520,Jaipur,Bangalore,Globalline,2026-06-30,2026-06-30,2026-06-30 08:48:13.143476,2026-06-30 10:01:37.454367,-0.5883969452205857,-0.5507767746142379,-1.0146944329945946,-0.6402116381015697,-1.2510931557959544,1.173238413497507,In Transit,2.0
SHP003540,Mumbai,Delhi,Globalline,2026-06-30,2026-06-30,2026-07-01 06:36:09.417507,2026-07-01 05:13:33.264344,-0.6160162471245983,-0.6660632281017983,1.5967153951386486,0.29013157279835694,1.9908008570287048,0.5509884826873984,In Transit,3.0
SHP000706,Ahmedabad,Chennai,Ecotrans,2026-06-28,2026-06-30,2026-06-30 12:36:10.484094,2026-06-30 18:06:36.987541,3.884703286454527,4.638103268634446,1.8640596751746314,1.5704938263742434,1.7968850791755056,1.350000480688524,Delivered,2.0
SHP002568,Hyderabad,Chennai,Ecotrans,2026-06-30,2026-06-30,2026-06-30 04:35:52.694688,2026-06-30 04:55:23.200324,-0.7183882711717189,-0.6705967353891558,-1.0955766046494668,-0.8197030055858824,-0.8673361083684641,0.958266689385471,Delivered,1.0
SHP000878,Delhi,Jaipur,Fastship,2026-04-24,,2026-04-25 10:05:32.685861,2026-04-24 22:26:26.267865,-0.4737981515062614,-0.2651455744837932,0.6386136341795451,0.43907023693166347,-0.27997882478300173,-1.9079910721933149,Delivered,3.0
SHP001039,Ahmedabad,Ahmedabad,Ecotrans,2026-04-24,,2026-04-24 16:29:56.817157,2026-04-24 08:30:39.408059,-0.8035274595079439,-0.6955194568962448,0.19740724933373507,-0.3117821217436214,0.11243928351294526,-1.0312332718439432,Delayed,2.0
SHP002928,Ahmedabad,Pune,Fastship,2026-04-28,,2026-04-28 09:06:35.894360,2026-04-28 08:59:41.015042,1.357617325407668,0.8992602562018991,-0.5583964657602245,-0.627138428260388,-0.7269444164770159,0.8528760087266074,Delivered,5.0
SHP003361,Bangalore,Pune,Fastship,2026-02-16,,2026-02-16 01:43:20.964150,2026-02-16 01:57:58.270415,0.04168604030331145,-0.26628393020837876,-0.3236372878271565,-0.9424236921304283,-0.4334116651981115,0.9387758514028869,Delayed,3.0
SHP003079,Ahmedabad,Pune,Ecotrans,2026-01-04,,2026-01-04 05:00:16.719929,2026-01-04 06:00:09.050397,-0.7220151951506437,-0.5708662772987255,-1.1745753600759927,-0.8023468560921877,-1.0448163435082296,1.1192608799995813,Delivered,3.0
SHP001836,Lucknow,Lucknow,Fastship,2026-03-27,,2026-03-27 15:44:47.328362,2026-03-27 12:35:44.466239,2.5071973135579695,1.7451660177326698,-0.7291882846490251,-0.34390335247530274,-0.8204346983317307,0.12642307807307918,Delayed,3.0
SHP000374,Jaipur,Mumbai,Globalline,2026-01-30,,2026-01-30 12:05:16.414135,2026-01-30 10:32:59.543354,1.120018097257947,0.8764192543438344,-0.8764362477096111,-0.5000457124918809,-0.7396102930754749,0.5123844673804547,In Transit,1.0
SHP004502,Jaipur,Chennai,Globalline,2026-02-13,,2026-02-13 18:10:56.731646,2026-02-13 15:07:31.630083,0.7582556022014662,1.526873463666418,-0.2977173673210141,-0.2399412963065865,-0.15882170596330755,0.14887618337618336,Delivered,3.0
SHP003083,Ahmedabad,Mumbai,Ecotrans,2026-03-12,,2026-03-12 05:05:21.088648,2026-03-12 04:34:31.000475,-0.5162261973623625,-0.5010852911745423,-1.2436848292496299,-0.798738537849097,-0.97220381420353,0.7574684941450867,Delivered,3.0
SHP002814,Ahmedabad,Pune,Fastship,2026-06-12,,2026-06-13 04:54:34.087206,2026-06-13 00:16:59.600864,-0.7347625139340929,-0.6688108569624823,0.45307742774916454,0.21787088975865535,0.4446998047060274,-0.22667456577179582,Delivered,5.0
SHP001273,Hyderabad,Lucknow,Ecotrans,2026-06-01,,2026-06-01 06:22:08.631178,2026-06-01 05:38:59.624383,-0.3200209525106906,-0.17168405566145808,-0.9508579400781855,-0.7441157112081946,-0.8917906839546322,0.7083478459847727,Delivered,5.0
SHP000411,Kolkata,Kolkata,Fastship,2026-06-12,,2026-06-12 21:07:01.540087,2026-06-12 12:13:33.038112,-0.2703341452000604,0.0739860708049205,0.39515418638794625,-0.11469455225141538,0.3208813417628712,-1.247354214790784,Delayed,3.0
SHP004969,Pune,Bangalore,Ecotrans,2026-01-29,,2026-01-29 10:57:50.595284,2026-01-29 08:57:16.126264,3.2457032853710612,2.279844743722549,-0.8567306949848389,-0.5480092549390547,-0.8237455751044988,0.3995342517643058,Delivered,4.0
SHP002848,Kolkata,Kolkata,Fastship,2026-06-06,,2026-06-07 21:23:58.141258,2026-06-07 02:46:50.996402,-0.21467383002586152,0.11317351007010776,2.488805606566956,0.9216370323422742,2.3527594342337665,-2.3754234253671918,Delayed,3.0
SHP004785,Lucknow,Bangalore,Globalline,2026-06-11,,2026-06-13 00:36:07.163639,2026-06-12 13:09:21.604417,-0.7858298488644313,-0.6649027695964016,1.361188113025554,1.0583146184397385,1.6730998848586864,-1.8587414497171129,Delivered,5.0
SHP002313,Pune,Kolkata,Ecotrans,2026-01-03,,2026-01-03 16:18:51.802527,2026-01-03 17:11:35.752738,0.2775282706015842,-0.09927625669185136,-0.06504913417090452,-0.3196659293506869,0.005517404611649559,1.0907837036821575,Cancelled,4.0
SHP004439,Bangalore,Pune,Ecotrans,2026-06-04,,2026-06-04 06:21:26.833419,2026-06-04 06:10:55.544220,-0.3932088091788801,-0.25020096608639836,-0.9765715640235385,-0.7446112273611322,-1.1264160712326505,0.838489859417981,Cancelled,5.0
SHP003072,Jaipur,Hyderabad,Ecotrans,2026-04-05,,2026-04-05 10:23:55.240678,2026-04-05 06:51:33.689776,-0.2290762464940742,-0.1276974022348108,-0.6499177457912009,-0.5721385648867258,-0.578625863397136,0.033443286586597704,Delivered,5.0
SHP000292,Delhi,Mumbai,Fastship,2026-03-14,,2026-03-14 13:33:09.811241,2026-03-14 13:35:32.124851,4.960491296881908,6.494748316857481,-0.8029162779754416,-0.4375291206134866,-0.5220564149185953,0.889916187386096,Cancelled,3.0
SHP003339,Hyderabad,Delhi,Ecotrans,2026-03-21,,2026-03-22 00:29:02.611770,2026-03-21 19:34:03.791898,-0.1859430827490434,-0.1515350351057614,0.42617008642018206,0.029001830991405186,0.4442883664662576,-0.29609809681003335,Delivered,3.0
SHP004478,Ahmedabad,Pune,Ecotrans,2026-03-20,,2026-03-20 05:12:22.085839,2026-03-20 04:08:11.707237,-0.3549345186168796,-0.049622632001672204,-1.1153456084000275,-0.7937475786877549,-1.0272650452166423,0.6244963921355199,Delivered,4.0
SHP000252,Mumbai,Kolkata,Ecotrans,2026-02-27,,2026-02-28 01:28:40.454975,2026-02-27 20:33:30.311718,-0.7241298608034875,-0.643622584573759,1.0354762905014743,0.07141748052068739,1.0109434010539,-0.29685083465424067,Delivered,2.0
SHP003536,Bangalore,Mumbai,Ecotrans,2026-03-27,,2026-03-27 15:30:35.942376,2026-03-27 11:52:48.899615,6.322059011576372,7.0361428345239885,-0.2768651587363435,-0.35399660909587116,0.0010699782662071675,0.011805760330038452,Delayed,4.0
SHP000379,Delhi,Jaipur,Fastship,2026-02-16,,2026-02-16 14:43:39.620842,2026-02-16 12:06:43.799158,2.4569280316426303,2.3495380027091755,-0.41109377408098946,-0.38738435145716227,-0.03232758886550467,0.2545257846182339,Delivered,1.0
SHP002058,Ahmedabad,Hyderabad,Ecotrans,2026-01-07,,2026-01-08 15:03:13.449847,2026-01-08 19:04:43.443743,-0.44780978465513777,-0.5590249387622594,1.6174509876929377,0.6508111831103008,1.6132398012881923,1.350000480688524,Delivered,5.0
SHP002099,Pune,Ahmedabad,Globalline,2026-06-17,,2026-06-19 06:02:45.343255,2026-06-17 18:18:53.231184,-0.6490297656702942,-0.42881667513737054,1.57792558341863,1.2906527815035653,1.7328925708599399,-2.3754234253671918,In Transit,4.0
SHP002575,Delhi,Delhi,Globalline,2026-05-11,,2026-05-12 07:42:20.190248,2026-05-11 17:56:17.037852,0.9944134368401005,1.382797834791262,0.2297435851131387,0.33720543693995625,0.6170672442352976,-2.3754234253671918,Delivered,3.0
SHP003966,Ahmedabad,Bangalore,Globalline,2026-04-18,,2026-04-19 06:41:22.417143,2026-04-19 01:24:49.029764,-0.3394769447461983,-0.36082533648223236,0.6531333469646962,0.29384221133828403,0.37272463044567405,-0.3821562812133516,Cancelled,3.4301601423487544
SHP003013,Lucknow,Ahmedabad,Ecotrans,2026-05-15,,2026-05-15 16:49:06.338018,2026-05-15 09:28:11.610368,-0.1366112655887248,0.1819643165865693,-0.5768532759783243,-0.29815444965542576,-0.8205544301670815,-0.8781593042041204,Delivered,1.0
SHP003363,Delhi,Delhi,Fastship,2026-04-30,,2026-04-30 12:42:10.119915,2026-04-30 06:22:22.513114,0.9966650869948318,1.685986381452784,-0.5304633479965069,-0.4738020335157817,-0.6996741182585382,-0.6343823203496236,Cancelled,3.0
SHP001452,Chennai,Ahmedabad,Ecotrans,2026-01-21,,2026-01-23 05:04:46.571927,2026-01-23 09:21:55.509809,-0.7494048554478405,-0.7027374769653173,2.6249710629981915,1.2494116378963762,2.55804697458212,1.350000480688524,Delivered,1.0
SHP000167,Delhi,Ahmedabad,Globalline,2026-03-28,,2026-03-28 11:27:06.282726,2026-03-28 11:58:59.538595,0.36446650175671175,-0.0705324411767559,-0.28746766893180264,-0.5271954241070275,-0.5415855417598144,1.00764204924233,Delayed,3.4301601423487544
SHP004823,Mumbai,Jaipur,Globalline,2026-03-07,,2026-03-07 09:20:36.515271,2026-03-07 08:03:53.674403,-0.08935014512906665,-0.2757965187387593,-0.5700889142173069,-0.6171727925657278,-0.5275559537791177,0.5744754113107888,Delivered,5.0
SHP000496,Ahmedabad,Chennai,Fastship,2026-05-03,,2026-05-05 08:26:22.409495,2026-05-04 23:02:45.394715,-0.7417762638523803,-0.7261102752970034,1.5253986041525882,1.392808868462826,1.698188146037903,-1.3675776312035148,Cancelled,4.0
SHP000206,Hyderabad,Jaipur,Fastship,2026-03-17,,2026-03-18 02:44:18.940197,2026-03-17 17:38:52.409756,-0.113800520857823,-0.12077523489908717,0.8998323515197216,0.12522162663527966,0.7812311925467902,-1.2950861606334967,Delivered,2.0
SHP003700,Chennai,Hyderabad,Fastship,2026-05-02,,2026-05-02 17:53:48.067102,2026-05-02 15:51:43.035675,0.11083521129051122,0.47434267741427183,-0.16342215822838088,-0.2521362059941925,-0.18480563445320025,0.3935139891828085,Delivered,3.0
SHP000628,Pune,Mumbai,Globalline,2026-02-20,,2026-02-20 22:50:11.902527,2026-02-20 16:41:35.221364,-0.7908754566350845,-0.7601295330152198,-0.1928834123692511,-0.04130725474690563,-0.17875988487430525,-0.5897816008323231,In Transit,3.0
SHP002424,Hyderabad,Kolkata,Ecotrans,2026-04-18,,2026-04-18 07:16:01.691516,2026-04-18 07:16:22.747969,-0.5438052546058255,-0.48297880683924327,-1.0863207460311988,-0.7057874932399674,-1.1616222522654054,0.8818554483972809,In Transit,3.0
SHP004827,Delhi,Kolkata,Ecotrans,2026-05-04,,2026-05-05 14:10:51.449148,2026-05-05 15:05:42.766295,0.06689648114015662,-0.1453015266007276,1.2119588580006764,0.6135624852638619,1.2653486378754313,1.0992505987694396,Delivered,3.4301601423487544
SHP004249,Kolkata,Chennai,Fastship,2026-05-12,,2026-05-12 14:39:27.553730,2026-05-12 11:57:53.853248,-0.08825901584842247,0.19207359794224751,-0.29067212691289973,-0.39037262949536516,-0.27997882478300173,0.23605340313889825,In Transit,4.0
SHP001739,Mumbai,Jaipur,Ecotrans,2026-04-14,,2026-04-14 17:28:37.371355,2026-04-14 17:09:43.575519,0.13575197146970377,0.051241075380674544,-0.16180630402105506,-0.2700456384839901,-0.39725824999807474,0.8050850283859926,In Transit,4.0
SHP003842,Lucknow,Jaipur,Ecotrans,2026-03-20,,2026-03-20 04:51:25.072507,2026-03-20 03:57:32.172746,1.423662627445942,2.4266598865755857,2.8532077401184326,-0.8086495835817953,2.6325992886146694,0.6655441611213709,Delivered,5.0
SHP002716,Hyderabad,Lucknow,Ecotrans,2026-06-20,,2026-06-20 07:23:45.534453,2026-06-20 04:21:08.059427,0.5188807039697065,0.2755263906946189,-0.9986984186662506,-0.7002885939532587,-0.842649929761875,0.15204222398934197,Delivered,5.0
SHP002813,Chennai,Ahmedabad,Ecotrans,2026-04-07,,2026-04-07 11:33:06.521696,2026-04-07 10:34:12.979227,-0.39304226661812985,-0.461827838885874,-0.5709305140080302,-0.522924759067608,-0.669769072322438,0.6455585169083983,Delivered,3.0
SHP002108,Delhi,Lucknow,Globalline,2026-03-08,,2026-03-08 11:42:54.189257,2026-03-08 13:12:13.637183,-0.5818140309380931,-0.5064566381691202,-0.6817163340168063,-0.515957907844149,-0.5799796133814913,1.2367324828635384,Delivered,4.0
SHP003436,Chennai,Pune,Globalline,2026-01-09,,2026-01-09 10:17:46.507678,2026-01-09 06:22:42.173702,-0.4988045282867711,-0.603508548921504,-0.6001026812517573,-0.5765099274106538,-0.8350856811000815,-0.05714962297575618,Cancelled,4.0
SHP000810,Kolkata,Pune,Fastship,2026-06-23,,2026-06-23 22:07:27.502194,2026-06-23 13:44:24.850250,-0.0715414233213058,0.14434555798769677,-0.2306361495447168,-0.07170844885878888,0.004139981145711677,-1.1259782820480175,Cancelled,4.0
SHP003132,Jaipur,Chennai,Globalline,2026-06-15,,2026-06-15 21:13:21.499454,2026-06-15 17:19:57.019147,0.2878825150122367,-0.026279931587604013,0.11685968402962225,-0.11019010014963447,0.08435566997993514,-0.05051171076670994,Delivered,5.0
SHP000294,Delhi,Delhi,Globalline,2026-06-17,,2026-06-17 02:18:11.606529,2026-06-17 01:44:50.040049,2.5360559070412823,2.355018819370476,-1.3686977098591993,-0.9176389407216569,-1.134541280178681,0.7473987619708893,Cancelled,1.0
SHP002828,Ahmedabad,Lucknow,Fastship,2026-02-15,,2026-02-16 09:33:46.786659,2026-02-15 14:31:59.067055,-0.3257318588262483,-0.32161520888201367,1.3251524828628054,0.4164756323106508,1.0810337460931831,-2.3754234253671918,Delivered,3.4301601423487544
SHP000544,Lucknow,Hyderabad,Fastship,2026-05-12,,2026-05-12 06:26:28.485367,2026-05-12 07:57:24.259357,-0.19950229246419873,-0.34039574160458197,-0.9405110434942799,-0.741035116668822,-1.0555836205567741,1.2431358925997895,Cancelled,1.0
SHP000726,Ahmedabad,Kolkata,Ecotrans,2026-02-17,,2026-02-17 10:11:36.441224,2026-02-17 08:04:15.238503,4.238331176427102,3.4882390417117755,-0.9083182846420718,-0.5808970981473798,-0.6882026085079205,0.3724960605116791,Delivered,3.0
SHP004123,Delhi,Hyderabad,Ecotrans,2026-01-11,,2026-01-11 19:57:06.540230,2026-01-11 14:40:23.018087,-0.41092015454219133,-0.24453236085524985,0.4029839629982251,-0.16442664880414024,0.2835239229743411,-0.38283000381528626,Delivered,5.0
SHP000437,Delhi,Delhi,Ecotrans,2026-02-11,,2026-02-11 13:43:57.311427,2026-02-11 09:42:28.097843,1.3782356091892756,0.8401514950794776,-0.28429535313681825,-0.42985294829531695,-0.33452901204767416,-0.08273503285144294,Delivered,3.0
SHP001816,Mumbai,Delhi,Ecotrans,2026-04-25,,2026-04-25 09:57:57.092456,2026-04-25 08:13:03.808816,-0.45984108100656185,-0.5313979505418192,-1.0258341381885132,-0.5906105506930729,-1.0603451938017534,0.4621008653644317,Delivered,4.0
SHP004013,Pune,Pune,Ecotrans,2026-03-23,,2026-03-24 03:42:56.740198,2026-03-24 00:10:10.473330,-0.6187425192509067,-0.5946191723083827,0.2444547684269145,0.16692545863497585,0.29649280584412646,0.031800258202034505,Cancelled,4.0
SHP002188,Jaipur,Hyderabad,Fastship,2026-04-23,,2026-04-23 10:39:20.942043,2026-04-23 10:39:24.799930,-0.1997954185376893,-0.10566305595411041,-0.9320939384447712,-0.5611642928353856,-0.7119049082146331,0.8807121496845466,Delivered,5.0
SHP002535,Jaipur,Delhi,Fastship,2026-03-07,,2026-03-08 03:21:23.411563,2026-03-07 21:55:36.517557,-0.8088828716745013,-0.7334462745654275,-0.11972959789211252,0.1515929325948478,0.060196982268686104,-0.41895140786164065,Delivered,4.0
SHP004592,Jaipur,Lucknow,Fastship,2026-03-13,,2026-03-13 09:41:30.634302,2026-03-13 06:52:45.342951,-0.48629941661991366,-0.46039380116387535,-0.8032379847910796,-0.6023050998702439,-1.1234043866538115,0.20736279690140502,Delivered,5.0
SHP003054,Chennai,Kolkata,Fastship,2026-04-18,,2026-04-19 01:34:12.584847,2026-04-19 00:05:04.086656,2.194407638418862,2.189233649711264,0.2169747051202851,0.07535490970324625,0.005452828370847711,0.5249067985830335,Cancelled,3.0
SHP003949,Chennai,Ahmedabad,Fastship,2026-03-30,,2026-03-30 13:58:28.578287,2026-03-30 14:38:32.113717,-0.7075393927825878,-0.5626188006764888,-0.5403603376198403,-0.4195240021468614,-0.28810391720128437,1.0402340683078262,Cancelled,4.0
SHP004053,Hyderabad,Lucknow,Ecotrans,2026-03-05,,2026-03-06 21:39:53.587079,2026-03-07 11:43:29.656136,-0.019495104524496928,-0.18904272735533345,0.8801659015314218,0.9329639275623536,0.19030018480464916,1.350000480688524,Delivered,4.0
SHP003553,Chennai,Bangalore,Globalline,2026-02-07,,2026-02-07 08:01:57.022409,2026-02-07 06:23:37.148212,-0.21023974365966833,0.06864944812753739,-1.1498839376502943,-0.6731228003580361,-1.5103391229040815,0.48825330794362015,Delivered,3.0
SHP004655,Pune,Bangalore,Ecotrans,2026-04-26,,2026-04-26 07:45:15.903661,2026-04-26 07:05:41.038966,-0.01869901226680649,0.31859750704370793,-0.9532712344599884,-0.6849911521913636,-0.8939754848633265,0.7225832413818193,Delayed,3.0
SHP004807,Hyderabad,Ahmedabad,Ecotrans,2026-02-26,,2026-02-26 08:03:35.619972,2026-02-26 05:13:42.887744,-0.5158073280107509,-0.5681435062251069,-0.8359768089703229,-0.671953917470375,-0.7415519039011453,0.20287957034287868,Delivered,3.4301601423487544
SHP001212,Hyderabad,Jaipur,Fastship,2026-02-21,,2026-02-21 10:36:30.754693,2026-02-21 06:51:49.033655,0.798171515723968,1.0102664913810893,-0.9204412737277404,-0.5631818790198321,-0.6420578619016881,-0.015760557716067373,In Transit,3.0
SHP004884,Delhi,Jaipur,Globalline,2026-02-07,,2026-02-07 06:04:12.186943,2026-02-07 04:35:44.156423,1.8827294116732707,1.9167060872757293,-1.1893789829817454,-0.7568770533828324,-1.0148767718059026,0.5275969435731246,Delivered,3.4301601423487544
SHP001401,Pune,Lucknow,Ecotrans,2026-05-31,,2026-06-01 14:02:23.976519,2026-06-01 03:06:15.753893,0.34202064750779093,0.2734460478658985,0.49187711662349826,0.6075463521020237,0.8292277893123176,-1.7366019315115684,Delayed,5.0
SHP004636,Bangalore,Ahmedabad,Ecotrans,2026-06-28,,2026-06-28 21:06:59.851786,2026-06-28 15:54:02.788771,-0.5443437091938285,-0.5142174602855656,-0.40705416062669314,-0.11471456720943746,-0.7525634513555175,-0.36777581676682464,Delayed,5.0
SHP002365,Lucknow,Chennai,Fastship,2026-03-05,,2026-03-05 05:54:42.100741,2026-03-05 04:46:57.388789,-0.31624945697413376,-0.27717464122688323,2.380444001725206,-0.7636354760358617,2.404819387039235,0.6102482831274192,Delivered,5.0
SHP001214,Pune,Chennai,Globalline,2026-04-27,,2026-04-27 17:10:36.024706,2026-04-27 16:16:26.142050,0.6686746703731162,0.377038010024498,-0.2846094560991954,-0.28286509922209857,0.031487983882972984,0.6644151994397981,In Transit,2.0
SHP003974,Hyderabad,Bangalore,Globalline,2026-04-30,,2026-05-01 09:12:54.541684,2026-04-30 22:03:33.091404,1.014377637810182,0.8498629121513915,0.588005613573865,0.4016301567156655,0.7477257082740634,-1.7893328484800743,Delivered,3.0
SHP003033,Mumbai,Hyderabad,Globalline,2026-05-09,,2026-05-09 08:07:07.236528,2026-05-09 09:01:08.336426,2.785473331529402,2.6579229354657206,-0.7412235866466044,-0.6694451843726499,-0.9081332647963174,1.350000480688524,Delayed,3.0
SHP004440,Delhi,Pune,Fastship,2026-03-04,,2026-03-04 20:15:26.995102,2026-03-04 18:22:33.552719,-0.3844692981177998,-0.3573274686875286,0.06270979119094439,-0.1513806583798608,0.2303481022015799,0.4301816418210282,Delivered,3.0
SHP004677,Pune,Mumbai,Ecotrans,2026-01-23,,2026-01-23 08:03:09.285869,2026-01-23 06:34:00.845864,0.8675223979623371,0.8526410366571814,-1.064628227843392,-0.6722661106057516,-1.260663889141318,0.5249106665787081,Cancelled,3.0
SHP002998,Lucknow,Hyderabad,Ecotrans,2026-03-03,,2026-03-03 21:38:26.462272,2026-03-03 14:06:03.952110,-0.6547261408185059,-0.6750168617699395,-0.12257555889490672,-0.09234863204158006,0.17598652696083783,-0.923880607980883,Cancelled,3.0
SHP003576,Jaipur,Jaipur,Ecotrans,2026-02-24,,2026-02-24 21:40:22.926242,2026-02-24 10:44:45.895368,-0.3623566047379605,-0.4789662836491573,-0.396722774324925,-0.09096794131837638,-0.3306455254114873,-1.7345284162016568,Delivered,3.0
SHP002283,Mumbai,Lucknow,Ecotrans,2026-06-28,,2026-06-28 06:44:29.260631,2026-06-28 05:01:45.502787,-0.7426317678634722,-0.6387383922519704,-1.0331783595440092,-0.7282224297644934,-1.229208523226562,0.4707112736875834,Delivered,2.0
SHP001881,Hyderabad,Pune,Ecotrans,2026-01-29,,2026-01-29 12:54:11.912953,2026-01-29 12:57:46.511104,-0.3652060254062762,-0.2261184678135277,-0.5965704792275482,-0.4652451128280669,-0.41312385965398274,0.8947214032788561,In Transit,1.0
SHP004041,Bangalore,Chennai,Ecotrans,2026-04-21,,2026-04-21 23:14:40.052346,2026-04-21 18:54:05.250557,-0.23868640208515174,-0.1621303285166794,0.835341517242561,-0.023902208016292236,0.7647105303830124,-0.15888960993071777,Delayed,3.4301601423487544
SHP002180,Pune,Pune,Ecotrans,2026-04-11,,2026-04-11 05:09:37.404607,2026-04-11 06:12:36.298327,-0.3813802535520596,-0.519604194574263,-1.0072233291953598,-0.7956998893461463,-0.7410502516018297,1.1316629329297563,Delivered,3.0
SHP002836,Chennai,Hyderabad,Fastship,2026-06-29,,2026-06-29 13:18:52.479249,2026-06-29 09:55:50.800900,-0.8312761086500263,-0.7235437448744798,-0.8387299326895035,-0.44769286765056393,-1.0008913974248246,0.07066159706318731,Delivered,3.4301601423487544
SHP003787,Mumbai,Ahmedabad,Ecotrans,2026-02-17,,2026-02-18 09:57:10.270575,2026-02-17 21:08:24.893493,-0.5931925290844562,-0.6372008485024344,0.6305407478930074,0.4331140590104851,0.18202759109054006,-2.1857932182322783,Cancelled,4.0
SHP002706,Bangalore,Chennai,Ecotrans,2026-06-26,,2026-06-26 19:42:05.836453,2026-06-26 17:08:35.835559,0.24877515604627531,-0.07539266997302856,-0.31466085415228406,-0.17510457221293418,-0.3110132473477356,0.2682080093026022,Cancelled,4.0
SHP000783,Delhi,Hyderabad,Globalline,2026-02-24,,2026-02-24 08:53:13.413625,2026-02-24 06:32:20.397547,-0.7342443371523637,-0.6689939949747937,-1.0261529765088309,-0.6366519087789452,-1.1503616166878419,0.3185296329596063,Delivered,3.0
SHP003596,Mumbai,Hyderabad,Globalline,2026-06-26,,2026-06-26 13:09:38.860227,2026-06-26 09:52:15.738090,0.24514901221035654,0.36906667306098584,-0.5389185657301726,-0.454256070413102,-0.7143698925331411,0.09316759444504881,Delayed,5.0
SHP003180,Hyderabad,Ahmedabad,Fastship,2026-02-27,,2026-02-27 10:01:46.353525,2026-02-27 09:57:10.528149,2.05962536144221,2.5917896696398435,-0.679116985434851,-0.5878926403233512,-0.7214959248498135,0.8621198138722932,Delivered,3.0
SHP004949,Bangalore,Delhi,Ecotrans,2026-06-04,,2026-06-04 04:32:47.211527,2026-06-04 02:45:36.851043,-0.6555019390070704,-0.6909400085406345,-1.1373696650833554,-0.8219019249525246,-0.9997196162143095,0.45298849057162227,Delayed,5.0
SHP004499,Mumbai,Delhi,Ecotrans,2026-04-22,,2026-04-24 02:20:52.762769,2026-04-24 03:48:57.285024,-0.25346594065387273,-0.37451722235574075,1.2867573054739962,1.132830955381888,1.0846309482422984,1.2317516941626057,In Transit,5.0
SHP000846,Chennai,Kolkata,Globalline,2026-02-07,,2026-02-07 03:21:48.742935,2026-02-07 03:46:59.461820,-0.47894991673463816,-0.4996018992286779,-1.356519185064219,-0.8723864490077142,-1.6153283666134088,0.9808828406178951,Delivered,3.0
SHP001812,Mumbai,Kolkata,Fastship,2026-03-29,,2026-03-29 21:49:29.022422,2026-03-29 17:23:56.117885,-0.23513499876522387,0.0650789729432417,-0.21120622459079577,-0.08449392251708851,-0.3309496010473954,-0.17870640675266986,Delivered,4.0
SHP002454,Chennai,Bangalore,Globalline,2026-01-21,,2026-01-21 03:45:56.309588,2026-01-21 03:22:25.881499,0.010240760673996657,-0.19236071147658668,-1.2542551320825996,-0.8552254175416658,-1.7193114372921732,0.786695512727788,Delivered,3.0
SHP004648,Lucknow,Lucknow,Fastship,2026-04-27,,2026-04-29 17:57:31.093899,2026-04-28 19:03:25.060543,-0.44703535215469337,-0.4282924683020163,2.4752938873648302,1.7990671710624617,2.368362287991575,-2.3754234253671918,In Transit,3.4301601423487544
SHP000058,Chennai,Pune,Fastship,2026-01-16,,2026-01-16 17:05:12.502420,2026-01-16 12:19:59.696277,0.7958921758075349,0.2309994985224023,-0.21632976674038282,-0.2867004847077527,-0.21216959558920975,-0.2571420151221603,Cancelled,3.0
SHP001827,Ahmedabad,Chennai,Ecotrans,2026-03-25,,2026-03-25 22:47:02.970711,2026-03-25 12:52:55.222905,-0.21474500977334035,-0.4248765427953971,0.3579142903196846,-0.04354705823520288,0.33117056373483744,-1.489278167863712,Delayed,5.0
SHP004932,Ahmedabad,Pune,Globalline,2026-02-26,,2026-02-26 16:29:48.417576,2026-02-26 14:49:01.834879,0.002317614875640569,-0.10780246440017785,-0.14362696567727537,-0.3118816995182664,-0.1958010577846816,0.47850065535635394,Delayed,3.4301601423487544
SHP005000,Hyderabad,Mumbai,Fastship,2026-06-07,,2026-06-07 06:40:54.374828,2026-06-07 06:31:53.079973,0.1819188097359059,0.03712929775465158,-1.0097119479025474,-0.7307699200765679,-0.8124583728544404,0.8444723592175899,Delivered,3.4301601423487544
SHP002653,Jaipur,Jaipur,Fastship,2026-05-23,,2026-05-23 10:08:21.775181,2026-05-23 08:18:14.988455,-0.12225430085010336,-0.3761515199463978,-0.9063788520652631,-0.5832048814041421,-0.6664472133487891,0.441260309549371,Delivered,4.0
SHP000892,Jaipur,Mumbai,Globalline,2026-04-11,,2026-04-11 12:36:07.137430,2026-04-11 08:21:50.438978,-0.03691967844227975,-0.20785903332778227,-0.5781387580752124,-0.4781052231649143,-0.6449082314561233,-0.1337546621407329,In Transit,5.0
SHP000620,Mumbai,Hyderabad,Ecotrans,2026-04-27,,2026-04-28 05:27:49.161284,2026-04-28 07:51:55.797479,-0.31450333452453005,-0.38465115674851763,0.14419515764732577,0.2415226704598592,-0.011171466601464375,1.350000480688524,Delivered,3.0
SHP003519,Delhi,Lucknow,Fastship,2026-01-08,,2026-01-10 09:07:55.170561,2026-01-10 08:28:19.232721,-0.3936606262608535,-0.5421766576368223,2.0278418946051344,1.4223607726912795,2.178685647459013,0.7225119025680439,Delayed,3.0
SHP003474,Lucknow,Mumbai,Fastship,2026-03-26,,2026-03-26 19:47:29.067745,2026-03-26 14:16:47.219130,-0.23919716431679958,-0.3514952895558072,0.2176382782942306,-0.1712726364887676,0.27960207637688667,-0.4385589277435147,Delivered,4.0
SHP001749,Mumbai,Kolkata,Ecotrans,2026-01-09,,2026-01-09 07:38:59.343964,2026-01-09 07:38:22.286609,-0.3071635753691091,-0.27715016302568957,-0.7883939276449826,-0.6894553008973172,-0.8201844074096925,0.877992251786675,Delivered,2.0
SHP002141,Jaipur,Jaipur,Globalline,2026-02-03,,2026-02-03 11:04:41.630063,2026-02-03 08:40:05.320600,-0.6798322496210752,-0.7153313702895588,-0.45103870881213953,-0.5431364010628417,-0.39355743573483287,0.3036858931017273,Delivered,5.0
SHP004367,Jaipur,Chennai,Globalline,2026-03-01,,2026-03-01 15:39:35.458836,2026-03-01 17:53:15.271993,2.4047567445010145,2.1521607908983107,-0.6797558534566269,-0.3476005934498525,-0.8071555050042295,1.350000480688524,In Transit,3.4301601423487544
SHP002254,Pune,Jaipur,Ecotrans,2026-01-11,,2026-01-11 15:48:32.093818,2026-01-11 08:58:20.341185,0.17348479810647255,0.18046396830064337,-0.6737990311516726,-0.3412387380026072,-0.5127463670198262,-0.7556449640819605,Cancelled,4.0
SHP000349,Delhi,Delhi,Fastship,2026-06-05,,2026-06-05 10:49:59.865333,2026-06-05 07:02:41.966818,-0.46683494159887595,-0.1794277849376803,-0.3912809260874212,-0.5535898003868116,-0.4390635563006434,-0.02614267378389408,Delivered,3.0
SHP004803,Jaipur,Pune,Ecotrans,2026-02-26,,2026-02-26 12:30:26.875351,2026-02-26 12:03:41.537603,-0.7912625993351259,-0.7402640009728251,-0.7703410427247613,-0.4821390603836048,-0.9133647486331682,0.7737386207267827,Delivered,5.0
SHP004533,Chennai,Bangalore,Ecotrans,2026-01-16,,2026-01-16 03:21:29.143016,2026-01-16 01:53:39.145703,2.369554788863778,1.2173015218309498,-1.2680084045607132,-0.872618807786547,-1.1388177179492083,0.5301252541662435,Delivered,4.0
SHP004184,Kolkata,Chennai,Fastship,2026-03-28,,2026-03-28 21:16:52.692077,2026-03-28 18:40:27.718495,2.5330536849780847,1.4216622107888643,0.3330015653651423,-0.10768639281910419,0.8531990160657967,0.25657645531408674,Cancelled,3.4301601423487544
SHP003802,Bangalore,Ahmedabad,Ecotrans,2026-05-07,,2026-05-07 08:15:57.023768,2026-05-07 07:07:22.852629,-0.6664576786520203,-0.5809458283581099,-0.8940878504614994,-0.663164509505313,-0.8101873480234643,0.6069604145440746,Delayed,3.0
SHP003809,Kolkata,Ahmedabad,Fastship,2026-06-14,,2026-06-14 21:39:25.435647,2026-06-14 20:32:24.140412,-0.4311044340765886,-0.17801365979162376,0.37418715126183666,-0.09164949743700603,0.4794492810241574,0.6131344700721474,In Transit,5.0
SHP004020,Lucknow,Ahmedabad,Ecotrans,2026-06-02,,2026-06-04 02:22:23.503148,2026-06-03 04:06:55.955249,-0.222469547844218,-0.30241149446110166,1.6652606117776283,1.1339066906427935,1.5446814263555626,-2.3754234253671918,Cancelled,1.0
SHP002264,Ahmedabad,Mumbai,Ecotrans,2026-06-30,,2026-06-30 21:45:47.306484,2026-06-30 21:15:46.772809,-0.7272812406570901,-0.6557052303419683,-0.08402559458164235,-0.08712238468635043,-0.25106917313402977,0.7607626986603696,Delivered,5.0
SHP003856,Chennai,Hyderabad,Ecotrans,2026-04-10,,2026-04-10 15:59:55.290140,2026-04-10 04:45:54.242549,-0.14607107048478957,-0.27692529619870293,-0.10271721107261782,-0.3331393848154867,-0.021596473523569734,-1.8079194705129966,Cancelled,5.0
SHP000039,Delhi,Jaipur,Ecotrans,2026-01-31,,2026-01-31 11:16:20.091015,2026-01-31 11:01:57.406690,0.6637331226063378,0.31342590994678954,-0.9454721382523295,-0.5348560843289764,-1.1631730658020374,0.8231075450035833,Cancelled,2.0
SHP001195,Delhi,Delhi,Fastship,2026-04-26,,2026-04-26 20:20:28.189471,2026-04-26 15:26:00.702580,0.19533626845077282,0.11650387901496044,-0.26403288760868054,-0.14780997233593504,-0.39433401736002627,-0.29401519310495555,Delayed,3.0
SHP003817,Bangalore,Chennai,Ecotrans,2026-05-06,,2026-05-06 10:02:03.286593,2026-05-06 07:15:03.403491,-0.5305206610587647,-0.49177897080419486,-0.9702922683809317,-0.5876918972964659,-1.0970348914393493,0.21436995757940963,Delivered,3.0
SHP004654,Pune,Pune,Ecotrans,2026-01-15,,2026-01-16 01:06:25.310438,2026-01-15 15:15:45.513490,-0.49645291107227707,-0.5432297719834825,0.2940129385946627,0.05558922324217418,0.5669446004043885,-1.4754543439319157,Cancelled,5.0
SHP004849,Pune,Pune,Ecotrans,2026-03-29,,2026-03-30 03:27:26.428090,2026-03-29 23:39:29.132126,0.7684647216578645,0.8410317824215033,0.7112242075368972,0.15589652582470315,0.8980022543468448,-0.02876167427072018,Cancelled,5.0
SHP003570,Delhi,Delhi,Fastship,2026-06-13,,2026-06-13 18:55:22.085740,2026-06-13 20:25:54.681873,-0.3838747379590856,-0.38160163703293154,-0.4863082580607469,-0.2083432863715764,-0.37751761396358274,1.2415951121607667,Delivered,3.0
SHP002970,Chennai,Lucknow,Ecotrans,2026-04-07,,2026-04-08 00:29:04.021547,2026-04-07 17:49:22.397923,0.25847536589505404,0.03730110636035356,-0.13781196860830427,0.02901854403234794,-0.0025602331284993026,-0.713756257497575,Delivered,3.0
SHP003071,Ahmedabad,Lucknow,Globalline,2026-05-15,,2026-05-15 20:14:48.914915,2026-05-15 14:03:46.122963,-0.19942510258966084,-0.37000558693455926,-0.36030828417133415,-0.15183210239026082,-0.4101801095204048,-2.3754234253671918,Delivered,4.0
SHP000915,Kolkata,Jaipur,Fastship,2026-05-29,,2026-05-30 18:34:10.690530,2026-05-30 11:34:39.494468,0.06615626362833825,-0.22851177697692132,1.1836893454672979,0.8008638975613801,1.1580548808586604,-0.7928347479408772,Delayed,4.0
SHP003716,Mumbai,Bangalore,Fastship,2026-04-26,,2026-04-26 08:46:26.503360,2026-04-26 07:55:58.950341,3.1472021568658666,1.970847456594919,-1.0771648368252584,-0.6414758661720048,-0.9989750472414962,0.6791948728023777,Delivered,5.0
SHP001333,Hyderabad,Hyderabad,Fastship,2026-04-06,,2026-04-06 06:17:30.474857,2026-04-06 06:30:24.810558,-0.20157888374404243,-0.3505888486205096,-1.183256773044368,-0.7474132791399758,-1.057308093299008,0.9319307392423314,Delivered,1.0
SHP001206,Delhi,Bangalore,Ecotrans,2026-03-17,,2026-03-17 16:22:01.187731,2026-03-17 12:31:53.094502,-0.7980385226209651,-0.7481995327842348,-0.7130739997121792,-0.3174207509023301,-0.858836238776459,-0.03745660527273831,Delivered,5.0
SHP002862,Kolkata,Lucknow,Fastship,2026-03-26,,2026-03-26 05:15:24.245743,2026-03-26 04:21:55.425379,0.26968256297764115,0.8070858001927509,-1.097315376977079,-0.791588056821257,-1.2494491920011939,0.667144872691947,Delivered,3.0
SHP002936,Ahmedabad,Kolkata,Fastship,2026-03-24,,2026-03-25 00:27:30.350227,2026-03-24 16:35:41.209617,-0.8158787042743226,-0.7989824037729404,-0.1941148433478572,0.027908062193653303,-0.2599176369763074,-1.0014339975736515,Delivered,3.0
SHP000794,Mumbai,Lucknow,Fastship,2026-04-26,,2026-04-26 14:06:16.874054,2026-04-26 11:49:48.316184,-0.3563353053720658,-0.2557435051235237,-0.6562212216536557,-0.41397231416600394,-0.8027924364950637,0.3361098619611637,Delivered,5.0
SHP001866,Lucknow,Hyderabad,Ecotrans,2026-06-23,,2026-06-24 13:18:16.443176,2026-06-24 03:54:56.567152,-0.559091710302921,-0.547393518237988,1.373700294223924,0.5761596087561042,1.3349317037414579,-1.366438308444125,Delayed,4.0
SHP004981,Chennai,Bangalore,Fastship,2026-06-27,,2026-06-27 18:58:17.276744,2026-06-27 12:00:07.690741,-0.7635770663743305,-0.7512103651960745,-0.06656736962816753,-0.20626638144056764,-0.11058873459764994,-0.7874096052050897,In Transit,3.0
SHP003736,Mumbai,Lucknow,Ecotrans,2026-05-06,,2026-05-06 12:23:31.938751,2026-05-06 06:33:44.901245,-0.6486492782301313,-0.6398077347551271,-0.8746056793216214,-0.48705817069808915,-1.0088369882907504,-0.5146869598665316,In Transit,3.0
SHP000524,Ahmedabad,Hyderabad,Globalline,2026-03-02,,2026-03-02 12:05:15.567792,2026-03-02 10:59:42.388437,2.3414855907548295,1.1363074670198552,-0.7006742435181154,-0.500055745963014,-0.8643562380847378,0.6189920963518875,In Transit,3.4301601423487544
SHP004567,Delhi,Chennai,Ecotrans,2026-03-12,,2026-03-13 00:18:24.860821,2026-03-13 01:28:00.517949,-0.6900740663099608,-0.7050282149683873,-0.26665298161249235,0.021441236751018732,-0.09111547224427234,1.1580383350200492,Cancelled,3.0
SHP004187,Mumbai,Jaipur,Fastship,2026-03-20,,2026-03-20 14:53:56.327825,2026-03-20 15:13:59.018163,-0.3121231330646691,-0.36709645552946935,-0.7601591875827849,-0.38007323529391485,-0.8018706667468765,0.960406212434447,Delivered,5.0
SHP001541,Lucknow,Hyderabad,Fastship,2026-05-25,,2026-05-25 17:46:57.097047,2026-05-25 14:03:29.201142,-0.5245086333658139,-0.46387648856370106,-0.13610841075628818,-0.2570082925608891,-0.04628116460772708,-0.010852928816871112,Delayed,3.4301601423487544
SHP004080,Lucknow,Kolkata,Ecotrans,2026-01-04,,2026-01-05 05:36:32.256882,2026-01-05 07:24:48.587434,-0.7222719298683509,-0.5779526228407524,0.26095655565004555,0.24772401532257138,0.21335764087914313,1.31230834441128,Cancelled,3.0
SHP001082,Lucknow,Jaipur,Ecotrans,2026-01-16,,2026-01-16 21:30:42.661924,2026-01-16 15:48:11.433683,-0.3479364188042234,-0.3763640424423043,-0.021808861568546764,-0.09784702643949426,-0.09061896851488417,-0.48571592985902123,Delivered,3.0
SHP002661,Kolkata,Bangalore,Fastship,2026-01-02,,2026-01-03 02:12:29.037908,2026-01-02 22:37:52.159958,-0.3516402955349533,-0.24090338240659231,0.3210223380414599,0.10257956506503588,0.5098986581794018,0.02444723192852204,Delivered,2.0
SHP002775,Delhi,Pune,Ecotrans,2026-02-26,,2026-02-26 19:10:55.570588,2026-02-26 13:30:17.584799,1.3680685856699935,1.7812935091494821,-0.1727320637148903,-0.19727674044549293,-0.15409009083657152,-0.4781879795869772,Cancelled,5.0
SHP001960,Lucknow,Bangalore,Globalline,2026-06-04,,2026-06-04 06:36:13.128748,2026-06-04 04:26:00.814355,-0.6508340444375336,-0.5338963665648372,-1.1930118075631249,-0.7341041173771393,-1.284763399499507,0.36112117295818197,Delivered,3.0
SHP000147,Lucknow,Jaipur,Fastship,2026-05-16,,2026-05-16 12:00:46.057921,2026-05-16 12:07:09.166483,0.7493754743472866,0.26164424440803347,-0.921053718199314,-0.5032508094671021,-0.8876679771357805,0.9059233683716792,Delivered,3.0
SHP003646,Chennai,Lucknow,Fastship,2026-03-11,,2026-03-12 05:00:12.961729,2026-03-11 12:53:13.483824,0.24693921864371315,0.12271810572733477,0.22648625026095184,0.22188827738400727,0.04809041650046574,-2.3754234253671918,Cancelled,3.4301601423487544
SHP001496,Lucknow,Chennai,Ecotrans,2026-01-05,,2026-01-05 18:59:45.196136,2026-01-05 16:22:21.312198,0.13513589524240088,0.21957192430655484,0.47035210551232365,-0.20522408922528876,0.3861731666854053,0.25266030706187126,Delivered,3.0
SHP001077,Pune,Bangalore,Ecotrans,2026-02-21,,2026-02-21 05:32:52.850755,2026-02-21 05:20:11.891116,-0.4364430374970554,-0.43434351473958843,-1.0107944022158488,-0.7791567511005315,-1.0811496932510773,0.8298698356827651,In Transit,5.0
SHP003153,Hyderabad,Mumbai,Globalline,2026-05-27,,2026-05-27 20:48:32.861817,2026-05-28 00:58:05.296446,0.41503731585511455,-0.01420949377841574,-0.44069640348368366,-0.1278380317892537,-0.3840334727526098,1.350000480688524,Delivered,3.0
SHP000776,Chennai,Lucknow,Globalline,2026-06-04,,2026-06-04 09:31:01.902636,2026-06-04 07:19:35.975236,0.09877277889996543,-0.22991814909923147,-0.8387155546487916,-0.6097587697197372,-0.668484862752629,0.3562276454313176,In Transit,3.4301601423487544
SHP002825,Lucknow,Lucknow,Fastship,2026-02-12,,2026-02-13 07:07:32.973963,2026-02-13 04:45:14.064370,0.10040801496035442,0.24971904488575158,1.7371023437052997,0.31246130216840673,1.7667770604334505,0.3128197414993697,Delivered,2.0
SHP002436,Pune,Ahmedabad,Ecotrans,2026-03-30,,2026-03-31 11:19:10.694518,2026-03-31 01:42:36.139766,-0.7476641026435504,-0.617930706641307,0.6125281445114702,0.49144612263526233,0.007871172073628108,-1.4192656875849008,Delivered,3.4301601423487544
SHP001529,Ahmedabad,Kolkata,Ecotrans,2026-06-10,,2026-06-11 12:39:53.889878,2026-06-11 06:41:49.359140,-0.8031830386206773,-0.7438031300390724,0.7535613426929977,0.5488626345456803,0.4794088654537199,-0.5477585177940694,Delayed,3.0
SHP004118,Chennai,Kolkata,Fastship,2026-02-08,,2026-02-08 21:14:01.220067,2026-02-08 18:33:52.843151,2.627208088502254,1.3378724724140176,0.14941112378788549,-0.10971920875369663,0.4582481368732427,0.24172540644276072,Delivered,4.0
